product_id,product,category,outcome,problem_space,signal_id,signal_type,signal_volume,signal_growth,signal_acceleration,first_seen,peak_time,purchase_growth,usage_growth,replacement_growth,repeat_purchase_growth,lead_time_to_purchase_signal_years,correlation_same_year_to_outcome,correlation_lead1_to_outcome,data_window,data_quality_note
hardware_nas,NAS,Hardware,Success/Niche,network attached storage,01,Problem Recognition,87,4.0,9,2019,2025,2.9,1.404,2.25,2.5,0,0.694,-0.04,2018-2026,HN public discussion proxy; not direct sales data
hardware_nas,NAS,Hardware,Success/Niche,network attached storage,02,Search,75,2.182,12,2018,2025,2.9,1.404,2.25,2.5,1,0.806,-0.182,2018-2026,HN public discussion proxy; not direct sales data
hardware_nas,NAS,Hardware,Success/Niche,network attached storage,03,Recommendation Seeking,91,1.571,16,2018,2021,2.9,1.404,2.25,2.5,1,0.866,-0.126,2018-2026,HN public discussion proxy; not direct sales data
hardware_nas,NAS,Hardware,Success/Niche,network attached storage,04,Solution Discovery,72,1.083,7,2018,2021,2.9,1.404,2.25,2.5,1,0.804,0.158,2018-2026,HN public discussion proxy; not direct sales data
hardware_nas,NAS,Hardware,Success/Niche,network attached storage,05,Comparison,33,2.8,8,2019,2025,2.9,1.404,2.25,2.5,0,0.702,-0.564,2018-2026,HN public discussion proxy; not direct sales data
hardware_nas,NAS,Hardware,Success/Niche,network attached storage,06,Alternative Seeking,61,2.7,18,2019,2025,2.9,1.404,2.25,2.5,0,0.657,-0.628,2018-2026,HN public discussion proxy; not direct sales data
hardware_nas,NAS,Hardware,Success/Niche,network attached storage,07,Vendor / Provider Search,53,4.8,16,2020,2025,2.9,1.404,2.25,2.5,-1,0.722,-0.342,2018-2026,HN public discussion proxy; not direct sales data
hardware_nas,NAS,Hardware,Success/Niche,network attached storage,08,Pricing / Quote,18,1.167,3,2018,2022,2.9,1.404,2.25,2.5,1,0.174,-0.375,2018-2026,HN public discussion proxy; not direct sales data
hardware_nas,NAS,Hardware,Success/Niche,network attached storage,09,Purchase Intent,17,4.0,4,2020,2025,2.9,1.404,2.25,2.5,-1,0.491,-0.026,2018-2026,HN public discussion proxy; not direct sales data
hardware_nas,NAS,Hardware,Success/Niche,network attached storage,10,Purchase,91,2.9,12,2019,2025,2.9,1.404,2.25,2.5,0,0.894,-0.304,2018-2026,HN public discussion proxy; not direct sales data
hardware_nas,NAS,Hardware,Success/Niche,network attached storage,11,Trial,9,0.667,2,2021,2023,2.9,1.404,2.25,2.5,-2,0.2,-0.138,2018-2026,HN public discussion proxy; not direct sales data
hardware_nas,NAS,Hardware,Success/Niche,network attached storage,12,Installation / Onboarding,151,1.667,18,2018,2025,2.9,1.404,2.25,2.5,1,0.919,-0.285,2018-2026,HN public discussion proxy; not direct sales data
hardware_nas,NAS,Hardware,Success/Niche,network attached storage,13,Usage,355,1.404,26,2018,2021,2.9,1.404,2.25,2.5,1,0.976,0.044,2018-2026,HN public discussion proxy; not direct sales data
hardware_nas,NAS,Hardware,Success/Niche,network attached storage,14,Failure / Friction,46,3.2,5,2019,2021,2.9,1.404,2.25,2.5,0,0.735,-0.005,2018-2026,HN public discussion proxy; not direct sales data
hardware_nas,NAS,Hardware,Success/Niche,network attached storage,15,Support,243,2.345,27,2018,2025,2.9,1.404,2.25,2.5,1,0.868,-0.219,2018-2026,HN public discussion proxy; not direct sales data
hardware_nas,NAS,Hardware,Success/Niche,network attached storage,16,Dissatisfaction,3,2.0,2,2025,2025,2.9,1.404,2.25,2.5,-6,0.43,-0.726,2018-2026,HN public discussion proxy; not direct sales data
hardware_nas,NAS,Hardware,Success/Niche,network attached storage,17,Replacement,31,2.25,7,2019,2023,2.9,1.404,2.25,2.5,0,0.776,-0.29,2018-2026,HN public discussion proxy; not direct sales data
hardware_nas,NAS,Hardware,Success/Niche,network attached storage,18,Switching,7,2.0,3,2021,2021,2.9,1.404,2.25,2.5,-2,0.756,-0.272,2018-2026,HN public discussion proxy; not direct sales data
hardware_nas,NAS,Hardware,Success/Niche,network attached storage,19,Upgrade,89,2.727,17,2018,2025,2.9,1.404,2.25,2.5,1,0.718,-0.563,2018-2026,HN public discussion proxy; not direct sales data
hardware_nas,NAS,Hardware,Success/Niche,network attached storage,20,Repeat Purchase,10,2.5,3,2021,2021,2.9,1.404,2.25,2.5,-2,0.722,-0.519,2018-2026,HN public discussion proxy; not direct sales data
hardware_router,Router,Hardware,Success/Commodity,home and business networking,01,Problem Recognition,10221,1.071,155,2018,2022,0.928,1.255,1.201,1.061,0,0.912,0.608,2018-2026,HN public discussion proxy; not direct sales data
hardware_router,Router,Hardware,Success/Commodity,home and business networking,02,Search,4339,1.136,76,2018,2023,0.928,1.255,1.201,1.061,0,0.974,0.464,2018-2026,HN public discussion proxy; not direct sales data
hardware_router,Router,Hardware,Success/Commodity,home and business networking,03,Recommendation Seeking,3129,0.995,143,2018,2021,0.928,1.255,1.201,1.061,0,0.768,0.672,2018-2026,HN public discussion proxy; not direct sales data
hardware_router,Router,Hardware,Success/Commodity,home and business networking,04,Solution Discovery,5933,1.145,92,2018,2022,0.928,1.255,1.201,1.061,0,0.984,0.598,2018-2026,HN public discussion proxy; not direct sales data
hardware_router,Router,Hardware,Success/Commodity,home and business networking,05,Comparison,2954,1.678,78,2018,2025,0.928,1.255,1.201,1.061,0,0.716,0.491,2018-2026,HN public discussion proxy; not direct sales data
hardware_router,Router,Hardware,Success/Commodity,home and business networking,06,Alternative Seeking,3386,1.104,78,2018,2022,0.928,1.255,1.201,1.061,0,0.949,0.66,2018-2026,HN public discussion proxy; not direct sales data
hardware_router,Router,Hardware,Success/Commodity,home and business networking,07,Vendor / Provider Search,1780,1.117,58,2018,2023,0.928,1.255,1.201,1.061,0,0.723,0.105,2018-2026,HN public discussion proxy; not direct sales data
hardware_router,Router,Hardware,Success/Commodity,home and business networking,08,Pricing / Quote,1337,1.97,66,2018,2025,0.928,1.255,1.201,1.061,0,0.63,0.278,2018-2026,HN public discussion proxy; not direct sales data
hardware_router,Router,Hardware,Success/Commodity,home and business networking,09,Purchase Intent,688,0.971,18,2018,2022,0.928,1.255,1.201,1.061,0,0.774,0.688,2018-2026,HN public discussion proxy; not direct sales data
hardware_router,Router,Hardware,Success/Commodity,home and business networking,10,Purchase,2028,0.928,49,2018,2022,0.928,1.255,1.201,1.061,0,0.832,0.684,2018-2026,HN public discussion proxy; not direct sales data
hardware_router,Router,Hardware,Success/Commodity,home and business networking,11,Trial,1767,1.264,74,2018,2023,0.928,1.255,1.201,1.061,0,0.856,0.583,2018-2026,HN public discussion proxy; not direct sales data
hardware_router,Router,Hardware,Success/Commodity,home and business networking,12,Installation / Onboarding,4571,1.358,80,2018,2023,0.928,1.255,1.201,1.061,0,0.953,0.397,2018-2026,HN public discussion proxy; not direct sales data
hardware_router,Router,Hardware,Success/Commodity,home and business networking,13,Usage,16606,1.255,266,2018,2023,0.928,1.255,1.201,1.061,0,0.992,0.428,2018-2026,HN public discussion proxy; not direct sales data
hardware_router,Router,Hardware,Success/Commodity,home and business networking,14,Failure / Friction,4084,1.298,138,2018,2021,0.928,1.255,1.201,1.061,0,0.907,0.66,2018-2026,HN public discussion proxy; not direct sales data
hardware_router,Router,Hardware,Success/Commodity,home and business networking,15,Support,10265,1.256,243,2018,2023,0.928,1.255,1.201,1.061,0,0.966,0.553,2018-2026,HN public discussion proxy; not direct sales data
hardware_router,Router,Hardware,Success/Commodity,home and business networking,16,Dissatisfaction,283,1.246,32,2018,2025,0.928,1.255,1.201,1.061,0,0.292,-0.648,2018-2026,HN public discussion proxy; not direct sales data
hardware_router,Router,Hardware,Success/Commodity,home and business networking,17,Replacement,839,1.201,14,2018,2022,0.928,1.255,1.201,1.061,0,0.916,0.715,2018-2026,HN public discussion proxy; not direct sales data
hardware_router,Router,Hardware,Success/Commodity,home and business networking,18,Switching,532,1.418,28,2018,2024,0.928,1.255,1.201,1.061,0,0.311,0.545,2018-2026,HN public discussion proxy; not direct sales data
hardware_router,Router,Hardware,Success/Commodity,home and business networking,19,Upgrade,2186,1.174,62,2018,2023,0.928,1.255,1.201,1.061,0,0.935,0.642,2018-2026,HN public discussion proxy; not direct sales data
hardware_router,Router,Hardware,Success/Commodity,home and business networking,20,Repeat Purchase,521,1.061,20,2018,2021,0.928,1.255,1.201,1.061,0,0.734,0.667,2018-2026,HN public discussion proxy; not direct sales data
hardware_smart_home_hub,Smart Home Hub,Hardware,Mixed/Stagnant,smart home automation,01,Problem Recognition,33,0.625,4,2018,2023,3.667,1.3,1.0,0.667,3,0.625,0.454,2018-2026,HN public discussion proxy; not direct sales data
hardware_smart_home_hub,Smart Home Hub,Hardware,Mixed/Stagnant,smart home automation,02,Search,19,0.625,3,2018,2021,3.667,1.3,1.0,0.667,3,-0.494,0.297,2018-2026,HN public discussion proxy; not direct sales data
hardware_smart_home_hub,Smart Home Hub,Hardware,Mixed/Stagnant,smart home automation,03,Recommendation Seeking,13,3.0,1,2022,2023,3.667,1.3,1.0,0.667,-1,0.771,0.258,2018-2026,HN public discussion proxy; not direct sales data
hardware_smart_home_hub,Smart Home Hub,Hardware,Mixed/Stagnant,smart home automation,04,Solution Discovery,20,1.0,3,2020,2021,3.667,1.3,1.0,0.667,1,0.372,0.747,2018-2026,HN public discussion proxy; not direct sales data
hardware_smart_home_hub,Smart Home Hub,Hardware,Mixed/Stagnant,smart home automation,05,Comparison,8,1.0,2,2021,2022,3.667,1.3,1.0,0.667,0,0.41,0.661,2018-2026,HN public discussion proxy; not direct sales data
hardware_smart_home_hub,Smart Home Hub,Hardware,Mixed/Stagnant,smart home automation,06,Alternative Seeking,15,1.0,5,2019,2024,3.667,1.3,1.0,0.667,2,0.386,-0.044,2018-2026,HN public discussion proxy; not direct sales data
hardware_smart_home_hub,Smart Home Hub,Hardware,Mixed/Stagnant,smart home automation,07,Vendor / Provider Search,23,2.333,2,2021,2023,3.667,1.3,1.0,0.667,0,0.778,0.536,2018-2026,HN public discussion proxy; not direct sales data
hardware_smart_home_hub,Smart Home Hub,Hardware,Mixed/Stagnant,smart home automation,08,Pricing / Quote,1,1.5,1,,2026,3.667,1.3,1.0,0.667,,-0.242,,2018-2026,HN public discussion proxy; not direct sales data
hardware_smart_home_hub,Smart Home Hub,Hardware,Mixed/Stagnant,smart home automation,09,Purchase Intent,6,1.0,2,2018,2018,3.667,1.3,1.0,0.667,3,-0.369,-0.136,2018-2026,HN public discussion proxy; not direct sales data
hardware_smart_home_hub,Smart Home Hub,Hardware,Mixed/Stagnant,smart home automation,10,Purchase,20,3.667,5,2021,2025,3.667,1.3,1.0,0.667,0,0.567,0.148,2018-2026,HN public discussion proxy; not direct sales data
hardware_smart_home_hub,Smart Home Hub,Hardware,Mixed/Stagnant,smart home automation,11,Trial,1,1.0,1,,2020,3.667,1.3,1.0,0.667,,-0.172,-0.363,2018-2026,HN public discussion proxy; not direct sales data
hardware_smart_home_hub,Smart Home Hub,Hardware,Mixed/Stagnant,smart home automation,12,Installation / Onboarding,35,1.5,3,2019,2024,3.667,1.3,1.0,0.667,2,0.482,0.525,2018-2026,HN public discussion proxy; not direct sales data
hardware_smart_home_hub,Smart Home Hub,Hardware,Mixed/Stagnant,smart home automation,13,Usage,64,1.3,10,2018,2022,3.667,1.3,1.0,0.667,3,0.959,0.275,2018-2026,HN public discussion proxy; not direct sales data
hardware_smart_home_hub,Smart Home Hub,Hardware,Mixed/Stagnant,smart home automation,14,Failure / Friction,23,1.167,3,2018,2023,3.667,1.3,1.0,0.667,3,-0.003,0.301,2018-2026,HN public discussion proxy; not direct sales data
hardware_smart_home_hub,Smart Home Hub,Hardware,Mixed/Stagnant,smart home automation,15,Support,64,1.444,4,2018,2022,3.667,1.3,1.0,0.667,3,0.69,0.761,2018-2026,HN public discussion proxy; not direct sales data
hardware_smart_home_hub,Smart Home Hub,Hardware,Mixed/Stagnant,smart home automation,16,Dissatisfaction,2,1.0,1,,2022,3.667,1.3,1.0,0.667,,0.696,0.396,2018-2026,HN public discussion proxy; not direct sales data
hardware_smart_home_hub,Smart Home Hub,Hardware,Mixed/Stagnant,smart home automation,17,Replacement,4,1.0,2,2023,2023,3.667,1.3,1.0,0.667,-2,0.297,0.175,2018-2026,HN public discussion proxy; not direct sales data
hardware_smart_home_hub,Smart Home Hub,Hardware,Mixed/Stagnant,smart home automation,18,Switching,1,1.0,1,,2024,3.667,1.3,1.0,0.667,,0.32,0.135,2018-2026,HN public discussion proxy; not direct sales data
hardware_smart_home_hub,Smart Home Hub,Hardware,Mixed/Stagnant,smart home automation,19,Upgrade,8,2.5,2,2022,2022,3.667,1.3,1.0,0.667,-1,0.612,0.073,2018-2026,HN public discussion proxy; not direct sales data
hardware_smart_home_hub,Smart Home Hub,Hardware,Mixed/Stagnant,smart home automation,20,Repeat Purchase,6,0.667,1,2022,2022,3.667,1.3,1.0,0.667,-1,0.342,0.28,2018-2026,HN public discussion proxy; not direct sales data
hardware_rabbit_r1,Rabbit R1,Hardware,Failed/Weak adoption,AI hardware assistant,01,Problem Recognition,7,1.5,6,2024,2024,1.0,3.0,5.5,1.0,0,0.828,-0.092,2018-2026,HN public discussion proxy; not direct sales data
hardware_rabbit_r1,Rabbit R1,Hardware,Failed/Weak adoption,AI hardware assistant,02,Search,4,2.0,2,2024,2024,1.0,3.0,5.5,1.0,0,0.5,0.367,2018-2026,HN public discussion proxy; not direct sales data
hardware_rabbit_r1,Rabbit R1,Hardware,Failed/Weak adoption,AI hardware assistant,03,Recommendation Seeking,3,1.0,3,2024,2024,1.0,3.0,5.5,1.0,0,0.725,-0.092,2018-2026,HN public discussion proxy; not direct sales data
hardware_rabbit_r1,Rabbit R1,Hardware,Failed/Weak adoption,AI hardware assistant,04,Solution Discovery,12,2.5,9,2024,2024,1.0,3.0,5.5,1.0,0,0.694,0.098,2018-2026,HN public discussion proxy; not direct sales data
hardware_rabbit_r1,Rabbit R1,Hardware,Failed/Weak adoption,AI hardware assistant,05,Comparison,9,2.0,7,2024,2024,1.0,3.0,5.5,1.0,0,0.703,0.071,2018-2026,HN public discussion proxy; not direct sales data
hardware_rabbit_r1,Rabbit R1,Hardware,Failed/Weak adoption,AI hardware assistant,06,Alternative Seeking,1,1.5,1,,2025,1.0,3.0,5.5,1.0,,-0.064,0.572,2018-2026,HN public discussion proxy; not direct sales data
hardware_rabbit_r1,Rabbit R1,Hardware,Failed/Weak adoption,AI hardware assistant,07,Vendor / Provider Search,3,1.5,2,2024,2024,1.0,3.0,5.5,1.0,0,0.653,0.184,2018-2026,HN public discussion proxy; not direct sales data
hardware_rabbit_r1,Rabbit R1,Hardware,Failed/Weak adoption,AI hardware assistant,08,Pricing / Quote,2,1.5,1,,2024,1.0,3.0,5.5,1.0,,0.5,0.367,2018-2026,HN public discussion proxy; not direct sales data
hardware_rabbit_r1,Rabbit R1,Hardware,Failed/Weak adoption,AI hardware assistant,09,Purchase Intent,4,1.5,3,2024,2024,1.0,3.0,5.5,1.0,0,0.694,0.098,2018-2026,HN public discussion proxy; not direct sales data
hardware_rabbit_r1,Rabbit R1,Hardware,Failed/Weak adoption,AI hardware assistant,10,Purchase,2,1.0,2,2024,2024,1.0,3.0,5.5,1.0,0,0.725,-0.092,2018-2026,HN public discussion proxy; not direct sales data
hardware_rabbit_r1,Rabbit R1,Hardware,Failed/Weak adoption,AI hardware assistant,11,Trial,1,1.0,1,,2024,1.0,3.0,5.5,1.0,,0.725,-0.092,2018-2026,HN public discussion proxy; not direct sales data
hardware_rabbit_r1,Rabbit R1,Hardware,Failed/Weak adoption,AI hardware assistant,12,Installation / Onboarding,4,1.5,3,2024,2024,1.0,3.0,5.5,1.0,0,0.906,-0.092,2018-2026,HN public discussion proxy; not direct sales data
hardware_rabbit_r1,Rabbit R1,Hardware,Failed/Weak adoption,AI hardware assistant,13,Usage,14,3.0,10,2024,2024,1.0,3.0,5.5,1.0,0,0.841,0.022,2018-2026,HN public discussion proxy; not direct sales data
hardware_rabbit_r1,Rabbit R1,Hardware,Failed/Weak adoption,AI hardware assistant,14,Failure / Friction,4,1.5,3,2024,2024,1.0,3.0,5.5,1.0,0,0.906,-0.092,2018-2026,HN public discussion proxy; not direct sales data
hardware_rabbit_r1,Rabbit R1,Hardware,Failed/Weak adoption,AI hardware assistant,15,Support,8,2.5,5,2024,2024,1.0,3.0,5.5,1.0,0,0.804,0.134,2018-2026,HN public discussion proxy; not direct sales data
hardware_rabbit_r1,Rabbit R1,Hardware,Failed/Weak adoption,AI hardware assistant,16,Dissatisfaction,1,1.0,1,,2024,1.0,3.0,5.5,1.0,,0.725,-0.092,2018-2026,HN public discussion proxy; not direct sales data
hardware_rabbit_r1,Rabbit R1,Hardware,Failed/Weak adoption,AI hardware assistant,17,Replacement,9,5.5,9,2026,2026,1.0,3.0,5.5,1.0,-2,0.581,,2018-2026,HN public discussion proxy; not direct sales data
hardware_rabbit_r1,Rabbit R1,Hardware,Failed/Weak adoption,AI hardware assistant,18,Switching,0,1.0,0,,2018,1.0,3.0,5.5,1.0,,,,2018-2026,HN public discussion proxy; not direct sales data
hardware_rabbit_r1,Rabbit R1,Hardware,Failed/Weak adoption,AI hardware assistant,19,Upgrade,9,5.0,8,2026,2026,1.0,3.0,5.5,1.0,-2,0.677,-0.092,2018-2026,HN public discussion proxy; not direct sales data
hardware_rabbit_r1,Rabbit R1,Hardware,Failed/Weak adoption,AI hardware assistant,20,Repeat Purchase,1,1.0,1,,2024,1.0,3.0,5.5,1.0,,0.725,-0.092,2018-2026,HN public discussion proxy; not direct sales data
hardware_humane_ai_pin,Humane AI Pin,Hardware,Failed/Weak adoption,wearable AI device,01,Problem Recognition,30,5.25,13,2018,2026,2.5,3.429,1.0,6.5,8,0.997,0.288,2018-2026,HN public discussion proxy; not direct sales data
hardware_humane_ai_pin,Humane AI Pin,Hardware,Failed/Weak adoption,wearable AI device,02,Search,29,10.5,15,2024,2026,2.5,3.429,1.0,6.5,2,0.987,0.139,2018-2026,HN public discussion proxy; not direct sales data
hardware_humane_ai_pin,Humane AI Pin,Hardware,Failed/Weak adoption,wearable AI device,03,Recommendation Seeking,6,3.0,4,2023,2026,2.5,3.429,1.0,6.5,3,0.768,0.306,2018-2026,HN public discussion proxy; not direct sales data
hardware_humane_ai_pin,Humane AI Pin,Hardware,Failed/Weak adoption,wearable AI device,04,Solution Discovery,48,10.667,14,2023,2026,2.5,3.429,1.0,6.5,3,0.979,0.577,2018-2026,HN public discussion proxy; not direct sales data
hardware_humane_ai_pin,Humane AI Pin,Hardware,Failed/Weak adoption,wearable AI device,05,Comparison,17,3.0,2,2021,2024,2.5,3.429,1.0,6.5,5,0.575,0.65,2018-2026,HN public discussion proxy; not direct sales data
hardware_humane_ai_pin,Humane AI Pin,Hardware,Failed/Weak adoption,wearable AI device,06,Alternative Seeking,7,2.0,3,2023,2023,2.5,3.429,1.0,6.5,3,0.334,0.522,2018-2026,HN public discussion proxy; not direct sales data
hardware_humane_ai_pin,Humane AI Pin,Hardware,Failed/Weak adoption,wearable AI device,07,Vendor / Provider Search,4,3.0,4,2026,2026,2.5,3.429,1.0,6.5,0,0.881,,2018-2026,HN public discussion proxy; not direct sales data
hardware_humane_ai_pin,Humane AI Pin,Hardware,Failed/Weak adoption,wearable AI device,08,Pricing / Quote,17,8.5,13,2026,2026,2.5,3.429,1.0,6.5,0,0.904,0.47,2018-2026,HN public discussion proxy; not direct sales data
hardware_humane_ai_pin,Humane AI Pin,Hardware,Failed/Weak adoption,wearable AI device,09,Purchase Intent,8,4.0,6,2024,2026,2.5,3.429,1.0,6.5,2,0.974,-0.038,2018-2026,HN public discussion proxy; not direct sales data
hardware_humane_ai_pin,Humane AI Pin,Hardware,Failed/Weak adoption,wearable AI device,10,Purchase,3,2.5,1,2026,2026,2.5,3.429,1.0,6.5,0,0.821,0.879,2018-2026,HN public discussion proxy; not direct sales data
hardware_humane_ai_pin,Humane AI Pin,Hardware,Failed/Weak adoption,wearable AI device,11,Trial,8,1.75,5,2019,2026,2.5,3.429,1.0,6.5,7,0.863,-0.272,2018-2026,HN public discussion proxy; not direct sales data
hardware_humane_ai_pin,Humane AI Pin,Hardware,Failed/Weak adoption,wearable AI device,12,Installation / Onboarding,12,6.0,10,2026,2026,2.5,3.429,1.0,6.5,0,0.846,-0.321,2018-2026,HN public discussion proxy; not direct sales data
hardware_humane_ai_pin,Humane AI Pin,Hardware,Failed/Weak adoption,wearable AI device,13,Usage,42,3.429,14,2018,2026,2.5,3.429,1.0,6.5,8,0.981,0.207,2018-2026,HN public discussion proxy; not direct sales data
hardware_humane_ai_pin,Humane AI Pin,Hardware,Failed/Weak adoption,wearable AI device,14,Failure / Friction,23,6.667,14,2023,2026,2.5,3.429,1.0,6.5,3,0.897,0.794,2018-2026,HN public discussion proxy; not direct sales data
hardware_humane_ai_pin,Humane AI Pin,Hardware,Failed/Weak adoption,wearable AI device,15,Support,29,12.5,7,2024,2026,2.5,3.429,1.0,6.5,2,0.919,0.826,2018-2026,HN public discussion proxy; not direct sales data
hardware_humane_ai_pin,Humane AI Pin,Hardware,Failed/Weak adoption,wearable AI device,16,Dissatisfaction,2,1.5,1,,2024,2.5,3.429,1.0,6.5,,0.906,-0.038,2018-2026,HN public discussion proxy; not direct sales data
hardware_humane_ai_pin,Humane AI Pin,Hardware,Failed/Weak adoption,wearable AI device,17,Replacement,2,1.0,1,,2023,2.5,3.429,1.0,6.5,,0.139,0.204,2018-2026,HN public discussion proxy; not direct sales data
hardware_humane_ai_pin,Humane AI Pin,Hardware,Failed/Weak adoption,wearable AI device,18,Switching,2,1.5,1,,2023,2.5,3.429,1.0,6.5,,0.565,0.306,2018-2026,HN public discussion proxy; not direct sales data
hardware_humane_ai_pin,Humane AI Pin,Hardware,Failed/Weak adoption,wearable AI device,19,Upgrade,1,1.5,1,,2026,2.5,3.429,1.0,6.5,,0.881,,2018-2026,HN public discussion proxy; not direct sales data
hardware_humane_ai_pin,Humane AI Pin,Hardware,Failed/Weak adoption,wearable AI device,20,Repeat Purchase,12,6.5,9,2026,2026,2.5,3.429,1.0,6.5,0,0.926,0.642,2018-2026,HN public discussion proxy; not direct sales data
saas_notion,Notion,SaaS / Software,Success,workspace and notes,01,Problem Recognition,75,0.833,6,2018,2021,1.5,0.265,0.286,1.0,2,0.615,0.107,2018-2026,HN public discussion proxy; not direct sales data
saas_notion,Notion,SaaS / Software,Success,workspace and notes,02,Search,268,1.538,55,2020,2021,1.5,0.265,0.286,1.0,0,0.647,-0.074,2018-2026,HN public discussion proxy; not direct sales data
saas_notion,Notion,SaaS / Software,Success,workspace and notes,03,Recommendation Seeking,44,0.136,1,2018,2018,1.5,0.265,0.286,1.0,2,0.633,0.827,2018-2026,HN public discussion proxy; not direct sales data
saas_notion,Notion,SaaS / Software,Success,workspace and notes,04,Solution Discovery,262,1.24,48,2020,2021,1.5,0.265,0.286,1.0,0,0.657,-0.051,2018-2026,HN public discussion proxy; not direct sales data
saas_notion,Notion,SaaS / Software,Success,workspace and notes,05,Comparison,18,0.5,4,2020,2021,1.5,0.265,0.286,1.0,0,0.742,0.098,2018-2026,HN public discussion proxy; not direct sales data
saas_notion,Notion,SaaS / Software,Success,workspace and notes,06,Alternative Seeking,34,0.214,6,2018,2019,1.5,0.265,0.286,1.0,2,0.854,0.869,2018-2026,HN public discussion proxy; not direct sales data
saas_notion,Notion,SaaS / Software,Success,workspace and notes,07,Vendor / Provider Search,9,1.0,1,2020,2020,1.5,0.265,0.286,1.0,0,0.522,0.156,2018-2026,HN public discussion proxy; not direct sales data
saas_notion,Notion,SaaS / Software,Success,workspace and notes,08,Pricing / Quote,23,0.3,6,2019,2019,1.5,0.265,0.286,1.0,1,0.698,0.856,2018-2026,HN public discussion proxy; not direct sales data
saas_notion,Notion,SaaS / Software,Success,workspace and notes,09,Purchase Intent,0,1.0,0,,2018,1.5,0.265,0.286,1.0,,,,2018-2026,HN public discussion proxy; not direct sales data
saas_notion,Notion,SaaS / Software,Success,workspace and notes,10,Purchase,9,1.5,4,2020,2020,1.5,0.265,0.286,1.0,0,0.693,-0.001,2018-2026,HN public discussion proxy; not direct sales data
saas_notion,Notion,SaaS / Software,Success,workspace and notes,11,Trial,13,0.25,0,2018,2018,1.5,0.265,0.286,1.0,2,0.709,0.866,2018-2026,HN public discussion proxy; not direct sales data
saas_notion,Notion,SaaS / Software,Success,workspace and notes,12,Installation / Onboarding,31,0.625,6,2018,2021,1.5,0.265,0.286,1.0,2,0.672,0.134,2018-2026,HN public discussion proxy; not direct sales data
saas_notion,Notion,SaaS / Software,Success,workspace and notes,13,Usage,202,0.265,25,2018,2020,1.5,0.265,0.286,1.0,2,0.997,0.525,2018-2026,HN public discussion proxy; not direct sales data
saas_notion,Notion,SaaS / Software,Success,workspace and notes,14,Failure / Friction,43,2.0,5,2019,2021,1.5,0.265,0.286,1.0,1,0.553,-0.108,2018-2026,HN public discussion proxy; not direct sales data
saas_notion,Notion,SaaS / Software,Success,workspace and notes,15,Support,139,0.289,10,2018,2021,1.5,0.265,0.286,1.0,2,0.895,0.612,2018-2026,HN public discussion proxy; not direct sales data
saas_notion,Notion,SaaS / Software,Success,workspace and notes,16,Dissatisfaction,0,1.0,0,,2018,1.5,0.265,0.286,1.0,,,,2018-2026,HN public discussion proxy; not direct sales data
saas_notion,Notion,SaaS / Software,Success,workspace and notes,17,Replacement,9,0.286,1,2018,2018,1.5,0.265,0.286,1.0,2,0.373,0.718,2018-2026,HN public discussion proxy; not direct sales data
saas_notion,Notion,SaaS / Software,Success,workspace and notes,18,Switching,3,1.0,2,2021,2021,1.5,0.265,0.286,1.0,-1,0.21,-0.162,2018-2026,HN public discussion proxy; not direct sales data
saas_notion,Notion,SaaS / Software,Success,workspace and notes,19,Upgrade,10,1.0,4,2019,2021,1.5,0.265,0.286,1.0,1,0.178,0.009,2018-2026,HN public discussion proxy; not direct sales data
saas_notion,Notion,SaaS / Software,Success,workspace and notes,20,Repeat Purchase,0,1.0,0,,2018,1.5,0.265,0.286,1.0,,,,2018-2026,HN public discussion proxy; not direct sales data
saas_slack,Slack,SaaS / Software,Success,team communication,01,Problem Recognition,3778,1.378,119,2018,2025,1.404,1.352,1.34,2.091,0,0.939,0.221,2018-2026,HN public discussion proxy; not direct sales data
saas_slack,Slack,SaaS / Software,Success,team communication,02,Search,4083,1.032,130,2018,2021,1.404,1.352,1.34,2.091,0,0.371,0.23,2018-2026,HN public discussion proxy; not direct sales data
saas_slack,Slack,SaaS / Software,Success,team communication,03,Recommendation Seeking,804,0.92,26,2018,2025,1.404,1.352,1.34,2.091,0,0.288,-0.069,2018-2026,HN public discussion proxy; not direct sales data
saas_slack,Slack,SaaS / Software,Success,team communication,04,Solution Discovery,3185,1.64,135,2018,2025,1.404,1.352,1.34,2.091,0,0.77,0.534,2018-2026,HN public discussion proxy; not direct sales data
saas_slack,Slack,SaaS / Software,Success,team communication,05,Comparison,1559,1.456,50,2018,2026,1.404,1.352,1.34,2.091,0,0.835,0.322,2018-2026,HN public discussion proxy; not direct sales data
saas_slack,Slack,SaaS / Software,Success,team communication,06,Alternative Seeking,1034,1.324,41,2018,2023,1.404,1.352,1.34,2.091,0,0.608,0.077,2018-2026,HN public discussion proxy; not direct sales data
saas_slack,Slack,SaaS / Software,Success,team communication,07,Vendor / Provider Search,602,1.361,38,2018,2022,1.404,1.352,1.34,2.091,0,0.726,0.612,2018-2026,HN public discussion proxy; not direct sales data
saas_slack,Slack,SaaS / Software,Success,team communication,08,Pricing / Quote,536,4.17,41,2018,2026,1.404,1.352,1.34,2.091,0,0.546,0.575,2018-2026,HN public discussion proxy; not direct sales data
saas_slack,Slack,SaaS / Software,Success,team communication,09,Purchase Intent,129,1.238,14,2018,2022,1.404,1.352,1.34,2.091,0,0.458,0.102,2018-2026,HN public discussion proxy; not direct sales data
saas_slack,Slack,SaaS / Software,Success,team communication,10,Purchase,297,1.404,14,2018,2023,1.404,1.352,1.34,2.091,0,0.725,0.073,2018-2026,HN public discussion proxy; not direct sales data
saas_slack,Slack,SaaS / Software,Success,team communication,11,Trial,504,2.177,47,2018,2025,1.404,1.352,1.34,2.091,0,0.691,0.273,2018-2026,HN public discussion proxy; not direct sales data
saas_slack,Slack,SaaS / Software,Success,team communication,12,Installation / Onboarding,1652,1.538,77,2018,2025,1.404,1.352,1.34,2.091,0,0.792,0.258,2018-2026,HN public discussion proxy; not direct sales data
saas_slack,Slack,SaaS / Software,Success,team communication,13,Usage,6751,1.352,221,2018,2025,1.404,1.352,1.34,2.091,0,0.995,0.278,2018-2026,HN public discussion proxy; not direct sales data
saas_slack,Slack,SaaS / Software,Success,team communication,14,Failure / Friction,2012,1.292,50,2018,2022,1.404,1.352,1.34,2.091,0,0.761,0.398,2018-2026,HN public discussion proxy; not direct sales data
saas_slack,Slack,SaaS / Software,Success,team communication,15,Support,3874,1.496,165,2018,2025,1.404,1.352,1.34,2.091,0,0.943,0.292,2018-2026,HN public discussion proxy; not direct sales data
saas_slack,Slack,SaaS / Software,Success,team communication,16,Dissatisfaction,127,1.588,14,2018,2023,1.404,1.352,1.34,2.091,0,0.333,0.188,2018-2026,HN public discussion proxy; not direct sales data
saas_slack,Slack,SaaS / Software,Success,team communication,17,Replacement,269,1.34,9,2018,2021,1.404,1.352,1.34,2.091,0,0.39,0.358,2018-2026,HN public discussion proxy; not direct sales data
saas_slack,Slack,SaaS / Software,Success,team communication,18,Switching,282,3.25,27,2018,2025,1.404,1.352,1.34,2.091,0,0.793,0.479,2018-2026,HN public discussion proxy; not direct sales data
saas_slack,Slack,SaaS / Software,Success,team communication,19,Upgrade,502,1.333,38,2018,2020,1.404,1.352,1.34,2.091,0,0.647,0.455,2018-2026,HN public discussion proxy; not direct sales data
saas_slack,Slack,SaaS / Software,Success,team communication,20,Repeat Purchase,92,2.091,11,2018,2022,1.404,1.352,1.34,2.091,0,0.511,0.57,2018-2026,HN public discussion proxy; not direct sales data
saas_asana,Asana,SaaS / Software,Success,project management,01,Problem Recognition,31,1.429,4,2018,2020,1.0,0.562,1.0,0.667,,0.041,0.119,2018-2026,HN public discussion proxy; not direct sales data
saas_asana,Asana,SaaS / Software,Success,project management,02,Search,34,0.5,5,2018,2020,1.0,0.562,1.0,0.667,,0.684,0.545,2018-2026,HN public discussion proxy; not direct sales data
saas_asana,Asana,SaaS / Software,Success,project management,03,Recommendation Seeking,11,1.0,3,2018,2026,1.0,0.562,1.0,0.667,,-0.243,0.53,2018-2026,HN public discussion proxy; not direct sales data
saas_asana,Asana,SaaS / Software,Success,project management,04,Solution Discovery,23,0.5,4,2018,2020,1.0,0.562,1.0,0.667,,0.364,0.438,2018-2026,HN public discussion proxy; not direct sales data
saas_asana,Asana,SaaS / Software,Success,project management,05,Comparison,8,2.0,3,2020,2020,1.0,0.562,1.0,0.667,,0.22,0.217,2018-2026,HN public discussion proxy; not direct sales data
saas_asana,Asana,SaaS / Software,Success,project management,06,Alternative Seeking,11,0.8,3,2019,2019,1.0,0.562,1.0,0.667,,-0.134,0.054,2018-2026,HN public discussion proxy; not direct sales data
saas_asana,Asana,SaaS / Software,Success,project management,07,Vendor / Provider Search,2,1.0,1,,2020,1.0,0.562,1.0,0.667,,0.08,0.027,2018-2026,HN public discussion proxy; not direct sales data
saas_asana,Asana,SaaS / Software,Success,project management,08,Pricing / Quote,9,1.333,2,2021,2021,1.0,0.562,1.0,0.667,,-0.064,0.066,2018-2026,HN public discussion proxy; not direct sales data
saas_asana,Asana,SaaS / Software,Success,project management,09,Purchase Intent,2,0.667,1,,2018,1.0,0.562,1.0,0.667,,0.388,0.027,2018-2026,HN public discussion proxy; not direct sales data
saas_asana,Asana,SaaS / Software,Success,project management,10,Purchase,0,1.0,0,,2018,1.0,0.562,1.0,0.667,,,,2018-2026,HN public discussion proxy; not direct sales data
saas_asana,Asana,SaaS / Software,Success,project management,11,Trial,7,1.0,2,2019,2019,1.0,0.562,1.0,0.667,,-0.64,0.581,2018-2026,HN public discussion proxy; not direct sales data
saas_asana,Asana,SaaS / Software,Success,project management,12,Installation / Onboarding,4,1.5,1,,2020,1.0,0.562,1.0,0.667,,0.306,-0.234,2018-2026,HN public discussion proxy; not direct sales data
saas_asana,Asana,SaaS / Software,Success,project management,13,Usage,63,0.562,3,2018,2022,1.0,0.562,1.0,0.667,,0.993,0.436,2018-2026,HN public discussion proxy; not direct sales data
saas_asana,Asana,SaaS / Software,Success,project management,14,Failure / Friction,21,1.143,4,2018,2026,1.0,0.562,1.0,0.667,,-0.678,0.663,2018-2026,HN public discussion proxy; not direct sales data
saas_asana,Asana,SaaS / Software,Success,project management,15,Support,26,1.167,3,2019,2023,1.0,0.562,1.0,0.667,,0.348,0.0,2018-2026,HN public discussion proxy; not direct sales data
saas_asana,Asana,SaaS / Software,Success,project management,16,Dissatisfaction,0,1.0,0,,2018,1.0,0.562,1.0,0.667,,,,2018-2026,HN public discussion proxy; not direct sales data
saas_asana,Asana,SaaS / Software,Success,project management,17,Replacement,0,1.0,0,,2018,1.0,0.562,1.0,0.667,,,,2018-2026,HN public discussion proxy; not direct sales data
saas_asana,Asana,SaaS / Software,Success,project management,18,Switching,8,3.5,3,2025,2025,1.0,0.562,1.0,0.667,,-0.425,-0.642,2018-2026,HN public discussion proxy; not direct sales data
saas_asana,Asana,SaaS / Software,Success,project management,19,Upgrade,3,1.5,1,,2020,1.0,0.562,1.0,0.667,,0.151,-0.157,2018-2026,HN public discussion proxy; not direct sales data
saas_asana,Asana,SaaS / Software,Success,project management,20,Repeat Purchase,1,0.667,0,,2018,1.0,0.562,1.0,0.667,,0.257,-0.124,2018-2026,HN public discussion proxy; not direct sales data
saas_salesforce,Salesforce,SaaS / Software,Success,CRM,01,Problem Recognition,578,0.88,23,2018,2021,1.303,1.386,3.0,1.0,0,0.46,0.288,2018-2026,HN public discussion proxy; not direct sales data
saas_salesforce,Salesforce,SaaS / Software,Success,CRM,02,Search,574,0.679,17,2018,2021,1.303,1.386,3.0,1.0,0,0.097,0.355,2018-2026,HN public discussion proxy; not direct sales data
saas_salesforce,Salesforce,SaaS / Software,Success,CRM,03,Recommendation Seeking,139,0.543,9,2018,2022,1.303,1.386,3.0,1.0,0,0.252,0.367,2018-2026,HN public discussion proxy; not direct sales data
saas_salesforce,Salesforce,SaaS / Software,Success,CRM,04,Solution Discovery,651,1.104,32,2018,2021,1.303,1.386,3.0,1.0,0,0.394,-0.131,2018-2026,HN public discussion proxy; not direct sales data
saas_salesforce,Salesforce,SaaS / Software,Success,CRM,05,Comparison,228,1.058,11,2018,2023,1.303,1.386,3.0,1.0,0,0.397,-0.095,2018-2026,HN public discussion proxy; not direct sales data
saas_salesforce,Salesforce,SaaS / Software,Success,CRM,06,Alternative Seeking,216,1.611,22,2018,2026,1.303,1.386,3.0,1.0,0,0.4,0.265,2018-2026,HN public discussion proxy; not direct sales data
saas_salesforce,Salesforce,SaaS / Software,Success,CRM,07,Vendor / Provider Search,267,1.294,12,2018,2021,1.303,1.386,3.0,1.0,0,0.639,0.61,2018-2026,HN public discussion proxy; not direct sales data
saas_salesforce,Salesforce,SaaS / Software,Success,CRM,08,Pricing / Quote,181,1.379,15,2018,2023,1.303,1.386,3.0,1.0,0,0.516,-0.019,2018-2026,HN public discussion proxy; not direct sales data
saas_salesforce,Salesforce,SaaS / Software,Success,CRM,09,Purchase Intent,37,1.111,3,2018,2024,1.303,1.386,3.0,1.0,0,0.23,0.267,2018-2026,HN public discussion proxy; not direct sales data
saas_salesforce,Salesforce,SaaS / Software,Success,CRM,10,Purchase,221,1.303,14,2018,2022,1.303,1.386,3.0,1.0,0,0.637,0.691,2018-2026,HN public discussion proxy; not direct sales data
saas_salesforce,Salesforce,SaaS / Software,Success,CRM,11,Trial,180,0.882,23,2018,2019,1.303,1.386,3.0,1.0,0,0.089,-0.285,2018-2026,HN public discussion proxy; not direct sales data
saas_salesforce,Salesforce,SaaS / Software,Success,CRM,12,Installation / Onboarding,119,1.0,7,2018,2019,1.303,1.386,3.0,1.0,0,0.558,0.141,2018-2026,HN public discussion proxy; not direct sales data
saas_salesforce,Salesforce,SaaS / Software,Success,CRM,13,Usage,988,1.386,39,2018,2023,1.303,1.386,3.0,1.0,0,0.933,0.347,2018-2026,HN public discussion proxy; not direct sales data
saas_salesforce,Salesforce,SaaS / Software,Success,CRM,14,Failure / Friction,345,1.123,13,2018,2022,1.303,1.386,3.0,1.0,0,0.709,0.596,2018-2026,HN public discussion proxy; not direct sales data
saas_salesforce,Salesforce,SaaS / Software,Success,CRM,15,Support,757,1.419,35,2018,2021,1.303,1.386,3.0,1.0,0,0.814,0.609,2018-2026,HN public discussion proxy; not direct sales data
saas_salesforce,Salesforce,SaaS / Software,Success,CRM,16,Dissatisfaction,15,2.667,2,2023,2025,1.303,1.386,3.0,1.0,-5,0.311,-0.082,2018-2026,HN public discussion proxy; not direct sales data
saas_salesforce,Salesforce,SaaS / Software,Success,CRM,17,Replacement,52,3.0,9,2018,2024,1.303,1.386,3.0,1.0,0,0.286,0.375,2018-2026,HN public discussion proxy; not direct sales data
saas_salesforce,Salesforce,SaaS / Software,Success,CRM,18,Switching,26,0.8,3,2018,2025,1.303,1.386,3.0,1.0,0,-0.389,-0.166,2018-2026,HN public discussion proxy; not direct sales data
saas_salesforce,Salesforce,SaaS / Software,Success,CRM,19,Upgrade,63,0.75,4,2018,2020,1.303,1.386,3.0,1.0,0,-0.105,0.614,2018-2026,HN public discussion proxy; not direct sales data
saas_salesforce,Salesforce,SaaS / Software,Success,CRM,20,Repeat Purchase,21,1.0,2,2018,2020,1.303,1.386,3.0,1.0,0,-0.231,0.474,2018-2026,HN public discussion proxy; not direct sales data
saas_evernote,Evernote,SaaS / Software,Stagnant/Declined,notes and productivity,01,Problem Recognition,53749,1.002,6549,2018,2022,1.057,1.311,0.015,1.692,0,0.036,0.531,2018-2026,HN public discussion proxy; not direct sales data
saas_evernote,Evernote,SaaS / Software,Stagnant/Declined,notes and productivity,02,Search,21507,0.961,1397,2018,2022,1.057,1.311,0.015,1.692,0,0.239,0.724,2018-2026,HN public discussion proxy; not direct sales data
saas_evernote,Evernote,SaaS / Software,Stagnant/Declined,notes and productivity,03,Recommendation Seeking,11948,0.903,424,2018,2022,1.057,1.311,0.015,1.692,0,0.832,0.822,2018-2026,HN public discussion proxy; not direct sales data
saas_evernote,Evernote,SaaS / Software,Stagnant/Declined,notes and productivity,04,Solution Discovery,31414,0.943,624,2018,2022,1.057,1.311,0.015,1.692,0,0.839,0.552,2018-2026,HN public discussion proxy; not direct sales data
saas_evernote,Evernote,SaaS / Software,Stagnant/Declined,notes and productivity,05,Comparison,12983,1.246,1564,2018,2022,1.057,1.311,0.015,1.692,0,0.074,0.639,2018-2026,HN public discussion proxy; not direct sales data
saas_evernote,Evernote,SaaS / Software,Stagnant/Declined,notes and productivity,06,Alternative Seeking,5419,0.008,781,2018,2019,1.057,1.311,0.015,1.692,0,-0.405,0.113,2018-2026,HN public discussion proxy; not direct sales data
saas_evernote,Evernote,SaaS / Software,Stagnant/Declined,notes and productivity,07,Vendor / Provider Search,3147,94.667,698,2021,2022,1.057,1.311,0.015,1.692,-3,0.346,0.254,2018-2026,HN public discussion proxy; not direct sales data
saas_evernote,Evernote,SaaS / Software,Stagnant/Declined,notes and productivity,08,Pricing / Quote,6122,1.741,568,2018,2023,1.057,1.311,0.015,1.692,0,0.747,0.319,2018-2026,HN public discussion proxy; not direct sales data
saas_evernote,Evernote,SaaS / Software,Stagnant/Declined,notes and productivity,09,Purchase Intent,4846,0.965,643,2018,2021,1.057,1.311,0.015,1.692,0,0.693,0.315,2018-2026,HN public discussion proxy; not direct sales data
saas_evernote,Evernote,SaaS / Software,Stagnant/Declined,notes and productivity,10,Purchase,9968,1.057,369,2018,2022,1.057,1.311,0.015,1.692,0,0.961,0.581,2018-2026,HN public discussion proxy; not direct sales data
saas_evernote,Evernote,SaaS / Software,Stagnant/Declined,notes and productivity,11,Trial,8402,1.489,348,2018,2021,1.057,1.311,0.015,1.692,0,0.908,0.638,2018-2026,HN public discussion proxy; not direct sales data
saas_evernote,Evernote,SaaS / Software,Stagnant/Declined,notes and productivity,12,Installation / Onboarding,10977,1.026,342,2018,2023,1.057,1.311,0.015,1.692,0,0.824,0.42,2018-2026,HN public discussion proxy; not direct sales data
saas_evernote,Evernote,SaaS / Software,Stagnant/Declined,notes and productivity,13,Usage,61780,1.311,1312,2018,2023,1.057,1.311,0.015,1.692,0,0.98,0.415,2018-2026,HN public discussion proxy; not direct sales data
saas_evernote,Evernote,SaaS / Software,Stagnant/Declined,notes and productivity,14,Failure / Friction,29658,1.0,861,2018,2022,1.057,1.311,0.015,1.692,0,0.911,0.762,2018-2026,HN public discussion proxy; not direct sales data
saas_evernote,Evernote,SaaS / Software,Stagnant/Declined,notes and productivity,15,Support,39419,1.15,972,2018,2022,1.057,1.311,0.015,1.692,0,0.703,0.771,2018-2026,HN public discussion proxy; not direct sales data
saas_evernote,Evernote,SaaS / Software,Stagnant/Declined,notes and productivity,16,Dissatisfaction,2477,1.238,125,2018,2022,1.057,1.311,0.015,1.692,0,0.794,0.748,2018-2026,HN public discussion proxy; not direct sales data
saas_evernote,Evernote,SaaS / Software,Stagnant/Declined,notes and productivity,17,Replacement,2466,0.015,89,2018,2023,1.057,1.311,0.015,1.692,0,0.608,0.496,2018-2026,HN public discussion proxy; not direct sales data
saas_evernote,Evernote,SaaS / Software,Stagnant/Declined,notes and productivity,18,Switching,968,2.598,187,2018,2021,1.057,1.311,0.015,1.692,0,0.04,0.037,2018-2026,HN public discussion proxy; not direct sales data
saas_evernote,Evernote,SaaS / Software,Stagnant/Declined,notes and productivity,19,Upgrade,4606,1.084,154,2018,2023,1.057,1.311,0.015,1.692,0,0.923,0.483,2018-2026,HN public discussion proxy; not direct sales data
saas_evernote,Evernote,SaaS / Software,Stagnant/Declined,notes and productivity,20,Repeat Purchase,3204,1.692,214,2018,2021,1.057,1.311,0.015,1.692,0,0.91,0.676,2018-2026,HN public discussion proxy; not direct sales data
ai_chatgpt,ChatGPT,AI Products,Success,general AI assistant,01,Problem Recognition,7695,82.167,2629,2023,2023,62.75,96.847,49.4,41.5,0,0.999,0.41,2018-2026,HN public discussion proxy; not direct sales data
ai_chatgpt,ChatGPT,AI Products,Success,general AI assistant,02,Search,3600,44.828,1239,2023,2023,62.75,96.847,49.4,41.5,0,0.998,0.411,2018-2026,HN public discussion proxy; not direct sales data
ai_chatgpt,ChatGPT,AI Products,Success,general AI assistant,03,Recommendation Seeking,1916,69.667,612,2023,2023,62.75,96.847,49.4,41.5,0,0.988,0.387,2018-2026,HN public discussion proxy; not direct sales data
ai_chatgpt,ChatGPT,AI Products,Success,general AI assistant,04,Solution Discovery,6150,78.742,2048,2023,2023,62.75,96.847,49.4,41.5,0,0.997,0.396,2018-2026,HN public discussion proxy; not direct sales data
ai_chatgpt,ChatGPT,AI Products,Success,general AI assistant,05,Comparison,2724,121.9,841,2023,2023,62.75,96.847,49.4,41.5,0,0.982,0.385,2018-2026,HN public discussion proxy; not direct sales data
ai_chatgpt,ChatGPT,AI Products,Success,general AI assistant,06,Alternative Seeking,1730,76.0,660,2023,2023,62.75,96.847,49.4,41.5,0,0.997,0.39,2018-2026,HN public discussion proxy; not direct sales data
ai_chatgpt,ChatGPT,AI Products,Success,general AI assistant,07,Vendor / Provider Search,481,128.0,118,2023,2023,62.75,96.847,49.4,41.5,0,0.904,0.386,2018-2026,HN public discussion proxy; not direct sales data
ai_chatgpt,ChatGPT,AI Products,Success,general AI assistant,08,Pricing / Quote,715,82.0,256,2023,2023,62.75,96.847,49.4,41.5,0,0.95,0.345,2018-2026,HN public discussion proxy; not direct sales data
ai_chatgpt,ChatGPT,AI Products,Success,general AI assistant,09,Purchase Intent,203,45.0,67,2023,2023,62.75,96.847,49.4,41.5,0,0.959,0.395,2018-2026,HN public discussion proxy; not direct sales data
ai_chatgpt,ChatGPT,AI Products,Success,general AI assistant,10,Purchase,571,62.75,183,2023,2023,62.75,96.847,49.4,41.5,0,0.983,0.395,2018-2026,HN public discussion proxy; not direct sales data
ai_chatgpt,ChatGPT,AI Products,Success,general AI assistant,11,Trial,1098,87.5,289,2023,2023,62.75,96.847,49.4,41.5,0,0.949,0.388,2018-2026,HN public discussion proxy; not direct sales data
ai_chatgpt,ChatGPT,AI Products,Success,general AI assistant,12,Installation / Onboarding,1229,51.583,280,2022,2023,62.75,96.847,49.4,41.5,1,0.909,0.419,2018-2026,HN public discussion proxy; not direct sales data
ai_chatgpt,ChatGPT,AI Products,Success,general AI assistant,13,Usage,18769,96.847,6620,2023,2023,62.75,96.847,49.4,41.5,0,1.0,0.407,2018-2026,HN public discussion proxy; not direct sales data
ai_chatgpt,ChatGPT,AI Products,Success,general AI assistant,14,Failure / Friction,2738,54.95,910,2023,2023,62.75,96.847,49.4,41.5,0,0.996,0.397,2018-2026,HN public discussion proxy; not direct sales data
ai_chatgpt,ChatGPT,AI Products,Success,general AI assistant,15,Support,4407,39.745,1243,2022,2023,62.75,96.847,49.4,41.5,1,0.984,0.407,2018-2026,HN public discussion proxy; not direct sales data
ai_chatgpt,ChatGPT,AI Products,Success,general AI assistant,16,Dissatisfaction,397,54.0,115,2022,2023,62.75,96.847,49.4,41.5,1,0.988,0.437,2018-2026,HN public discussion proxy; not direct sales data
ai_chatgpt,ChatGPT,AI Products,Success,general AI assistant,17,Replacement,659,49.4,190,2022,2023,62.75,96.847,49.4,41.5,1,0.994,0.485,2018-2026,HN public discussion proxy; not direct sales data
ai_chatgpt,ChatGPT,AI Products,Success,general AI assistant,18,Switching,270,83.0,57,2023,2025,62.75,96.847,49.4,41.5,0,0.82,0.317,2018-2026,HN public discussion proxy; not direct sales data
ai_chatgpt,ChatGPT,AI Products,Success,general AI assistant,19,Upgrade,458,50.25,152,2023,2023,62.75,96.847,49.4,41.5,0,0.983,0.364,2018-2026,HN public discussion proxy; not direct sales data
ai_chatgpt,ChatGPT,AI Products,Success,general AI assistant,20,Repeat Purchase,149,41.5,42,2023,2023,62.75,96.847,49.4,41.5,0,0.905,0.331,2018-2026,HN public discussion proxy; not direct sales data
ai_github_copilot,GitHub Copilot,AI Products,Success,AI coding assistant,01,Problem Recognition,588,123.5,64,2021,2025,12.0,414.5,15.5,2.5,0,0.984,0.907,2018-2026,HN public discussion proxy; not direct sales data
ai_github_copilot,GitHub Copilot,AI Products,Success,AI coding assistant,02,Search,259,61.0,32,2021,2025,12.0,414.5,15.5,2.5,0,0.975,0.831,2018-2026,HN public discussion proxy; not direct sales data
ai_github_copilot,GitHub Copilot,AI Products,Success,AI coding assistant,03,Recommendation Seeking,141,30.0,12,2021,2025,12.0,414.5,15.5,2.5,0,0.967,0.847,2018-2026,HN public discussion proxy; not direct sales data
ai_github_copilot,GitHub Copilot,AI Products,Success,AI coding assistant,04,Solution Discovery,498,106.5,36,2021,2025,12.0,414.5,15.5,2.5,0,0.983,0.898,2018-2026,HN public discussion proxy; not direct sales data
ai_github_copilot,GitHub Copilot,AI Products,Success,AI coding assistant,05,Comparison,1054,296.0,175,2021,2025,12.0,414.5,15.5,2.5,0,0.955,0.767,2018-2026,HN public discussion proxy; not direct sales data
ai_github_copilot,GitHub Copilot,AI Products,Success,AI coding assistant,06,Alternative Seeking,235,39.5,28,2021,2023,12.0,414.5,15.5,2.5,0,0.885,0.837,2018-2026,HN public discussion proxy; not direct sales data
ai_github_copilot,GitHub Copilot,AI Products,Success,AI coding assistant,07,Vendor / Provider Search,83,25.0,16,2021,2026,12.0,414.5,15.5,2.5,0,0.782,0.736,2018-2026,HN public discussion proxy; not direct sales data
ai_github_copilot,GitHub Copilot,AI Products,Success,AI coding assistant,08,Pricing / Quote,149,54.0,54,2022,2026,12.0,414.5,15.5,2.5,-1,0.677,0.752,2018-2026,HN public discussion proxy; not direct sales data
ai_github_copilot,GitHub Copilot,AI Products,Success,AI coding assistant,09,Purchase Intent,7,2.0,4,2023,2023,12.0,414.5,15.5,2.5,-2,0.556,0.383,2018-2026,HN public discussion proxy; not direct sales data
ai_github_copilot,GitHub Copilot,AI Products,Success,AI coding assistant,10,Purchase,51,12.0,14,2021,2026,12.0,414.5,15.5,2.5,0,0.691,0.74,2018-2026,HN public discussion proxy; not direct sales data
ai_github_copilot,GitHub Copilot,AI Products,Success,AI coding assistant,11,Trial,114,32.0,18,2022,2025,12.0,414.5,15.5,2.5,-1,0.957,0.779,2018-2026,HN public discussion proxy; not direct sales data
ai_github_copilot,GitHub Copilot,AI Products,Success,AI coding assistant,12,Installation / Onboarding,249,81.5,48,2021,2026,12.0,414.5,15.5,2.5,0,0.858,0.72,2018-2026,HN public discussion proxy; not direct sales data
ai_github_copilot,GitHub Copilot,AI Products,Success,AI coding assistant,13,Usage,1860,414.5,167,2021,2025,12.0,414.5,15.5,2.5,0,1.0,0.879,2018-2026,HN public discussion proxy; not direct sales data
ai_github_copilot,GitHub Copilot,AI Products,Success,AI coding assistant,14,Failure / Friction,296,71.5,31,2021,2025,12.0,414.5,15.5,2.5,0,0.995,0.854,2018-2026,HN public discussion proxy; not direct sales data
ai_github_copilot,GitHub Copilot,AI Products,Success,AI coding assistant,15,Support,524,157.0,81,2022,2026,12.0,414.5,15.5,2.5,-1,0.93,0.764,2018-2026,HN public discussion proxy; not direct sales data
ai_github_copilot,GitHub Copilot,AI Products,Success,AI coding assistant,16,Dissatisfaction,28,6.5,5,2023,2024,12.0,414.5,15.5,2.5,-2,0.757,0.797,2018-2026,HN public discussion proxy; not direct sales data
ai_github_copilot,GitHub Copilot,AI Products,Success,AI coding assistant,17,Replacement,58,15.5,11,2021,2025,12.0,414.5,15.5,2.5,0,0.941,0.688,2018-2026,HN public discussion proxy; not direct sales data
ai_github_copilot,GitHub Copilot,AI Products,Success,AI coding assistant,18,Switching,33,12.5,5,2022,2026,12.0,414.5,15.5,2.5,-1,0.794,0.76,2018-2026,HN public discussion proxy; not direct sales data
ai_github_copilot,GitHub Copilot,AI Products,Success,AI coding assistant,19,Upgrade,57,17.5,12,2022,2025,12.0,414.5,15.5,2.5,-1,0.878,0.726,2018-2026,HN public discussion proxy; not direct sales data
ai_github_copilot,GitHub Copilot,AI Products,Success,AI coding assistant,20,Repeat Purchase,5,2.5,1,2026,2026,12.0,414.5,15.5,2.5,-5,0.679,0.363,2018-2026,HN public discussion proxy; not direct sales data
ai_midjourney,Midjourney,AI Products,Success,AI image generation,01,Problem Recognition,175,24.0,50,2022,2023,3.5,57.0,3.0,2.5,1,0.965,0.316,2018-2026,HN public discussion proxy; not direct sales data
ai_midjourney,Midjourney,AI Products,Success,AI image generation,02,Search,144,16.5,43,2022,2023,3.5,57.0,3.0,2.5,1,0.974,0.363,2018-2026,HN public discussion proxy; not direct sales data
ai_midjourney,Midjourney,AI Products,Success,AI image generation,03,Recommendation Seeking,35,3.5,13,2022,2023,3.5,57.0,3.0,2.5,1,0.934,0.358,2018-2026,HN public discussion proxy; not direct sales data
ai_midjourney,Midjourney,AI Products,Success,AI image generation,04,Solution Discovery,192,23.0,47,2022,2023,3.5,57.0,3.0,2.5,1,0.972,0.406,2018-2026,HN public discussion proxy; not direct sales data
ai_midjourney,Midjourney,AI Products,Success,AI image generation,05,Comparison,83,9.5,30,2022,2023,3.5,57.0,3.0,2.5,1,0.989,0.323,2018-2026,HN public discussion proxy; not direct sales data
ai_midjourney,Midjourney,AI Products,Success,AI image generation,06,Alternative Seeking,70,9.0,18,2022,2023,3.5,57.0,3.0,2.5,1,0.956,0.344,2018-2026,HN public discussion proxy; not direct sales data
ai_midjourney,Midjourney,AI Products,Success,AI image generation,07,Vendor / Provider Search,6,2.0,1,2023,2023,3.5,57.0,3.0,2.5,0,0.811,0.342,2018-2026,HN public discussion proxy; not direct sales data
ai_midjourney,Midjourney,AI Products,Success,AI image generation,08,Pricing / Quote,37,6.0,9,2022,2022,3.5,57.0,3.0,2.5,1,0.813,0.665,2018-2026,HN public discussion proxy; not direct sales data
ai_midjourney,Midjourney,AI Products,Success,AI image generation,09,Purchase Intent,12,2.5,2,2023,2024,3.5,57.0,3.0,2.5,0,0.677,0.145,2018-2026,HN public discussion proxy; not direct sales data
ai_midjourney,Midjourney,AI Products,Success,AI image generation,10,Purchase,18,3.5,9,2023,2023,3.5,57.0,3.0,2.5,0,0.937,0.214,2018-2026,HN public discussion proxy; not direct sales data
ai_midjourney,Midjourney,AI Products,Success,AI image generation,11,Trial,40,4.5,13,2022,2023,3.5,57.0,3.0,2.5,1,0.997,0.414,2018-2026,HN public discussion proxy; not direct sales data
ai_midjourney,Midjourney,AI Products,Success,AI image generation,12,Installation / Onboarding,29,4.5,9,2022,2023,3.5,57.0,3.0,2.5,1,0.971,0.447,2018-2026,HN public discussion proxy; not direct sales data
ai_midjourney,Midjourney,AI Products,Success,AI image generation,13,Usage,669,57.0,200,2022,2023,3.5,57.0,3.0,2.5,1,1.0,0.446,2018-2026,HN public discussion proxy; not direct sales data
ai_midjourney,Midjourney,AI Products,Success,AI image generation,14,Failure / Friction,87,10.0,29,2022,2023,3.5,57.0,3.0,2.5,1,0.964,0.273,2018-2026,HN public discussion proxy; not direct sales data
ai_midjourney,Midjourney,AI Products,Success,AI image generation,15,Support,110,20.0,38,2023,2023,3.5,57.0,3.0,2.5,0,0.901,0.172,2018-2026,HN public discussion proxy; not direct sales data
ai_midjourney,Midjourney,AI Products,Success,AI image generation,16,Dissatisfaction,15,2.0,4,2022,2023,3.5,57.0,3.0,2.5,1,0.99,0.514,2018-2026,HN public discussion proxy; not direct sales data
ai_midjourney,Midjourney,AI Products,Success,AI image generation,17,Replacement,12,3.0,3,2022,2022,3.5,57.0,3.0,2.5,1,0.8,0.704,2018-2026,HN public discussion proxy; not direct sales data
ai_midjourney,Midjourney,AI Products,Success,AI image generation,18,Switching,11,3.5,4,2023,2023,3.5,57.0,3.0,2.5,0,0.781,0.031,2018-2026,HN public discussion proxy; not direct sales data
ai_midjourney,Midjourney,AI Products,Success,AI image generation,19,Upgrade,12,3.0,4,2023,2023,3.5,57.0,3.0,2.5,0,0.923,0.228,2018-2026,HN public discussion proxy; not direct sales data
ai_midjourney,Midjourney,AI Products,Success,AI image generation,20,Repeat Purchase,9,2.5,4,2023,2023,3.5,57.0,3.0,2.5,0,0.891,0.074,2018-2026,HN public discussion proxy; not direct sales data
ai_perplexity,Perplexity,AI Products,Success/Growing,AI search,01,Problem Recognition,156,55.5,30,2023,2025,5.0,128.5,5.0,3.0,0,0.939,0.586,2018-2026,HN public discussion proxy; not direct sales data
ai_perplexity,Perplexity,AI Products,Success/Growing,AI search,02,Search,106,39.0,26,2023,2025,5.0,128.5,5.0,3.0,0,0.968,0.526,2018-2026,HN public discussion proxy; not direct sales data
ai_perplexity,Perplexity,AI Products,Success/Growing,AI search,03,Recommendation Seeking,102,37.0,23,2023,2025,5.0,128.5,5.0,3.0,0,0.889,0.526,2018-2026,HN public discussion proxy; not direct sales data
ai_perplexity,Perplexity,AI Products,Success/Growing,AI search,04,Solution Discovery,212,79.0,57,2024,2025,5.0,128.5,5.0,3.0,-1,0.957,0.492,2018-2026,HN public discussion proxy; not direct sales data
ai_perplexity,Perplexity,AI Products,Success/Growing,AI search,05,Comparison,101,38.5,21,2024,2025,5.0,128.5,5.0,3.0,-1,0.928,0.538,2018-2026,HN public discussion proxy; not direct sales data
ai_perplexity,Perplexity,AI Products,Success/Growing,AI search,06,Alternative Seeking,76,26.0,13,2023,2025,5.0,128.5,5.0,3.0,0,0.951,0.645,2018-2026,HN public discussion proxy; not direct sales data
ai_perplexity,Perplexity,AI Products,Success/Growing,AI search,07,Vendor / Provider Search,20,7.0,5,2024,2026,5.0,128.5,5.0,3.0,-1,0.828,0.767,2018-2026,HN public discussion proxy; not direct sales data
ai_perplexity,Perplexity,AI Products,Success/Growing,AI search,08,Pricing / Quote,35,13.0,4,2023,2026,5.0,128.5,5.0,3.0,0,0.846,0.707,2018-2026,HN public discussion proxy; not direct sales data
ai_perplexity,Perplexity,AI Products,Success/Growing,AI search,09,Purchase Intent,10,4.5,3,2024,2025,5.0,128.5,5.0,3.0,-1,0.968,0.522,2018-2026,HN public discussion proxy; not direct sales data
ai_perplexity,Perplexity,AI Products,Success/Growing,AI search,10,Purchase,15,5.0,3,2023,2024,5.0,128.5,5.0,3.0,0,0.969,0.825,2018-2026,HN public discussion proxy; not direct sales data
ai_perplexity,Perplexity,AI Products,Success/Growing,AI search,11,Trial,25,12.0,15,2025,2025,5.0,128.5,5.0,3.0,-2,0.861,0.256,2018-2026,HN public discussion proxy; not direct sales data
ai_perplexity,Perplexity,AI Products,Success/Growing,AI search,12,Installation / Onboarding,42,20.5,14,2024,2026,5.0,128.5,5.0,3.0,-1,0.691,0.274,2018-2026,HN public discussion proxy; not direct sales data
ai_perplexity,Perplexity,AI Products,Success/Growing,AI search,13,Usage,417,128.5,85,2023,2025,5.0,128.5,5.0,3.0,0,1.0,0.66,2018-2026,HN public discussion proxy; not direct sales data
ai_perplexity,Perplexity,AI Products,Success/Growing,AI search,14,Failure / Friction,58,20.5,10,2023,2025,5.0,128.5,5.0,3.0,0,0.937,0.66,2018-2026,HN public discussion proxy; not direct sales data
ai_perplexity,Perplexity,AI Products,Success/Growing,AI search,15,Support,129,46.5,32,2024,2025,5.0,128.5,5.0,3.0,-1,0.972,0.545,2018-2026,HN public discussion proxy; not direct sales data
ai_perplexity,Perplexity,AI Products,Success/Growing,AI search,16,Dissatisfaction,12,5.0,3,2024,2025,5.0,128.5,5.0,3.0,-1,0.986,0.567,2018-2026,HN public discussion proxy; not direct sales data
ai_perplexity,Perplexity,AI Products,Success/Growing,AI search,17,Replacement,17,5.0,4,2023,2024,5.0,128.5,5.0,3.0,0,0.771,0.939,2018-2026,HN public discussion proxy; not direct sales data
ai_perplexity,Perplexity,AI Products,Success/Growing,AI search,18,Switching,13,6.0,6,2024,2025,5.0,128.5,5.0,3.0,-1,0.918,0.387,2018-2026,HN public discussion proxy; not direct sales data
ai_perplexity,Perplexity,AI Products,Success/Growing,AI search,19,Upgrade,8,4.5,4,2025,2025,5.0,128.5,5.0,3.0,-2,0.892,0.292,2018-2026,HN public discussion proxy; not direct sales data
ai_perplexity,Perplexity,AI Products,Success/Growing,AI search,20,Repeat Purchase,6,3.0,2,2025,2025,5.0,128.5,5.0,3.0,-2,0.936,0.529,2018-2026,HN public discussion proxy; not direct sales data
ai_jasper,Jasper,AI Products,Mixed/Stagnant,AI writing,01,Problem Recognition,15,4.5,4,2021,2025,1.0,3.0,1.0,1.0,,0.444,0.049,2018-2026,HN public discussion proxy; not direct sales data
ai_jasper,Jasper,AI Products,Mixed/Stagnant,AI writing,02,Search,13,1.5,6,2023,2023,1.0,3.0,1.0,1.0,,0.811,0.214,2018-2026,HN public discussion proxy; not direct sales data
ai_jasper,Jasper,AI Products,Mixed/Stagnant,AI writing,03,Recommendation Seeking,4,1.5,2,2023,2023,1.0,3.0,1.0,1.0,,0.854,-0.053,2018-2026,HN public discussion proxy; not direct sales data
ai_jasper,Jasper,AI Products,Mixed/Stagnant,AI writing,04,Solution Discovery,21,1.25,9,2018,2023,1.0,3.0,1.0,1.0,,0.923,0.08,2018-2026,HN public discussion proxy; not direct sales data
ai_jasper,Jasper,AI Products,Mixed/Stagnant,AI writing,05,Comparison,6,3.0,3,2023,2025,1.0,3.0,1.0,1.0,,0.559,-0.261,2018-2026,HN public discussion proxy; not direct sales data
ai_jasper,Jasper,AI Products,Mixed/Stagnant,AI writing,06,Alternative Seeking,5,0.667,4,2023,2023,1.0,3.0,1.0,1.0,,0.751,-0.05,2018-2026,HN public discussion proxy; not direct sales data
ai_jasper,Jasper,AI Products,Mixed/Stagnant,AI writing,07,Vendor / Provider Search,1,1.5,1,,2025,1.0,3.0,1.0,1.0,,0.168,-0.311,2018-2026,HN public discussion proxy; not direct sales data
ai_jasper,Jasper,AI Products,Mixed/Stagnant,AI writing,08,Pricing / Quote,4,1.5,2,2023,2023,1.0,3.0,1.0,1.0,,0.656,0.094,2018-2026,HN public discussion proxy; not direct sales data
ai_jasper,Jasper,AI Products,Mixed/Stagnant,AI writing,09,Purchase Intent,2,1.0,2,2023,2023,1.0,3.0,1.0,1.0,,0.817,0.028,2018-2026,HN public discussion proxy; not direct sales data
ai_jasper,Jasper,AI Products,Mixed/Stagnant,AI writing,10,Purchase,0,1.0,0,,2018,1.0,3.0,1.0,1.0,,,,2018-2026,HN public discussion proxy; not direct sales data
ai_jasper,Jasper,AI Products,Mixed/Stagnant,AI writing,11,Trial,5,1.5,1,2023,2023,1.0,3.0,1.0,1.0,,0.981,0.336,2018-2026,HN public discussion proxy; not direct sales data
ai_jasper,Jasper,AI Products,Mixed/Stagnant,AI writing,12,Installation / Onboarding,2,1.0,1,,2021,1.0,3.0,1.0,1.0,,0.418,0.216,2018-2026,HN public discussion proxy; not direct sales data
ai_jasper,Jasper,AI Products,Mixed/Stagnant,AI writing,13,Usage,22,3.0,5,2022,2023,1.0,3.0,1.0,1.0,,1.0,0.352,2018-2026,HN public discussion proxy; not direct sales data
ai_jasper,Jasper,AI Products,Mixed/Stagnant,AI writing,14,Failure / Friction,7,1.333,4,2023,2023,1.0,3.0,1.0,1.0,,0.798,-0.199,2018-2026,HN public discussion proxy; not direct sales data
ai_jasper,Jasper,AI Products,Mixed/Stagnant,AI writing,15,Support,8,1.333,3,2023,2023,1.0,3.0,1.0,1.0,,0.884,0.0,2018-2026,HN public discussion proxy; not direct sales data
ai_jasper,Jasper,AI Products,Mixed/Stagnant,AI writing,16,Dissatisfaction,0,1.0,0,,2018,1.0,3.0,1.0,1.0,,,,2018-2026,HN public discussion proxy; not direct sales data
ai_jasper,Jasper,AI Products,Mixed/Stagnant,AI writing,17,Replacement,0,1.0,0,,2018,1.0,3.0,1.0,1.0,,,,2018-2026,HN public discussion proxy; not direct sales data
ai_jasper,Jasper,AI Products,Mixed/Stagnant,AI writing,18,Switching,1,1.5,1,,2025,1.0,3.0,1.0,1.0,,0.168,-0.311,2018-2026,HN public discussion proxy; not direct sales data
ai_jasper,Jasper,AI Products,Mixed/Stagnant,AI writing,19,Upgrade,0,1.0,0,,2018,1.0,3.0,1.0,1.0,,,,2018-2026,HN public discussion proxy; not direct sales data
ai_jasper,Jasper,AI Products,Mixed/Stagnant,AI writing,20,Repeat Purchase,0,1.0,0,,2018,1.0,3.0,1.0,1.0,,,,2018-2026,HN public discussion proxy; not direct sales data
consumer_airpods,AirPods,Consumer Products,Success,wireless earbuds,01,Problem Recognition,2118,0.846,114,2018,2023,0.981,0.963,1.714,1.393,0,0.362,0.238,2018-2026,HN public discussion proxy; not direct sales data
consumer_airpods,AirPods,Consumer Products,Success,wireless earbuds,02,Search,1002,0.862,99,2018,2023,0.981,0.963,1.714,1.393,0,0.297,0.324,2018-2026,HN public discussion proxy; not direct sales data
consumer_airpods,AirPods,Consumer Products,Success,wireless earbuds,03,Recommendation Seeking,440,0.626,41,2018,2020,0.981,0.963,1.714,1.393,0,0.299,0.083,2018-2026,HN public discussion proxy; not direct sales data
consumer_airpods,AirPods,Consumer Products,Success,wireless earbuds,04,Solution Discovery,1142,0.139,182,2018,2023,0.981,0.963,1.714,1.393,0,0.342,0.449,2018-2026,HN public discussion proxy; not direct sales data
consumer_airpods,AirPods,Consumer Products,Success,wireless earbuds,05,Comparison,404,3.407,65,2019,2023,0.981,0.963,1.714,1.393,-1,0.699,0.043,2018-2026,HN public discussion proxy; not direct sales data
consumer_airpods,AirPods,Consumer Products,Success,wireless earbuds,06,Alternative Seeking,463,1.247,71,2019,2022,0.981,0.963,1.714,1.393,-1,0.528,0.146,2018-2026,HN public discussion proxy; not direct sales data
consumer_airpods,AirPods,Consumer Products,Success,wireless earbuds,07,Vendor / Provider Search,230,1.467,23,2018,2023,0.981,0.963,1.714,1.393,0,0.631,0.173,2018-2026,HN public discussion proxy; not direct sales data
consumer_airpods,AirPods,Consumer Products,Success,wireless earbuds,08,Pricing / Quote,418,1.25,31,2018,2023,0.981,0.963,1.714,1.393,0,0.5,-0.153,2018-2026,HN public discussion proxy; not direct sales data
consumer_airpods,AirPods,Consumer Products,Success,wireless earbuds,09,Purchase Intent,238,1.0,13,2018,2022,0.981,0.963,1.714,1.393,0,0.636,0.153,2018-2026,HN public discussion proxy; not direct sales data
consumer_airpods,AirPods,Consumer Products,Success,wireless earbuds,10,Purchase,1106,0.981,28,2018,2022,0.981,0.963,1.714,1.393,0,0.952,0.598,2018-2026,HN public discussion proxy; not direct sales data
consumer_airpods,AirPods,Consumer Products,Success,wireless earbuds,11,Trial,411,1.16,20,2018,2020,0.981,0.963,1.714,1.393,0,0.647,-0.284,2018-2026,HN public discussion proxy; not direct sales data
consumer_airpods,AirPods,Consumer Products,Success,wireless earbuds,12,Installation / Onboarding,607,1.12,45,2018,2022,0.981,0.963,1.714,1.393,0,0.822,-0.083,2018-2026,HN public discussion proxy; not direct sales data
consumer_airpods,AirPods,Consumer Products,Success,wireless earbuds,13,Usage,3230,0.963,108,2018,2022,0.981,0.963,1.714,1.393,0,0.978,0.442,2018-2026,HN public discussion proxy; not direct sales data
consumer_airpods,AirPods,Consumer Products,Success,wireless earbuds,14,Failure / Friction,894,1.272,55,2018,2022,0.981,0.963,1.714,1.393,0,0.875,0.352,2018-2026,HN public discussion proxy; not direct sales data
consumer_airpods,AirPods,Consumer Products,Success,wireless earbuds,15,Support,1714,0.98,61,2018,2022,0.981,0.963,1.714,1.393,0,0.917,0.68,2018-2026,HN public discussion proxy; not direct sales data
consumer_airpods,AirPods,Consumer Products,Success,wireless earbuds,16,Dissatisfaction,108,0.692,20,2019,2021,0.981,0.963,1.714,1.393,-1,0.542,0.58,2018-2026,HN public discussion proxy; not direct sales data
consumer_airpods,AirPods,Consumer Products,Success,wireless earbuds,17,Replacement,396,1.714,46,2018,2020,0.981,0.963,1.714,1.393,0,0.794,0.247,2018-2026,HN public discussion proxy; not direct sales data
consumer_airpods,AirPods,Consumer Products,Success,wireless earbuds,18,Switching,168,2.067,23,2019,2022,0.981,0.963,1.714,1.393,-1,0.681,0.266,2018-2026,HN public discussion proxy; not direct sales data
consumer_airpods,AirPods,Consumer Products,Success,wireless earbuds,19,Upgrade,522,0.848,34,2018,2023,0.981,0.963,1.714,1.393,0,0.748,0.358,2018-2026,HN public discussion proxy; not direct sales data
consumer_airpods,AirPods,Consumer Products,Success,wireless earbuds,20,Repeat Purchase,201,1.393,21,2018,2020,0.981,0.963,1.714,1.393,0,0.747,0.44,2018-2026,HN public discussion proxy; not direct sales data
consumer_robot_vacuum,Robot Vacuum,Consumer Products,Success/Category,home cleaning,01,Problem Recognition,164,1.519,13,2018,2024,2.5,2.588,3.143,2.2,0,0.484,0.603,2018-2026,HN public discussion proxy; not direct sales data
consumer_robot_vacuum,Robot Vacuum,Consumer Products,Success/Category,home cleaning,02,Search,66,2.2,7,2018,2025,2.5,2.588,3.143,2.2,0,0.726,0.191,2018-2026,HN public discussion proxy; not direct sales data
consumer_robot_vacuum,Robot Vacuum,Consumer Products,Success/Category,home cleaning,03,Recommendation Seeking,43,1.714,5,2018,2021,2.5,2.588,3.143,2.2,0,0.341,-0.092,2018-2026,HN public discussion proxy; not direct sales data
consumer_robot_vacuum,Robot Vacuum,Consumer Products,Success/Category,home cleaning,04,Solution Discovery,72,2.6,4,2018,2025,2.5,2.588,3.143,2.2,0,0.817,0.555,2018-2026,HN public discussion proxy; not direct sales data
consumer_robot_vacuum,Robot Vacuum,Consumer Products,Success/Category,home cleaning,05,Comparison,37,2.167,7,2018,2020,2.5,2.588,3.143,2.2,0,0.524,-0.221,2018-2026,HN public discussion proxy; not direct sales data
consumer_robot_vacuum,Robot Vacuum,Consumer Products,Success/Category,home cleaning,06,Alternative Seeking,39,2.0,4,2018,2024,2.5,2.588,3.143,2.2,0,0.484,0.686,2018-2026,HN public discussion proxy; not direct sales data
consumer_robot_vacuum,Robot Vacuum,Consumer Products,Success/Category,home cleaning,07,Vendor / Provider Search,19,1.667,6,2020,2020,2.5,2.588,3.143,2.2,-2,-0.135,0.16,2018-2026,HN public discussion proxy; not direct sales data
consumer_robot_vacuum,Robot Vacuum,Consumer Products,Success/Category,home cleaning,08,Pricing / Quote,17,1.75,3,2021,2023,2.5,2.588,3.143,2.2,-3,0.061,0.356,2018-2026,HN public discussion proxy; not direct sales data
consumer_robot_vacuum,Robot Vacuum,Consumer Products,Success/Category,home cleaning,09,Purchase Intent,16,0.833,4,2018,2022,2.5,2.588,3.143,2.2,0,-0.084,-0.274,2018-2026,HN public discussion proxy; not direct sales data
consumer_robot_vacuum,Robot Vacuum,Consumer Products,Success/Category,home cleaning,10,Purchase,89,2.5,15,2018,2025,2.5,2.588,3.143,2.2,0,0.928,0.221,2018-2026,HN public discussion proxy; not direct sales data
consumer_robot_vacuum,Robot Vacuum,Consumer Products,Success/Category,home cleaning,11,Trial,15,1.0,3,2018,2024,2.5,2.588,3.143,2.2,0,-0.182,0.636,2018-2026,HN public discussion proxy; not direct sales data
consumer_robot_vacuum,Robot Vacuum,Consumer Products,Success/Category,home cleaning,12,Installation / Onboarding,44,1.091,4,2018,2024,2.5,2.588,3.143,2.2,0,0.289,0.721,2018-2026,HN public discussion proxy; not direct sales data
consumer_robot_vacuum,Robot Vacuum,Consumer Products,Success/Category,home cleaning,13,Usage,132,2.588,6,2018,2025,2.5,2.588,3.143,2.2,0,0.831,0.598,2018-2026,HN public discussion proxy; not direct sales data
consumer_robot_vacuum,Robot Vacuum,Consumer Products,Success/Category,home cleaning,14,Failure / Friction,48,2.143,4,2018,2025,2.5,2.588,3.143,2.2,0,0.743,0.596,2018-2026,HN public discussion proxy; not direct sales data
consumer_robot_vacuum,Robot Vacuum,Consumer Products,Success/Category,home cleaning,15,Support,82,3.625,5,2019,2024,2.5,2.588,3.143,2.2,-1,0.761,0.697,2018-2026,HN public discussion proxy; not direct sales data
consumer_robot_vacuum,Robot Vacuum,Consumer Products,Success/Category,home cleaning,16,Dissatisfaction,13,0.8,3,2018,2018,2.5,2.588,3.143,2.2,0,0.038,-0.068,2018-2026,HN public discussion proxy; not direct sales data
consumer_robot_vacuum,Robot Vacuum,Consumer Products,Success/Category,home cleaning,17,Replacement,42,3.143,9,2019,2025,2.5,2.588,3.143,2.2,-1,0.938,0.416,2018-2026,HN public discussion proxy; not direct sales data
consumer_robot_vacuum,Robot Vacuum,Consumer Products,Success/Category,home cleaning,18,Switching,3,1.333,1,,2019,2.5,2.588,3.143,2.2,,0.484,-0.117,2018-2026,HN public discussion proxy; not direct sales data
consumer_robot_vacuum,Robot Vacuum,Consumer Products,Success/Category,home cleaning,19,Upgrade,19,5.5,3,2020,2026,2.5,2.588,3.143,2.2,-2,0.538,0.84,2018-2026,HN public discussion proxy; not direct sales data
consumer_robot_vacuum,Robot Vacuum,Consumer Products,Success/Category,home cleaning,20,Repeat Purchase,16,2.2,3,2018,2025,2.5,2.588,3.143,2.2,0,0.778,0.236,2018-2026,HN public discussion proxy; not direct sales data
consumer_peloton,Peloton,Consumer Products,Stagnant/Declined,connected fitness,01,Problem Recognition,24,0.667,3,2018,2021,0.429,0.333,0.667,0.75,1,0.885,0.137,2018-2026,HN public discussion proxy; not direct sales data
consumer_peloton,Peloton,Consumer Products,Stagnant/Declined,connected fitness,02,Search,31,0.3,9,2018,2021,0.429,0.333,0.667,0.75,1,0.857,-0.045,2018-2026,HN public discussion proxy; not direct sales data
consumer_peloton,Peloton,Consumer Products,Stagnant/Declined,connected fitness,03,Recommendation Seeking,11,0.75,2,2019,2021,0.429,0.333,0.667,0.75,0,0.864,0.276,2018-2026,HN public discussion proxy; not direct sales data
consumer_peloton,Peloton,Consumer Products,Stagnant/Declined,connected fitness,04,Solution Discovery,24,0.714,3,2018,2021,0.429,0.333,0.667,0.75,1,0.9,0.179,2018-2026,HN public discussion proxy; not direct sales data
consumer_peloton,Peloton,Consumer Products,Stagnant/Declined,connected fitness,05,Comparison,18,0.833,2,2018,2020,0.429,0.333,0.667,0.75,1,0.327,0.454,2018-2026,HN public discussion proxy; not direct sales data
consumer_peloton,Peloton,Consumer Products,Stagnant/Declined,connected fitness,06,Alternative Seeking,19,1.75,3,2019,2022,0.429,0.333,0.667,0.75,0,0.426,-0.417,2018-2026,HN public discussion proxy; not direct sales data
consumer_peloton,Peloton,Consumer Products,Stagnant/Declined,connected fitness,07,Vendor / Provider Search,7,0.5,2,2021,2021,0.429,0.333,0.667,0.75,-2,0.862,0.378,2018-2026,HN public discussion proxy; not direct sales data
consumer_peloton,Peloton,Consumer Products,Stagnant/Declined,connected fitness,08,Pricing / Quote,2,0.667,1,,2019,0.429,0.333,0.667,0.75,,0.767,0.074,2018-2026,HN public discussion proxy; not direct sales data
consumer_peloton,Peloton,Consumer Products,Stagnant/Declined,connected fitness,09,Purchase Intent,11,0.5,4,2018,2021,0.429,0.333,0.667,0.75,1,0.689,0.28,2018-2026,HN public discussion proxy; not direct sales data
consumer_peloton,Peloton,Consumer Products,Stagnant/Declined,connected fitness,10,Purchase,43,0.429,4,2019,2021,0.429,0.333,0.667,0.75,0,0.846,0.385,2018-2026,HN public discussion proxy; not direct sales data
consumer_peloton,Peloton,Consumer Products,Stagnant/Declined,connected fitness,11,Trial,21,0.8,2,2019,2024,0.429,0.333,0.667,0.75,0,0.437,-0.455,2018-2026,HN public discussion proxy; not direct sales data
consumer_peloton,Peloton,Consumer Products,Stagnant/Declined,connected fitness,12,Installation / Onboarding,12,1.4,3,2019,2019,0.429,0.333,0.667,0.75,0,0.111,-0.52,2018-2026,HN public discussion proxy; not direct sales data
consumer_peloton,Peloton,Consumer Products,Stagnant/Declined,connected fitness,13,Usage,76,0.333,16,2018,2021,0.429,0.333,0.667,0.75,1,0.949,0.069,2018-2026,HN public discussion proxy; not direct sales data
consumer_peloton,Peloton,Consumer Products,Stagnant/Declined,connected fitness,14,Failure / Friction,19,0.286,5,2018,2023,0.429,0.333,0.667,0.75,1,0.363,0.471,2018-2026,HN public discussion proxy; not direct sales data
consumer_peloton,Peloton,Consumer Products,Stagnant/Declined,connected fitness,15,Support,30,1.143,5,2019,2021,0.429,0.333,0.667,0.75,0,0.707,-0.108,2018-2026,HN public discussion proxy; not direct sales data
consumer_peloton,Peloton,Consumer Products,Stagnant/Declined,connected fitness,16,Dissatisfaction,3,1.0,1,,2021,0.429,0.333,0.667,0.75,,0.52,-0.073,2018-2026,HN public discussion proxy; not direct sales data
consumer_peloton,Peloton,Consumer Products,Stagnant/Declined,connected fitness,17,Replacement,3,0.667,1,,2018,0.429,0.333,0.667,0.75,,0.371,-0.1,2018-2026,HN public discussion proxy; not direct sales data
consumer_peloton,Peloton,Consumer Products,Stagnant/Declined,connected fitness,18,Switching,2,1.0,1,,2020,0.429,0.333,0.667,0.75,,0.122,0.49,2018-2026,HN public discussion proxy; not direct sales data
consumer_peloton,Peloton,Consumer Products,Stagnant/Declined,connected fitness,19,Upgrade,3,0.667,1,,2019,0.429,0.333,0.667,0.75,,0.743,-0.046,2018-2026,HN public discussion proxy; not direct sales data
consumer_peloton,Peloton,Consumer Products,Stagnant/Declined,connected fitness,20,Repeat Purchase,7,0.75,1,,2018,0.429,0.333,0.667,0.75,,-0.262,-0.068,2018-2026,HN public discussion proxy; not direct sales data
consumer_instant_pot,Instant Pot,Consumer Products,Stagnant/Declined,kitchen appliance,01,Problem Recognition,48,1.312,15,2018,2026,1.5,3.692,0.75,6.0,0,0.701,-0.267,2018-2026,HN public discussion proxy; not direct sales data
consumer_instant_pot,Instant Pot,Consumer Products,Stagnant/Declined,kitchen appliance,02,Search,51,5.429,32,2026,2026,1.5,3.692,0.75,6.0,-8,0.867,-0.01,2018-2026,HN public discussion proxy; not direct sales data
consumer_instant_pot,Instant Pot,Consumer Products,Stagnant/Declined,kitchen appliance,03,Recommendation Seeking,28,1.125,5,2018,2026,1.5,3.692,0.75,6.0,0,0.754,-0.326,2018-2026,HN public discussion proxy; not direct sales data
consumer_instant_pot,Instant Pot,Consumer Products,Stagnant/Declined,kitchen appliance,04,Solution Discovery,60,2.9,17,2018,2026,1.5,3.692,0.75,6.0,0,0.932,0.219,2018-2026,HN public discussion proxy; not direct sales data
consumer_instant_pot,Instant Pot,Consumer Products,Stagnant/Declined,kitchen appliance,05,Comparison,16,1.5,4,2023,2023,1.5,3.692,0.75,6.0,-5,0.73,-0.469,2018-2026,HN public discussion proxy; not direct sales data
consumer_instant_pot,Instant Pot,Consumer Products,Stagnant/Declined,kitchen appliance,06,Alternative Seeking,20,3.0,8,2020,2026,1.5,3.692,0.75,6.0,-2,0.831,-0.17,2018-2026,HN public discussion proxy; not direct sales data
consumer_instant_pot,Instant Pot,Consumer Products,Stagnant/Declined,kitchen appliance,07,Vendor / Provider Search,6,2.0,1,2024,2024,1.5,3.692,0.75,6.0,-6,0.17,-0.082,2018-2026,HN public discussion proxy; not direct sales data
consumer_instant_pot,Instant Pot,Consumer Products,Stagnant/Declined,kitchen appliance,08,Pricing / Quote,14,7.0,12,2026,2026,1.5,3.692,0.75,6.0,-8,0.912,0.061,2018-2026,HN public discussion proxy; not direct sales data
consumer_instant_pot,Instant Pot,Consumer Products,Stagnant/Declined,kitchen appliance,09,Purchase Intent,26,5.0,18,2022,2026,1.5,3.692,0.75,6.0,-4,0.871,0.134,2018-2026,HN public discussion proxy; not direct sales data
consumer_instant_pot,Instant Pot,Consumer Products,Stagnant/Declined,kitchen appliance,10,Purchase,67,1.5,12,2018,2023,1.5,3.692,0.75,6.0,0,0.697,-0.414,2018-2026,HN public discussion proxy; not direct sales data
consumer_instant_pot,Instant Pot,Consumer Products,Stagnant/Declined,kitchen appliance,11,Trial,8,1.667,3,2020,2026,1.5,3.692,0.75,6.0,-2,0.736,-0.342,2018-2026,HN public discussion proxy; not direct sales data
consumer_instant_pot,Instant Pot,Consumer Products,Stagnant/Declined,kitchen appliance,12,Installation / Onboarding,34,11.333,26,2026,2026,1.5,3.692,0.75,6.0,-8,0.851,0.749,2018-2026,HN public discussion proxy; not direct sales data
consumer_instant_pot,Instant Pot,Consumer Products,Stagnant/Declined,kitchen appliance,13,Usage,113,3.692,36,2018,2026,1.5,3.692,0.75,6.0,0,0.967,0.019,2018-2026,HN public discussion proxy; not direct sales data
consumer_instant_pot,Instant Pot,Consumer Products,Stagnant/Declined,kitchen appliance,14,Failure / Friction,37,4.8,22,2022,2026,1.5,3.692,0.75,6.0,-4,0.921,-0.272,2018-2026,HN public discussion proxy; not direct sales data
consumer_instant_pot,Instant Pot,Consumer Products,Stagnant/Declined,kitchen appliance,15,Support,30,7.333,14,2021,2026,1.5,3.692,0.75,6.0,-3,0.873,0.495,2018-2026,HN public discussion proxy; not direct sales data
consumer_instant_pot,Instant Pot,Consumer Products,Stagnant/Declined,kitchen appliance,16,Dissatisfaction,5,1.5,2,2023,2023,1.5,3.692,0.75,6.0,-5,0.523,-0.405,2018-2026,HN public discussion proxy; not direct sales data
consumer_instant_pot,Instant Pot,Consumer Products,Stagnant/Declined,kitchen appliance,17,Replacement,15,0.75,4,2018,2023,1.5,3.692,0.75,6.0,0,0.334,-0.309,2018-2026,HN public discussion proxy; not direct sales data
consumer_instant_pot,Instant Pot,Consumer Products,Stagnant/Declined,kitchen appliance,18,Switching,2,0.667,1,,2018,1.5,3.692,0.75,6.0,,0.069,-0.385,2018-2026,HN public discussion proxy; not direct sales data
consumer_instant_pot,Instant Pot,Consumer Products,Stagnant/Declined,kitchen appliance,19,Upgrade,11,2.5,4,2023,2023,1.5,3.692,0.75,6.0,-5,0.749,-0.163,2018-2026,HN public discussion proxy; not direct sales data
consumer_instant_pot,Instant Pot,Consumer Products,Stagnant/Declined,kitchen appliance,20,Repeat Purchase,33,6.0,22,2020,2026,1.5,3.692,0.75,6.0,-2,0.906,-0.233,2018-2026,HN public discussion proxy; not direct sales data
consumer_juicero,Juicero,Consumer Products,Failed,connected juicer,01,Problem Recognition,902,0.989,42,2018,2023,0.579,1.241,0.538,0.842,0,0.81,0.341,2018-2026,HN public discussion proxy; not direct sales data
consumer_juicero,Juicero,Consumer Products,Failed,connected juicer,02,Search,399,0.821,21,2018,2022,0.579,1.241,0.538,0.842,0,0.855,0.337,2018-2026,HN public discussion proxy; not direct sales data
consumer_juicero,Juicero,Consumer Products,Failed,connected juicer,03,Recommendation Seeking,281,0.779,33,2018,2022,0.579,1.241,0.538,0.842,0,0.606,0.103,2018-2026,HN public discussion proxy; not direct sales data
consumer_juicero,Juicero,Consumer Products,Failed,connected juicer,04,Solution Discovery,671,0.5,29,2018,2022,0.579,1.241,0.538,0.842,0,0.749,0.509,2018-2026,HN public discussion proxy; not direct sales data
consumer_juicero,Juicero,Consumer Products,Failed,connected juicer,05,Comparison,97,8.667,34,2021,2026,0.579,1.241,0.538,0.842,-3,-0.202,0.305,2018-2026,HN public discussion proxy; not direct sales data
consumer_juicero,Juicero,Consumer Products,Failed,connected juicer,06,Alternative Seeking,248,1.015,43,2018,2025,0.579,1.241,0.538,0.842,0,0.484,-0.471,2018-2026,HN public discussion proxy; not direct sales data
consumer_juicero,Juicero,Consumer Products,Failed,connected juicer,07,Vendor / Provider Search,110,1.261,8,2018,2023,0.579,1.241,0.538,0.842,0,0.595,-0.163,2018-2026,HN public discussion proxy; not direct sales data
consumer_juicero,Juicero,Consumer Products,Failed,connected juicer,08,Pricing / Quote,115,1.739,17,2018,2025,0.579,1.241,0.538,0.842,0,0.463,-0.53,2018-2026,HN public discussion proxy; not direct sales data
consumer_juicero,Juicero,Consumer Products,Failed,connected juicer,09,Purchase Intent,107,0.821,14,2018,2024,0.579,1.241,0.538,0.842,0,-0.078,0.075,2018-2026,HN public discussion proxy; not direct sales data
consumer_juicero,Juicero,Consumer Products,Failed,connected juicer,10,Purchase,268,0.579,17,2018,2022,0.579,1.241,0.538,0.842,0,0.884,0.257,2018-2026,HN public discussion proxy; not direct sales data
consumer_juicero,Juicero,Consumer Products,Failed,connected juicer,11,Trial,138,1.727,12,2018,2022,0.579,1.241,0.538,0.842,0,0.738,0.262,2018-2026,HN public discussion proxy; not direct sales data
consumer_juicero,Juicero,Consumer Products,Failed,connected juicer,12,Installation / Onboarding,142,1.767,22,2018,2026,0.579,1.241,0.538,0.842,0,0.116,-0.485,2018-2026,HN public discussion proxy; not direct sales data
consumer_juicero,Juicero,Consumer Products,Failed,connected juicer,13,Usage,1013,1.241,55,2018,2023,0.579,1.241,0.538,0.842,0,0.932,0.037,2018-2026,HN public discussion proxy; not direct sales data
consumer_juicero,Juicero,Consumer Products,Failed,connected juicer,14,Failure / Friction,343,1.111,20,2018,2024,0.579,1.241,0.538,0.842,0,0.232,0.693,2018-2026,HN public discussion proxy; not direct sales data
consumer_juicero,Juicero,Consumer Products,Failed,connected juicer,15,Support,405,1.23,14,2018,2023,0.579,1.241,0.538,0.842,0,0.807,0.322,2018-2026,HN public discussion proxy; not direct sales data
consumer_juicero,Juicero,Consumer Products,Failed,connected juicer,16,Dissatisfaction,24,1.667,8,2018,2026,0.579,1.241,0.538,0.842,0,-0.504,0.425,2018-2026,HN public discussion proxy; not direct sales data
consumer_juicero,Juicero,Consumer Products,Failed,connected juicer,17,Replacement,95,0.538,12,2018,2022,0.579,1.241,0.538,0.842,0,0.415,0.455,2018-2026,HN public discussion proxy; not direct sales data
consumer_juicero,Juicero,Consumer Products,Failed,connected juicer,18,Switching,34,0.6,3,2018,2021,0.579,1.241,0.538,0.842,0,0.06,0.6,2018-2026,HN public discussion proxy; not direct sales data
consumer_juicero,Juicero,Consumer Products,Failed,connected juicer,19,Upgrade,66,1.538,11,2018,2023,0.579,1.241,0.538,0.842,0,0.499,0.208,2018-2026,HN public discussion proxy; not direct sales data
consumer_juicero,Juicero,Consumer Products,Failed,connected juicer,20,Repeat Purchase,90,0.842,15,2018,2024,0.579,1.241,0.538,0.842,0,0.54,0.125,2018-2026,HN public discussion proxy; not direct sales data
b2b_marketing_agency,Marketing Agency,B2B Services,Service category,outsourced marketing,01,Problem Recognition,308,0.956,6,2018,2025,0.611,1.044,2.0,0.556,0,0.502,-0.615,2018-2026,HN public discussion proxy; not direct sales data
b2b_marketing_agency,Marketing Agency,B2B Services,Service category,outsourced marketing,02,Search,323,0.594,17,2018,2018,0.611,1.044,2.0,0.556,0,0.549,-0.519,2018-2026,HN public discussion proxy; not direct sales data
b2b_marketing_agency,Marketing Agency,B2B Services,Service category,outsourced marketing,03,Recommendation Seeking,91,0.548,9,2018,2019,0.611,1.044,2.0,0.556,0,-0.063,0.011,2018-2026,HN public discussion proxy; not direct sales data
b2b_marketing_agency,Marketing Agency,B2B Services,Service category,outsourced marketing,04,Solution Discovery,379,1.474,25,2018,2025,0.611,1.044,2.0,0.556,0,0.263,-0.316,2018-2026,HN public discussion proxy; not direct sales data
b2b_marketing_agency,Marketing Agency,B2B Services,Service category,outsourced marketing,05,Comparison,81,1.444,6,2018,2026,0.611,1.044,2.0,0.556,0,-0.331,0.197,2018-2026,HN public discussion proxy; not direct sales data
b2b_marketing_agency,Marketing Agency,B2B Services,Service category,outsourced marketing,06,Alternative Seeking,49,0.333,8,2018,2024,0.611,1.044,2.0,0.556,0,-0.204,0.544,2018-2026,HN public discussion proxy; not direct sales data
b2b_marketing_agency,Marketing Agency,B2B Services,Service category,outsourced marketing,07,Vendor / Provider Search,64,0.875,3,2018,2022,0.611,1.044,2.0,0.556,0,-0.067,-0.049,2018-2026,HN public discussion proxy; not direct sales data
b2b_marketing_agency,Marketing Agency,B2B Services,Service category,outsourced marketing,08,Pricing / Quote,60,1.286,3,2018,2025,0.611,1.044,2.0,0.556,0,-0.015,-0.2,2018-2026,HN public discussion proxy; not direct sales data
b2b_marketing_agency,Marketing Agency,B2B Services,Service category,outsourced marketing,09,Purchase Intent,27,0.875,5,2018,2023,0.611,1.044,2.0,0.556,0,0.613,-0.209,2018-2026,HN public discussion proxy; not direct sales data
b2b_marketing_agency,Marketing Agency,B2B Services,Service category,outsourced marketing,10,Purchase,67,0.611,3,2018,2020,0.611,1.044,2.0,0.556,0,0.509,-0.171,2018-2026,HN public discussion proxy; not direct sales data
b2b_marketing_agency,Marketing Agency,B2B Services,Service category,outsourced marketing,11,Trial,43,2.125,4,2018,2025,0.611,1.044,2.0,0.556,0,-0.107,-0.241,2018-2026,HN public discussion proxy; not direct sales data
b2b_marketing_agency,Marketing Agency,B2B Services,Service category,outsourced marketing,12,Installation / Onboarding,46,1.571,7,2018,2020,0.611,1.044,2.0,0.556,0,0.204,-0.441,2018-2026,HN public discussion proxy; not direct sales data
b2b_marketing_agency,Marketing Agency,B2B Services,Service category,outsourced marketing,13,Usage,291,1.044,14,2018,2025,0.611,1.044,2.0,0.556,0,0.915,-0.557,2018-2026,HN public discussion proxy; not direct sales data
b2b_marketing_agency,Marketing Agency,B2B Services,Service category,outsourced marketing,14,Failure / Friction,206,0.638,15,2018,2020,0.611,1.044,2.0,0.556,0,0.195,-0.293,2018-2026,HN public discussion proxy; not direct sales data
b2b_marketing_agency,Marketing Agency,B2B Services,Service category,outsourced marketing,15,Support,227,0.845,7,2018,2018,0.611,1.044,2.0,0.556,0,0.226,-0.566,2018-2026,HN public discussion proxy; not direct sales data
b2b_marketing_agency,Marketing Agency,B2B Services,Service category,outsourced marketing,16,Dissatisfaction,13,2.0,3,2022,2023,0.611,1.044,2.0,0.556,-4,0.261,0.278,2018-2026,HN public discussion proxy; not direct sales data
b2b_marketing_agency,Marketing Agency,B2B Services,Service category,outsourced marketing,17,Replacement,11,2.0,2,2019,2026,0.611,1.044,2.0,0.556,-1,-0.355,0.101,2018-2026,HN public discussion proxy; not direct sales data
b2b_marketing_agency,Marketing Agency,B2B Services,Service category,outsourced marketing,18,Switching,6,0.667,1,2018,2018,0.611,1.044,2.0,0.556,0,0.327,-0.178,2018-2026,HN public discussion proxy; not direct sales data
b2b_marketing_agency,Marketing Agency,B2B Services,Service category,outsourced marketing,19,Upgrade,19,0.5,6,2018,2022,0.611,1.044,2.0,0.556,0,0.422,0.326,2018-2026,HN public discussion proxy; not direct sales data
b2b_marketing_agency,Marketing Agency,B2B Services,Service category,outsourced marketing,20,Repeat Purchase,21,0.556,2,2018,2018,0.611,1.044,2.0,0.556,0,0.316,0.478,2018-2026,HN public discussion proxy; not direct sales data
b2b_it_support,IT Support,B2B Services,Service category,managed IT support,01,Problem Recognition,52833,1.051,3286,2018,2022,1.163,1.265,1.314,1.214,0,0.801,0.674,2018-2026,HN public discussion proxy; not direct sales data
b2b_it_support,IT Support,B2B Services,Service category,managed IT support,02,Search,19683,1.129,407,2018,2022,1.163,1.265,1.314,1.214,0,0.97,0.586,2018-2026,HN public discussion proxy; not direct sales data
b2b_it_support,IT Support,B2B Services,Service category,managed IT support,03,Recommendation Seeking,11476,1.041,370,2018,2022,1.163,1.265,1.314,1.214,0,0.935,0.729,2018-2026,HN public discussion proxy; not direct sales data
b2b_it_support,IT Support,B2B Services,Service category,managed IT support,04,Solution Discovery,29030,1.287,664,2018,2022,1.163,1.265,1.314,1.214,0,0.981,0.414,2018-2026,HN public discussion proxy; not direct sales data
b2b_it_support,IT Support,B2B Services,Service category,managed IT support,05,Comparison,15916,1.363,429,2018,2022,1.163,1.265,1.314,1.214,0,0.976,0.472,2018-2026,HN public discussion proxy; not direct sales data
b2b_it_support,IT Support,B2B Services,Service category,managed IT support,06,Alternative Seeking,16553,1.317,415,2018,2022,1.163,1.265,1.314,1.214,0,0.995,0.521,2018-2026,HN public discussion proxy; not direct sales data
b2b_it_support,IT Support,B2B Services,Service category,managed IT support,07,Vendor / Provider Search,11456,1.326,308,2018,2023,1.163,1.265,1.314,1.214,0,0.974,0.382,2018-2026,HN public discussion proxy; not direct sales data
b2b_it_support,IT Support,B2B Services,Service category,managed IT support,08,Pricing / Quote,5812,1.255,123,2018,2023,1.163,1.265,1.314,1.214,0,0.973,0.456,2018-2026,HN public discussion proxy; not direct sales data
b2b_it_support,IT Support,B2B Services,Service category,managed IT support,09,Purchase Intent,3895,1.615,356,2018,2025,1.163,1.265,1.314,1.214,0,0.734,-0.079,2018-2026,HN public discussion proxy; not direct sales data
b2b_it_support,IT Support,B2B Services,Service category,managed IT support,10,Purchase,8539,1.163,250,2018,2022,1.163,1.265,1.314,1.214,0,0.95,0.64,2018-2026,HN public discussion proxy; not direct sales data
b2b_it_support,IT Support,B2B Services,Service category,managed IT support,11,Trial,6075,1.626,173,2018,2025,1.163,1.265,1.314,1.214,0,0.868,0.409,2018-2026,HN public discussion proxy; not direct sales data
b2b_it_support,IT Support,B2B Services,Service category,managed IT support,12,Installation / Onboarding,21881,1.525,629,2018,2023,1.163,1.265,1.314,1.214,0,0.951,0.402,2018-2026,HN public discussion proxy; not direct sales data
b2b_it_support,IT Support,B2B Services,Service category,managed IT support,13,Usage,74054,1.265,1845,2018,2023,1.163,1.265,1.314,1.214,0,0.998,0.482,2018-2026,HN public discussion proxy; not direct sales data
b2b_it_support,IT Support,B2B Services,Service category,managed IT support,14,Failure / Friction,23854,1.151,620,2018,2022,1.163,1.265,1.314,1.214,0,0.972,0.639,2018-2026,HN public discussion proxy; not direct sales data
b2b_it_support,IT Support,B2B Services,Service category,managed IT support,15,Support,179990,2.341,26240,2018,2025,1.163,1.265,1.314,1.214,0,0.754,-0.168,2018-2026,HN public discussion proxy; not direct sales data
b2b_it_support,IT Support,B2B Services,Service category,managed IT support,16,Dissatisfaction,1976,1.189,146,2018,2023,1.163,1.265,1.314,1.214,0,0.646,0.188,2018-2026,HN public discussion proxy; not direct sales data
b2b_it_support,IT Support,B2B Services,Service category,managed IT support,17,Replacement,5553,1.314,132,2018,2023,1.163,1.265,1.314,1.214,0,0.983,0.531,2018-2026,HN public discussion proxy; not direct sales data
b2b_it_support,IT Support,B2B Services,Service category,managed IT support,18,Switching,2445,1.37,78,2018,2022,1.163,1.265,1.314,1.214,0,0.971,0.546,2018-2026,HN public discussion proxy; not direct sales data
b2b_it_support,IT Support,B2B Services,Service category,managed IT support,19,Upgrade,9637,1.115,270,2018,2023,1.163,1.265,1.314,1.214,0,0.97,0.59,2018-2026,HN public discussion proxy; not direct sales data
b2b_it_support,IT Support,B2B Services,Service category,managed IT support,20,Repeat Purchase,2483,1.214,65,2018,2022,1.163,1.265,1.314,1.214,0,0.917,0.73,2018-2026,HN public discussion proxy; not direct sales data
b2b_soc2_consultant,SOC2 Consultant,B2B Services,Service category,security compliance service,01,Problem Recognition,19,1.2,7,2018,2023,1.5,1.5,1.0,1.0,6,-0.186,0.706,2018-2026,HN public discussion proxy; not direct sales data
b2b_soc2_consultant,SOC2 Consultant,B2B Services,Service category,security compliance service,02,Search,20,0.833,6,2019,2022,1.5,1.5,1.0,1.0,5,0.237,-0.314,2018-2026,HN public discussion proxy; not direct sales data
b2b_soc2_consultant,SOC2 Consultant,B2B Services,Service category,security compliance service,03,Recommendation Seeking,8,4.0,3,2024,2025,1.5,1.5,1.0,1.0,0,0.854,0.123,2018-2026,HN public discussion proxy; not direct sales data
b2b_soc2_consultant,SOC2 Consultant,B2B Services,Service category,security compliance service,04,Solution Discovery,14,4.5,2,2022,2026,1.5,1.5,1.0,1.0,2,0.173,0.086,2018-2026,HN public discussion proxy; not direct sales data
b2b_soc2_consultant,SOC2 Consultant,B2B Services,Service category,security compliance service,05,Comparison,10,3.5,3,2026,2026,1.5,1.5,1.0,1.0,-2,-0.032,0.192,2018-2026,HN public discussion proxy; not direct sales data
b2b_soc2_consultant,SOC2 Consultant,B2B Services,Service category,security compliance service,06,Alternative Seeking,2,1.5,1,,2024,1.5,1.5,1.0,1.0,,0.96,0.385,2018-2026,HN public discussion proxy; not direct sales data
b2b_soc2_consultant,SOC2 Consultant,B2B Services,Service category,security compliance service,07,Vendor / Provider Search,24,1.833,3,2018,2026,1.5,1.5,1.0,1.0,6,-0.092,0.302,2018-2026,HN public discussion proxy; not direct sales data
b2b_soc2_consultant,SOC2 Consultant,B2B Services,Service category,security compliance service,08,Pricing / Quote,3,1.0,1,,2018,1.5,1.5,1.0,1.0,,-0.387,0.385,2018-2026,HN public discussion proxy; not direct sales data
b2b_soc2_consultant,SOC2 Consultant,B2B Services,Service category,security compliance service,09,Purchase Intent,1,1.0,1,,2022,1.5,1.5,1.0,1.0,,-0.11,-0.378,2018-2026,HN public discussion proxy; not direct sales data
b2b_soc2_consultant,SOC2 Consultant,B2B Services,Service category,security compliance service,10,Purchase,3,1.5,2,2024,2024,1.5,1.5,1.0,1.0,0,0.547,0.63,2018-2026,HN public discussion proxy; not direct sales data
b2b_soc2_consultant,SOC2 Consultant,B2B Services,Service category,security compliance service,11,Trial,3,1.0,1,,2021,1.5,1.5,1.0,1.0,,0.11,0.086,2018-2026,HN public discussion proxy; not direct sales data
b2b_soc2_consultant,SOC2 Consultant,B2B Services,Service category,security compliance service,12,Installation / Onboarding,7,1.333,1,2022,2022,1.5,1.5,1.0,1.0,2,-0.262,-0.252,2018-2026,HN public discussion proxy; not direct sales data
b2b_soc2_consultant,SOC2 Consultant,B2B Services,Service category,security compliance service,13,Usage,9,1.5,2,2024,2025,1.5,1.5,1.0,1.0,0,0.877,0.033,2018-2026,HN public discussion proxy; not direct sales data
b2b_soc2_consultant,SOC2 Consultant,B2B Services,Service category,security compliance service,14,Failure / Friction,11,0.4,2,2018,2022,1.5,1.5,1.0,1.0,6,-0.365,-0.641,2018-2026,HN public discussion proxy; not direct sales data
b2b_soc2_consultant,SOC2 Consultant,B2B Services,Service category,security compliance service,15,Support,11,2.0,3,2023,2025,1.5,1.5,1.0,1.0,1,0.422,0.285,2018-2026,HN public discussion proxy; not direct sales data
b2b_soc2_consultant,SOC2 Consultant,B2B Services,Service category,security compliance service,16,Dissatisfaction,3,0.5,1,2018,2018,1.5,1.5,1.0,1.0,6,-0.273,0.18,2018-2026,HN public discussion proxy; not direct sales data
b2b_soc2_consultant,SOC2 Consultant,B2B Services,Service category,security compliance service,17,Replacement,0,1.0,0,,2018,1.5,1.5,1.0,1.0,,,,2018-2026,HN public discussion proxy; not direct sales data
b2b_soc2_consultant,SOC2 Consultant,B2B Services,Service category,security compliance service,18,Switching,0,1.0,0,,2018,1.5,1.5,1.0,1.0,,,,2018-2026,HN public discussion proxy; not direct sales data
b2b_soc2_consultant,SOC2 Consultant,B2B Services,Service category,security compliance service,19,Upgrade,6,1.5,1,2022,2022,1.5,1.5,1.0,1.0,2,-0.195,-0.378,2018-2026,HN public discussion proxy; not direct sales data
b2b_soc2_consultant,SOC2 Consultant,B2B Services,Service category,security compliance service,20,Repeat Purchase,1,1.0,1,,2020,1.5,1.5,1.0,1.0,,-0.11,-0.378,2018-2026,HN public discussion proxy; not direct sales data
b2b_data_labeling,Data Labeling Service,B2B Services,Service category,AI data operations,01,Problem Recognition,44,1.375,5,2018,2020,1.0,1.0,1.5,0.667,,0.042,0.019,2018-2026,HN public discussion proxy; not direct sales data
b2b_data_labeling,Data Labeling Service,B2B Services,Service category,AI data operations,02,Search,32,0.8,2,2018,2018,1.0,1.0,1.5,0.667,,-0.005,0.109,2018-2026,HN public discussion proxy; not direct sales data
b2b_data_labeling,Data Labeling Service,B2B Services,Service category,AI data operations,03,Recommendation Seeking,5,2.0,2,2021,2021,1.0,1.0,1.5,0.667,,0.062,0.432,2018-2026,HN public discussion proxy; not direct sales data
b2b_data_labeling,Data Labeling Service,B2B Services,Service category,AI data operations,04,Solution Discovery,32,1.857,3,2018,2026,1.0,1.0,1.5,0.667,,0.124,0.307,2018-2026,HN public discussion proxy; not direct sales data
b2b_data_labeling,Data Labeling Service,B2B Services,Service category,AI data operations,05,Comparison,14,1.0,3,2019,2019,1.0,1.0,1.5,0.667,,0.724,0.33,2018-2026,HN public discussion proxy; not direct sales data
b2b_data_labeling,Data Labeling Service,B2B Services,Service category,AI data operations,06,Alternative Seeking,11,3.0,2,2020,2020,1.0,1.0,1.5,0.667,,-0.216,0.036,2018-2026,HN public discussion proxy; not direct sales data
b2b_data_labeling,Data Labeling Service,B2B Services,Service category,AI data operations,07,Vendor / Provider Search,8,0.6,3,2019,2022,1.0,1.0,1.5,0.667,,0.418,0.603,2018-2026,HN public discussion proxy; not direct sales data
b2b_data_labeling,Data Labeling Service,B2B Services,Service category,AI data operations,08,Pricing / Quote,12,4.5,5,2021,2025,1.0,1.0,1.5,0.667,,-0.124,0.374,2018-2026,HN public discussion proxy; not direct sales data
b2b_data_labeling,Data Labeling Service,B2B Services,Service category,AI data operations,09,Purchase Intent,7,1.0,2,2024,2024,1.0,1.0,1.5,0.667,,-0.875,-0.202,2018-2026,HN public discussion proxy; not direct sales data
b2b_data_labeling,Data Labeling Service,B2B Services,Service category,AI data operations,10,Purchase,3,1.0,1,,2019,1.0,1.0,1.5,0.667,,0.041,0.483,2018-2026,HN public discussion proxy; not direct sales data
b2b_data_labeling,Data Labeling Service,B2B Services,Service category,AI data operations,11,Trial,9,1.333,2,2022,2022,1.0,1.0,1.5,0.667,,0.122,0.252,2018-2026,HN public discussion proxy; not direct sales data
b2b_data_labeling,Data Labeling Service,B2B Services,Service category,AI data operations,12,Installation / Onboarding,9,1.0,2,2020,2020,1.0,1.0,1.5,0.667,,0.846,0.077,2018-2026,HN public discussion proxy; not direct sales data
b2b_data_labeling,Data Labeling Service,B2B Services,Service category,AI data operations,13,Usage,74,1.0,4,2018,2023,1.0,1.0,1.5,0.667,,0.909,-0.099,2018-2026,HN public discussion proxy; not direct sales data
b2b_data_labeling,Data Labeling Service,B2B Services,Service category,AI data operations,14,Failure / Friction,28,1.167,4,2019,2022,1.0,1.0,1.5,0.667,,0.823,0.169,2018-2026,HN public discussion proxy; not direct sales data
b2b_data_labeling,Data Labeling Service,B2B Services,Service category,AI data operations,15,Support,38,1.571,5,2018,2022,1.0,1.0,1.5,0.667,,0.446,-0.167,2018-2026,HN public discussion proxy; not direct sales data
b2b_data_labeling,Data Labeling Service,B2B Services,Service category,AI data operations,16,Dissatisfaction,1,1.5,1,,2025,1.0,1.0,1.5,0.667,,-0.407,-0.101,2018-2026,HN public discussion proxy; not direct sales data
b2b_data_labeling,Data Labeling Service,B2B Services,Service category,AI data operations,17,Replacement,3,1.5,1,,2021,1.0,1.0,1.5,0.667,,0.041,0.621,2018-2026,HN public discussion proxy; not direct sales data
b2b_data_labeling,Data Labeling Service,B2B Services,Service category,AI data operations,18,Switching,1,0.667,0,,2018,1.0,1.0,1.5,0.667,,-0.407,-0.101,2018-2026,HN public discussion proxy; not direct sales data
b2b_data_labeling,Data Labeling Service,B2B Services,Service category,AI data operations,19,Upgrade,7,0.667,1,2021,2022,1.0,1.0,1.5,0.667,,0.416,0.73,2018-2026,HN public discussion proxy; not direct sales data
b2b_data_labeling,Data Labeling Service,B2B Services,Service category,AI data operations,20,Repeat Purchase,3,0.667,1,,2019,1.0,1.0,1.5,0.667,,-0.326,0.207,2018-2026,HN public discussion proxy; not direct sales data
b2b_customer_support_outsourcing,Customer Support Outsourcing,B2B Services,Service category,outsourced support,01,Problem Recognition,33,1.286,5,2019,2025,1.0,0.875,1.0,0.667,,0.432,-0.721,2018-2026,HN public discussion proxy; not direct sales data
b2b_customer_support_outsourcing,Customer Support Outsourcing,B2B Services,Service category,outsourced support,02,Search,12,1.5,4,2019,2025,1.0,0.875,1.0,0.667,,0.284,-0.621,2018-2026,HN public discussion proxy; not direct sales data
b2b_customer_support_outsourcing,Customer Support Outsourcing,B2B Services,Service category,outsourced support,03,Recommendation Seeking,2,1.0,1,,2020,1.0,0.875,1.0,0.667,,0.282,-0.145,2018-2026,HN public discussion proxy; not direct sales data
b2b_customer_support_outsourcing,Customer Support Outsourcing,B2B Services,Service category,outsourced support,04,Solution Discovery,23,1.333,3,2019,2020,1.0,0.875,1.0,0.667,,0.187,-0.171,2018-2026,HN public discussion proxy; not direct sales data
b2b_customer_support_outsourcing,Customer Support Outsourcing,B2B Services,Service category,outsourced support,05,Comparison,8,0.4,2,2019,2019,1.0,0.875,1.0,0.667,,0.45,0.0,2018-2026,HN public discussion proxy; not direct sales data
b2b_customer_support_outsourcing,Customer Support Outsourcing,B2B Services,Service category,outsourced support,06,Alternative Seeking,6,2.0,2,2020,2020,1.0,0.875,1.0,0.667,,-0.123,-0.414,2018-2026,HN public discussion proxy; not direct sales data
b2b_customer_support_outsourcing,Customer Support Outsourcing,B2B Services,Service category,outsourced support,07,Vendor / Provider Search,15,1.75,2,2018,2024,1.0,0.875,1.0,0.667,,-0.453,-0.216,2018-2026,HN public discussion proxy; not direct sales data
b2b_customer_support_outsourcing,Customer Support Outsourcing,B2B Services,Service category,outsourced support,08,Pricing / Quote,7,1.333,2,2021,2021,1.0,0.875,1.0,0.667,,-0.546,-0.284,2018-2026,HN public discussion proxy; not direct sales data
b2b_customer_support_outsourcing,Customer Support Outsourcing,B2B Services,Service category,outsourced support,09,Purchase Intent,2,0.667,1,,2019,1.0,0.875,1.0,0.667,,0.101,0.241,2018-2026,HN public discussion proxy; not direct sales data
b2b_customer_support_outsourcing,Customer Support Outsourcing,B2B Services,Service category,outsourced support,10,Purchase,6,1.0,1,,2019,1.0,0.875,1.0,0.667,,0.107,0.194,2018-2026,HN public discussion proxy; not direct sales data
b2b_customer_support_outsourcing,Customer Support Outsourcing,B2B Services,Service category,outsourced support,11,Trial,3,0.667,2,2022,2022,1.0,0.875,1.0,0.667,,-0.188,-0.255,2018-2026,HN public discussion proxy; not direct sales data
b2b_customer_support_outsourcing,Customer Support Outsourcing,B2B Services,Service category,outsourced support,12,Installation / Onboarding,10,0.833,4,2019,2019,1.0,0.875,1.0,0.667,,0.553,0.273,2018-2026,HN public discussion proxy; not direct sales data
b2b_customer_support_outsourcing,Customer Support Outsourcing,B2B Services,Service category,outsourced support,13,Usage,21,0.875,2,2018,2019,1.0,0.875,1.0,0.667,,0.923,0.032,2018-2026,HN public discussion proxy; not direct sales data
b2b_customer_support_outsourcing,Customer Support Outsourcing,B2B Services,Service category,outsourced support,14,Failure / Friction,14,0.571,2,2018,2019,1.0,0.875,1.0,0.667,,0.464,0.601,2018-2026,HN public discussion proxy; not direct sales data
b2b_customer_support_outsourcing,Customer Support Outsourcing,B2B Services,Service category,outsourced support,15,Support,66,1.286,4,2018,2020,1.0,0.875,1.0,0.667,,0.484,-0.633,2018-2026,HN public discussion proxy; not direct sales data
b2b_customer_support_outsourcing,Customer Support Outsourcing,B2B Services,Service category,outsourced support,16,Dissatisfaction,0,1.0,0,,2018,1.0,0.875,1.0,0.667,,,,2018-2026,HN public discussion proxy; not direct sales data
b2b_customer_support_outsourcing,Customer Support Outsourcing,B2B Services,Service category,outsourced support,17,Replacement,0,1.0,0,,2018,1.0,0.875,1.0,0.667,,,,2018-2026,HN public discussion proxy; not direct sales data
b2b_customer_support_outsourcing,Customer Support Outsourcing,B2B Services,Service category,outsourced support,18,Switching,2,1.0,1,,2019,1.0,0.875,1.0,0.667,,0.645,0.048,2018-2026,HN public discussion proxy; not direct sales data
b2b_customer_support_outsourcing,Customer Support Outsourcing,B2B Services,Service category,outsourced support,19,Upgrade,1,1.5,1,,2026,1.0,0.875,1.0,0.667,,-0.293,,2018-2026,HN public discussion proxy; not direct sales data
b2b_customer_support_outsourcing,Customer Support Outsourcing,B2B Services,Service category,outsourced support,20,Repeat Purchase,2,0.667,1,,2019,1.0,0.875,1.0,0.667,,0.463,-0.145,2018-2026,HN public discussion proxy; not direct sales data
pro_accounting_service,Accounting Service,Professional Services,Service category,accounting and bookkeeping,01,Problem Recognition,403,0.828,31,2018,2021,0.833,1.064,0.7,1.0,0,0.551,0.264,2018-2026,HN public discussion proxy; not direct sales data
pro_accounting_service,Accounting Service,Professional Services,Service category,accounting and bookkeeping,02,Search,226,0.645,11,2018,2021,0.833,1.064,0.7,1.0,0,0.215,0.097,2018-2026,HN public discussion proxy; not direct sales data
pro_accounting_service,Accounting Service,Professional Services,Service category,accounting and bookkeeping,03,Recommendation Seeking,78,0.333,6,2018,2019,0.833,1.064,0.7,1.0,0,0.543,0.051,2018-2026,HN public discussion proxy; not direct sales data
pro_accounting_service,Accounting Service,Professional Services,Service category,accounting and bookkeeping,04,Solution Discovery,265,0.714,18,2018,2023,0.833,1.064,0.7,1.0,0,0.59,0.375,2018-2026,HN public discussion proxy; not direct sales data
pro_accounting_service,Accounting Service,Professional Services,Service category,accounting and bookkeeping,05,Comparison,129,0.821,12,2018,2021,0.833,1.064,0.7,1.0,0,0.568,0.426,2018-2026,HN public discussion proxy; not direct sales data
pro_accounting_service,Accounting Service,Professional Services,Service category,accounting and bookkeeping,06,Alternative Seeking,111,0.773,6,2018,2020,0.833,1.064,0.7,1.0,0,0.166,0.519,2018-2026,HN public discussion proxy; not direct sales data
pro_accounting_service,Accounting Service,Professional Services,Service category,accounting and bookkeeping,07,Vendor / Provider Search,89,1.368,8,2018,2021,0.833,1.064,0.7,1.0,0,0.487,-0.345,2018-2026,HN public discussion proxy; not direct sales data
pro_accounting_service,Accounting Service,Professional Services,Service category,accounting and bookkeeping,08,Pricing / Quote,106,1.0,5,2018,2023,0.833,1.064,0.7,1.0,0,0.341,0.325,2018-2026,HN public discussion proxy; not direct sales data
pro_accounting_service,Accounting Service,Professional Services,Service category,accounting and bookkeeping,09,Purchase Intent,80,0.889,6,2018,2021,0.833,1.064,0.7,1.0,0,0.505,0.341,2018-2026,HN public discussion proxy; not direct sales data
pro_accounting_service,Accounting Service,Professional Services,Service category,accounting and bookkeeping,10,Purchase,73,0.833,7,2018,2022,0.833,1.064,0.7,1.0,0,0.874,-0.37,2018-2026,HN public discussion proxy; not direct sales data
pro_accounting_service,Accounting Service,Professional Services,Service category,accounting and bookkeeping,11,Trial,79,1.75,14,2018,2025,0.833,1.064,0.7,1.0,0,0.107,-0.385,2018-2026,HN public discussion proxy; not direct sales data
pro_accounting_service,Accounting Service,Professional Services,Service category,accounting and bookkeeping,12,Installation / Onboarding,76,0.737,5,2018,2019,0.833,1.064,0.7,1.0,0,0.581,0.115,2018-2026,HN public discussion proxy; not direct sales data
pro_accounting_service,Accounting Service,Professional Services,Service category,accounting and bookkeeping,13,Usage,390,1.064,24,2018,2021,0.833,1.064,0.7,1.0,0,0.987,-0.408,2018-2026,HN public discussion proxy; not direct sales data
pro_accounting_service,Accounting Service,Professional Services,Service category,accounting and bookkeeping,14,Failure / Friction,222,0.646,7,2018,2021,0.833,1.064,0.7,1.0,0,0.4,0.625,2018-2026,HN public discussion proxy; not direct sales data
pro_accounting_service,Accounting Service,Professional Services,Service category,accounting and bookkeeping,15,Support,378,0.843,20,2018,2021,0.833,1.064,0.7,1.0,0,0.611,0.322,2018-2026,HN public discussion proxy; not direct sales data
pro_accounting_service,Accounting Service,Professional Services,Service category,accounting and bookkeeping,16,Dissatisfaction,10,1.0,4,2020,2020,0.833,1.064,0.7,1.0,-2,-0.482,0.473,2018-2026,HN public discussion proxy; not direct sales data
pro_accounting_service,Accounting Service,Professional Services,Service category,accounting and bookkeeping,17,Replacement,32,0.7,3,2018,2023,0.833,1.064,0.7,1.0,0,-0.313,0.549,2018-2026,HN public discussion proxy; not direct sales data
pro_accounting_service,Accounting Service,Professional Services,Service category,accounting and bookkeeping,18,Switching,13,1.2,2,2019,2026,0.833,1.064,0.7,1.0,-1,-0.463,0.222,2018-2026,HN public discussion proxy; not direct sales data
pro_accounting_service,Accounting Service,Professional Services,Service category,accounting and bookkeeping,19,Upgrade,41,1.0,6,2018,2019,0.833,1.064,0.7,1.0,0,-0.143,-0.506,2018-2026,HN public discussion proxy; not direct sales data
pro_accounting_service,Accounting Service,Professional Services,Service category,accounting and bookkeeping,20,Repeat Purchase,48,1.0,3,2018,2021,0.833,1.064,0.7,1.0,0,0.701,-0.011,2018-2026,HN public discussion proxy; not direct sales data
pro_legal_service,Legal Service,Professional Services,Service category,legal support,01,Problem Recognition,2111,0.813,82,2018,2021,1.03,0.922,1.391,0.692,0,0.852,0.864,2018-2026,HN public discussion proxy; not direct sales data
pro_legal_service,Legal Service,Professional Services,Service category,legal support,02,Search,666,0.803,22,2018,2021,1.03,0.922,1.391,0.692,0,0.657,0.542,2018-2026,HN public discussion proxy; not direct sales data
pro_legal_service,Legal Service,Professional Services,Service category,legal support,03,Recommendation Seeking,377,1.065,22,2018,2022,1.03,0.922,1.391,0.692,0,0.866,0.625,2018-2026,HN public discussion proxy; not direct sales data
pro_legal_service,Legal Service,Professional Services,Service category,legal support,04,Solution Discovery,1304,0.961,55,2018,2021,1.03,0.922,1.391,0.692,0,0.828,0.675,2018-2026,HN public discussion proxy; not direct sales data
pro_legal_service,Legal Service,Professional Services,Service category,legal support,05,Comparison,427,1.036,16,2018,2021,1.03,0.922,1.391,0.692,0,0.772,0.375,2018-2026,HN public discussion proxy; not direct sales data
pro_legal_service,Legal Service,Professional Services,Service category,legal support,06,Alternative Seeking,672,1.033,31,2018,2021,1.03,0.922,1.391,0.692,0,0.633,0.718,2018-2026,HN public discussion proxy; not direct sales data
pro_legal_service,Legal Service,Professional Services,Service category,legal support,07,Vendor / Provider Search,485,1.27,19,2018,2021,1.03,0.922,1.391,0.692,0,0.536,0.18,2018-2026,HN public discussion proxy; not direct sales data
pro_legal_service,Legal Service,Professional Services,Service category,legal support,08,Pricing / Quote,333,1.136,30,2018,2021,1.03,0.922,1.391,0.692,0,0.776,0.27,2018-2026,HN public discussion proxy; not direct sales data
pro_legal_service,Legal Service,Professional Services,Service category,legal support,09,Purchase Intent,293,0.883,12,2018,2020,1.03,0.922,1.391,0.692,0,0.352,0.778,2018-2026,HN public discussion proxy; not direct sales data
pro_legal_service,Legal Service,Professional Services,Service category,legal support,10,Purchase,378,1.03,10,2018,2023,1.03,0.922,1.391,0.692,0,0.956,0.503,2018-2026,HN public discussion proxy; not direct sales data
pro_legal_service,Legal Service,Professional Services,Service category,legal support,11,Trial,370,1.139,13,2018,2022,1.03,0.922,1.391,0.692,0,0.843,0.093,2018-2026,HN public discussion proxy; not direct sales data
pro_legal_service,Legal Service,Professional Services,Service category,legal support,12,Installation / Onboarding,429,1.176,26,2018,2022,1.03,0.922,1.391,0.692,0,0.779,0.561,2018-2026,HN public discussion proxy; not direct sales data
pro_legal_service,Legal Service,Professional Services,Service category,legal support,13,Usage,2828,0.922,67,2018,2022,1.03,0.922,1.391,0.692,0,0.994,0.582,2018-2026,HN public discussion proxy; not direct sales data
pro_legal_service,Legal Service,Professional Services,Service category,legal support,14,Failure / Friction,817,0.946,17,2018,2022,1.03,0.922,1.391,0.692,0,0.887,0.691,2018-2026,HN public discussion proxy; not direct sales data
pro_legal_service,Legal Service,Professional Services,Service category,legal support,15,Support,1854,0.959,38,2018,2023,1.03,0.922,1.391,0.692,0,0.951,0.554,2018-2026,HN public discussion proxy; not direct sales data
pro_legal_service,Legal Service,Professional Services,Service category,legal support,16,Dissatisfaction,49,0.625,6,2018,2022,1.03,0.922,1.391,0.692,0,0.594,0.771,2018-2026,HN public discussion proxy; not direct sales data
pro_legal_service,Legal Service,Professional Services,Service category,legal support,17,Replacement,140,1.391,6,2018,2023,1.03,0.922,1.391,0.692,0,0.735,0.269,2018-2026,HN public discussion proxy; not direct sales data
pro_legal_service,Legal Service,Professional Services,Service category,legal support,18,Switching,62,0.647,10,2018,2024,1.03,0.922,1.391,0.692,0,0.198,-0.385,2018-2026,HN public discussion proxy; not direct sales data
pro_legal_service,Legal Service,Professional Services,Service category,legal support,19,Upgrade,112,1.0,9,2018,2022,1.03,0.922,1.391,0.692,0,0.734,0.33,2018-2026,HN public discussion proxy; not direct sales data
pro_legal_service,Legal Service,Professional Services,Service category,legal support,20,Repeat Purchase,227,0.692,15,2018,2022,1.03,0.922,1.391,0.692,0,0.718,0.621,2018-2026,HN public discussion proxy; not direct sales data
pro_recruiting_agency,Recruiting Agency,Professional Services,Service category,hiring and recruiting,01,Problem Recognition,56,0.5,6,2018,2020,0.5,0.917,1.0,1.5,1,0.731,0.468,2018-2026,HN public discussion proxy; not direct sales data
pro_recruiting_agency,Recruiting Agency,Professional Services,Service category,hiring and recruiting,02,Search,83,0.824,5,2018,2021,0.5,0.917,1.0,1.5,1,0.537,-0.144,2018-2026,HN public discussion proxy; not direct sales data
pro_recruiting_agency,Recruiting Agency,Professional Services,Service category,hiring and recruiting,03,Recommendation Seeking,23,1.0,3,2019,2020,0.5,0.917,1.0,1.5,0,0.539,0.0,2018-2026,HN public discussion proxy; not direct sales data
pro_recruiting_agency,Recruiting Agency,Professional Services,Service category,hiring and recruiting,04,Solution Discovery,78,1.125,5,2018,2025,0.5,0.917,1.0,1.5,1,0.375,-0.823,2018-2026,HN public discussion proxy; not direct sales data
pro_recruiting_agency,Recruiting Agency,Professional Services,Service category,hiring and recruiting,05,Comparison,13,0.6,3,2019,2021,0.5,0.917,1.0,1.5,0,0.016,0.0,2018-2026,HN public discussion proxy; not direct sales data
pro_recruiting_agency,Recruiting Agency,Professional Services,Service category,hiring and recruiting,06,Alternative Seeking,14,0.571,2,2018,2018,0.5,0.917,1.0,1.5,1,-0.605,0.034,2018-2026,HN public discussion proxy; not direct sales data
pro_recruiting_agency,Recruiting Agency,Professional Services,Service category,hiring and recruiting,07,Vendor / Provider Search,11,0.833,2,2019,2019,0.5,0.917,1.0,1.5,0,-0.357,0.606,2018-2026,HN public discussion proxy; not direct sales data
pro_recruiting_agency,Recruiting Agency,Professional Services,Service category,hiring and recruiting,08,Pricing / Quote,5,1.0,1,,2019,0.5,0.917,1.0,1.5,,0.418,0.306,2018-2026,HN public discussion proxy; not direct sales data
pro_recruiting_agency,Recruiting Agency,Professional Services,Service category,hiring and recruiting,09,Purchase Intent,6,1.0,2,2021,2021,0.5,0.917,1.0,1.5,-2,-0.134,0.22,2018-2026,HN public discussion proxy; not direct sales data
pro_recruiting_agency,Recruiting Agency,Professional Services,Service category,hiring and recruiting,10,Purchase,2,0.5,2,2019,2019,0.5,0.917,1.0,1.5,0,0.189,0.772,2018-2026,HN public discussion proxy; not direct sales data
pro_recruiting_agency,Recruiting Agency,Professional Services,Service category,hiring and recruiting,11,Trial,6,1.0,2,2024,2024,0.5,0.917,1.0,1.5,-5,-0.601,0.0,2018-2026,HN public discussion proxy; not direct sales data
pro_recruiting_agency,Recruiting Agency,Professional Services,Service category,hiring and recruiting,12,Installation / Onboarding,7,1.0,1,2025,2025,0.5,0.917,1.0,1.5,-6,0.236,-0.255,2018-2026,HN public discussion proxy; not direct sales data
pro_recruiting_agency,Recruiting Agency,Professional Services,Service category,hiring and recruiting,13,Usage,52,0.917,6,2018,2020,0.5,0.917,1.0,1.5,1,0.956,0.086,2018-2026,HN public discussion proxy; not direct sales data
pro_recruiting_agency,Recruiting Agency,Professional Services,Service category,hiring and recruiting,14,Failure / Friction,56,0.353,9,2018,2021,0.5,0.917,1.0,1.5,1,0.058,0.425,2018-2026,HN public discussion proxy; not direct sales data
pro_recruiting_agency,Recruiting Agency,Professional Services,Service category,hiring and recruiting,15,Support,38,1.0,2,2018,2024,0.5,0.917,1.0,1.5,1,-0.524,-0.376,2018-2026,HN public discussion proxy; not direct sales data
pro_recruiting_agency,Recruiting Agency,Professional Services,Service category,hiring and recruiting,16,Dissatisfaction,5,0.667,2,2020,2020,0.5,0.917,1.0,1.5,-1,0.571,0.06,2018-2026,HN public discussion proxy; not direct sales data
pro_recruiting_agency,Recruiting Agency,Professional Services,Service category,hiring and recruiting,17,Replacement,1,1.0,1,,2023,0.5,0.917,1.0,1.5,,0.047,-0.309,2018-2026,HN public discussion proxy; not direct sales data
pro_recruiting_agency,Recruiting Agency,Professional Services,Service category,hiring and recruiting,18,Switching,2,1.0,1,,2022,0.5,0.917,1.0,1.5,,-0.036,-0.236,2018-2026,HN public discussion proxy; not direct sales data
pro_recruiting_agency,Recruiting Agency,Professional Services,Service category,hiring and recruiting,19,Upgrade,0,1.0,0,,2018,0.5,0.917,1.0,1.5,,,,2018-2026,HN public discussion proxy; not direct sales data
pro_recruiting_agency,Recruiting Agency,Professional Services,Service category,hiring and recruiting,20,Repeat Purchase,5,1.5,2,2021,2021,0.5,0.917,1.0,1.5,-2,0.043,-0.44,2018-2026,HN public discussion proxy; not direct sales data
pro_design_agency,Design Agency,Professional Services,Service category,design services,01,Problem Recognition,571,1.2,22,2018,2022,0.818,1.506,3.667,1.5,0,0.821,0.634,2018-2026,HN public discussion proxy; not direct sales data
pro_design_agency,Design Agency,Professional Services,Service category,design services,02,Search,539,0.927,20,2018,2021,0.818,1.506,3.667,1.5,0,0.267,0.068,2018-2026,HN public discussion proxy; not direct sales data
pro_design_agency,Design Agency,Professional Services,Service category,design services,03,Recommendation Seeking,102,1.182,5,2018,2022,0.818,1.506,3.667,1.5,0,0.357,0.311,2018-2026,HN public discussion proxy; not direct sales data
pro_design_agency,Design Agency,Professional Services,Service category,design services,04,Solution Discovery,598,1.614,40,2018,2025,0.818,1.506,3.667,1.5,0,0.845,0.044,2018-2026,HN public discussion proxy; not direct sales data
pro_design_agency,Design Agency,Professional Services,Service category,design services,05,Comparison,81,1.353,5,2018,2022,0.818,1.506,3.667,1.5,0,0.515,0.014,2018-2026,HN public discussion proxy; not direct sales data
pro_design_agency,Design Agency,Professional Services,Service category,design services,06,Alternative Seeking,88,1.056,4,2018,2022,0.818,1.506,3.667,1.5,0,0.465,0.585,2018-2026,HN public discussion proxy; not direct sales data
pro_design_agency,Design Agency,Professional Services,Service category,design services,07,Vendor / Provider Search,72,1.846,7,2018,2021,0.818,1.506,3.667,1.5,0,0.017,0.112,2018-2026,HN public discussion proxy; not direct sales data
pro_design_agency,Design Agency,Professional Services,Service category,design services,08,Pricing / Quote,60,2.75,6,2018,2025,0.818,1.506,3.667,1.5,0,0.613,0.176,2018-2026,HN public discussion proxy; not direct sales data
pro_design_agency,Design Agency,Professional Services,Service category,design services,09,Purchase Intent,34,0.444,5,2018,2022,0.818,1.506,3.667,1.5,0,0.544,0.253,2018-2026,HN public discussion proxy; not direct sales data
pro_design_agency,Design Agency,Professional Services,Service category,design services,10,Purchase,58,0.818,5,2018,2022,0.818,1.506,3.667,1.5,0,0.608,0.726,2018-2026,HN public discussion proxy; not direct sales data
pro_design_agency,Design Agency,Professional Services,Service category,design services,11,Trial,75,1.917,4,2018,2023,0.818,1.506,3.667,1.5,0,0.577,0.206,2018-2026,HN public discussion proxy; not direct sales data
pro_design_agency,Design Agency,Professional Services,Service category,design services,12,Installation / Onboarding,83,1.692,6,2018,2023,0.818,1.506,3.667,1.5,0,0.572,0.009,2018-2026,HN public discussion proxy; not direct sales data
pro_design_agency,Design Agency,Professional Services,Service category,design services,13,Usage,528,1.506,25,2018,2025,0.818,1.506,3.667,1.5,0,0.982,0.26,2018-2026,HN public discussion proxy; not direct sales data
pro_design_agency,Design Agency,Professional Services,Service category,design services,14,Failure / Friction,299,1.157,24,2018,2022,0.818,1.506,3.667,1.5,0,0.529,0.491,2018-2026,HN public discussion proxy; not direct sales data
pro_design_agency,Design Agency,Professional Services,Service category,design services,15,Support,293,1.245,15,2018,2021,0.818,1.506,3.667,1.5,0,0.898,0.383,2018-2026,HN public discussion proxy; not direct sales data
pro_design_agency,Design Agency,Professional Services,Service category,design services,16,Dissatisfaction,6,2.5,3,2021,2021,0.818,1.506,3.667,1.5,-3,0.506,0.073,2018-2026,HN public discussion proxy; not direct sales data
pro_design_agency,Design Agency,Professional Services,Service category,design services,17,Replacement,27,3.667,2,2020,2024,0.818,1.506,3.667,1.5,-2,0.657,0.538,2018-2026,HN public discussion proxy; not direct sales data
pro_design_agency,Design Agency,Professional Services,Service category,design services,18,Switching,15,1.5,2,2021,2025,0.818,1.506,3.667,1.5,-3,0.732,-0.017,2018-2026,HN public discussion proxy; not direct sales data
pro_design_agency,Design Agency,Professional Services,Service category,design services,19,Upgrade,38,0.692,3,2018,2019,0.818,1.506,3.667,1.5,0,0.169,-0.634,2018-2026,HN public discussion proxy; not direct sales data
pro_design_agency,Design Agency,Professional Services,Service category,design services,20,Repeat Purchase,18,1.5,3,2021,2021,0.818,1.506,3.667,1.5,-3,0.648,0.222,2018-2026,HN public discussion proxy; not direct sales data
pro_tax_preparation,Tax Preparation,Professional Services,Service category,tax filing,01,Problem Recognition,61,2.2,5,2018,2025,1.5,1.083,0.667,1.333,,0.265,-0.352,2018-2026,HN public discussion proxy; not direct sales data
pro_tax_preparation,Tax Preparation,Professional Services,Service category,tax filing,02,Search,19,1.333,3,2020,2021,1.5,1.083,0.667,1.333,,0.526,0.607,2018-2026,HN public discussion proxy; not direct sales data
pro_tax_preparation,Tax Preparation,Professional Services,Service category,tax filing,03,Recommendation Seeking,13,0.667,2,2018,2021,1.5,1.083,0.667,1.333,,0.483,-0.273,2018-2026,HN public discussion proxy; not direct sales data
pro_tax_preparation,Tax Preparation,Professional Services,Service category,tax filing,04,Solution Discovery,47,0.412,13,2018,2021,1.5,1.083,0.667,1.333,,0.491,-0.051,2018-2026,HN public discussion proxy; not direct sales data
pro_tax_preparation,Tax Preparation,Professional Services,Service category,tax filing,05,Comparison,14,0.429,3,2019,2019,1.5,1.083,0.667,1.333,,0.176,-0.441,2018-2026,HN public discussion proxy; not direct sales data
pro_tax_preparation,Tax Preparation,Professional Services,Service category,tax filing,06,Alternative Seeking,19,1.5,2,2019,2023,1.5,1.083,0.667,1.333,,0.732,-0.509,2018-2026,HN public discussion proxy; not direct sales data
pro_tax_preparation,Tax Preparation,Professional Services,Service category,tax filing,07,Vendor / Provider Search,11,2.333,5,2021,2025,1.5,1.083,0.667,1.333,,0.428,-0.461,2018-2026,HN public discussion proxy; not direct sales data
pro_tax_preparation,Tax Preparation,Professional Services,Service category,tax filing,08,Pricing / Quote,10,1.2,2,2019,2019,1.5,1.083,0.667,1.333,,0.289,-0.642,2018-2026,HN public discussion proxy; not direct sales data
pro_tax_preparation,Tax Preparation,Professional Services,Service category,tax filing,09,Purchase Intent,8,2.0,2,2020,2020,1.5,1.083,0.667,1.333,,0.249,0.117,2018-2026,HN public discussion proxy; not direct sales data
pro_tax_preparation,Tax Preparation,Professional Services,Service category,tax filing,10,Purchase,4,1.5,1,,2020,1.5,1.083,0.667,1.333,,0.377,0.354,2018-2026,HN public discussion proxy; not direct sales data
pro_tax_preparation,Tax Preparation,Professional Services,Service category,tax filing,11,Trial,15,1.0,3,2019,2020,1.5,1.083,0.667,1.333,,0.196,-0.075,2018-2026,HN public discussion proxy; not direct sales data
pro_tax_preparation,Tax Preparation,Professional Services,Service category,tax filing,12,Installation / Onboarding,9,1.667,3,2023,2023,1.5,1.083,0.667,1.333,,0.102,-0.309,2018-2026,HN public discussion proxy; not direct sales data
pro_tax_preparation,Tax Preparation,Professional Services,Service category,tax filing,13,Usage,54,1.083,10,2018,2021,1.5,1.083,0.667,1.333,,0.944,-0.296,2018-2026,HN public discussion proxy; not direct sales data
pro_tax_preparation,Tax Preparation,Professional Services,Service category,tax filing,14,Failure / Friction,28,1.0,5,2018,2019,1.5,1.083,0.667,1.333,,0.115,-0.586,2018-2026,HN public discussion proxy; not direct sales data
pro_tax_preparation,Tax Preparation,Professional Services,Service category,tax filing,15,Support,47,0.556,6,2018,2019,1.5,1.083,0.667,1.333,,0.291,-0.579,2018-2026,HN public discussion proxy; not direct sales data
pro_tax_preparation,Tax Preparation,Professional Services,Service category,tax filing,16,Dissatisfaction,0,1.0,0,,2018,1.5,1.083,0.667,1.333,,,,2018-2026,HN public discussion proxy; not direct sales data
pro_tax_preparation,Tax Preparation,Professional Services,Service category,tax filing,17,Replacement,1,0.667,1,,2019,1.5,1.083,0.667,1.333,,0.18,-0.631,2018-2026,HN public discussion proxy; not direct sales data
pro_tax_preparation,Tax Preparation,Professional Services,Service category,tax filing,18,Switching,2,1.5,1,,2022,1.5,1.083,0.667,1.333,,-0.01,0.134,2018-2026,HN public discussion proxy; not direct sales data
pro_tax_preparation,Tax Preparation,Professional Services,Service category,tax filing,19,Upgrade,3,1.0,1,,2018,1.5,1.083,0.667,1.333,,-0.555,0.17,2018-2026,HN public discussion proxy; not direct sales data
pro_tax_preparation,Tax Preparation,Professional Services,Service category,tax filing,20,Repeat Purchase,9,1.333,3,2020,2023,1.5,1.083,0.667,1.333,,-0.125,-0.101,2018-2026,HN public discussion proxy; not direct sales data
dev_docker,Docker,Developer Tools,Success,containerization,01,Problem Recognition,7275,1.015,158,2018,2021,0.83,1.226,2.263,0.95,0,0.899,0.383,2018-2026,HN public discussion proxy; not direct sales data
dev_docker,Docker,Developer Tools,Success,containerization,02,Search,7145,0.943,103,2018,2020,0.83,1.226,2.263,0.95,0,0.191,0.125,2018-2026,HN public discussion proxy; not direct sales data
dev_docker,Docker,Developer Tools,Success,containerization,03,Recommendation Seeking,2055,1.151,99,2018,2022,0.83,1.226,2.263,0.95,0,0.908,0.263,2018-2026,HN public discussion proxy; not direct sales data
dev_docker,Docker,Developer Tools,Success,containerization,04,Solution Discovery,5023,1.473,155,2018,2025,0.83,1.226,2.263,0.95,0,0.663,-0.011,2018-2026,HN public discussion proxy; not direct sales data
dev_docker,Docker,Developer Tools,Success,containerization,05,Comparison,3332,1.659,150,2018,2021,0.83,1.226,2.263,0.95,0,0.946,0.404,2018-2026,HN public discussion proxy; not direct sales data
dev_docker,Docker,Developer Tools,Success,containerization,06,Alternative Seeking,2658,1.582,133,2018,2022,0.83,1.226,2.263,0.95,0,0.848,0.125,2018-2026,HN public discussion proxy; not direct sales data
dev_docker,Docker,Developer Tools,Success,containerization,07,Vendor / Provider Search,1129,1.436,60,2018,2025,0.83,1.226,2.263,0.95,0,0.905,0.085,2018-2026,HN public discussion proxy; not direct sales data
dev_docker,Docker,Developer Tools,Success,containerization,08,Pricing / Quote,778,1.793,32,2018,2025,0.83,1.226,2.263,0.95,0,0.479,-0.117,2018-2026,HN public discussion proxy; not direct sales data
dev_docker,Docker,Developer Tools,Success,containerization,09,Purchase Intent,191,0.968,17,2018,2021,0.83,1.226,2.263,0.95,0,0.786,0.441,2018-2026,HN public discussion proxy; not direct sales data
dev_docker,Docker,Developer Tools,Success,containerization,10,Purchase,674,0.83,21,2018,2022,0.83,1.226,2.263,0.95,0,0.761,0.593,2018-2026,HN public discussion proxy; not direct sales data
dev_docker,Docker,Developer Tools,Success,containerization,11,Trial,546,2.358,41,2018,2026,0.83,1.226,2.263,0.95,0,-0.053,-0.099,2018-2026,HN public discussion proxy; not direct sales data
dev_docker,Docker,Developer Tools,Success,containerization,12,Installation / Onboarding,9422,1.427,408,2018,2023,0.83,1.226,2.263,0.95,0,0.952,0.306,2018-2026,HN public discussion proxy; not direct sales data
dev_docker,Docker,Developer Tools,Success,containerization,13,Usage,17669,1.226,523,2018,2021,0.83,1.226,2.263,0.95,0,0.998,0.388,2018-2026,HN public discussion proxy; not direct sales data
dev_docker,Docker,Developer Tools,Success,containerization,14,Failure / Friction,3377,1.313,102,2018,2022,0.83,1.226,2.263,0.95,0,0.922,0.374,2018-2026,HN public discussion proxy; not direct sales data
dev_docker,Docker,Developer Tools,Success,containerization,15,Support,9541,1.364,342,2018,2022,0.83,1.226,2.263,0.95,0,0.939,0.378,2018-2026,HN public discussion proxy; not direct sales data
dev_docker,Docker,Developer Tools,Success,containerization,16,Dissatisfaction,175,0.468,14,2018,2023,0.83,1.226,2.263,0.95,0,0.249,-0.012,2018-2026,HN public discussion proxy; not direct sales data
dev_docker,Docker,Developer Tools,Success,containerization,17,Replacement,928,2.263,55,2018,2022,0.83,1.226,2.263,0.95,0,0.906,0.128,2018-2026,HN public discussion proxy; not direct sales data
dev_docker,Docker,Developer Tools,Success,containerization,18,Switching,386,2.08,23,2018,2021,0.83,1.226,2.263,0.95,0,0.719,0.408,2018-2026,HN public discussion proxy; not direct sales data
dev_docker,Docker,Developer Tools,Success,containerization,19,Upgrade,2087,1.196,83,2018,2023,0.83,1.226,2.263,0.95,0,0.948,0.336,2018-2026,HN public discussion proxy; not direct sales data
dev_docker,Docker,Developer Tools,Success,containerization,20,Repeat Purchase,112,0.95,10,2018,2022,0.83,1.226,2.263,0.95,0,0.57,0.193,2018-2026,HN public discussion proxy; not direct sales data
dev_kubernetes,Kubernetes,Developer Tools,Success,container orchestration,01,Problem Recognition,4053,0.769,76,2018,2021,0.564,0.688,1.135,0.6,0,0.967,0.57,2018-2026,HN public discussion proxy; not direct sales data
dev_kubernetes,Kubernetes,Developer Tools,Success,container orchestration,02,Search,4799,0.743,122,2018,2021,0.564,0.688,1.135,0.6,0,0.848,0.792,2018-2026,HN public discussion proxy; not direct sales data
dev_kubernetes,Kubernetes,Developer Tools,Success,container orchestration,03,Recommendation Seeking,1028,0.674,61,2018,2020,0.564,0.688,1.135,0.6,0,0.878,0.407,2018-2026,HN public discussion proxy; not direct sales data
dev_kubernetes,Kubernetes,Developer Tools,Success,container orchestration,04,Solution Discovery,2902,0.968,65,2018,2022,0.564,0.688,1.135,0.6,0,0.701,0.295,2018-2026,HN public discussion proxy; not direct sales data
dev_kubernetes,Kubernetes,Developer Tools,Success,container orchestration,05,Comparison,1263,0.857,58,2018,2020,0.564,0.688,1.135,0.6,0,0.902,0.503,2018-2026,HN public discussion proxy; not direct sales data
dev_kubernetes,Kubernetes,Developer Tools,Success,container orchestration,06,Alternative Seeking,1138,1.091,33,2018,2022,0.564,0.688,1.135,0.6,0,0.709,-0.179,2018-2026,HN public discussion proxy; not direct sales data
dev_kubernetes,Kubernetes,Developer Tools,Success,container orchestration,07,Vendor / Provider Search,965,0.725,29,2018,2022,0.564,0.688,1.135,0.6,0,0.889,0.45,2018-2026,HN public discussion proxy; not direct sales data
dev_kubernetes,Kubernetes,Developer Tools,Success,container orchestration,08,Pricing / Quote,413,0.972,24,2018,2020,0.564,0.688,1.135,0.6,0,0.817,0.066,2018-2026,HN public discussion proxy; not direct sales data
dev_kubernetes,Kubernetes,Developer Tools,Success,container orchestration,09,Purchase Intent,79,0.632,5,2018,2020,0.564,0.688,1.135,0.6,0,0.851,0.319,2018-2026,HN public discussion proxy; not direct sales data
dev_kubernetes,Kubernetes,Developer Tools,Success,container orchestration,10,Purchase,210,0.564,8,2018,2020,0.564,0.688,1.135,0.6,0,0.896,0.665,2018-2026,HN public discussion proxy; not direct sales data
dev_kubernetes,Kubernetes,Developer Tools,Success,container orchestration,11,Trial,329,1.4,31,2018,2026,0.564,0.688,1.135,0.6,0,-0.232,0.521,2018-2026,HN public discussion proxy; not direct sales data
dev_kubernetes,Kubernetes,Developer Tools,Success,container orchestration,12,Installation / Onboarding,2052,0.722,136,2018,2020,0.564,0.688,1.135,0.6,0,0.83,0.431,2018-2026,HN public discussion proxy; not direct sales data
dev_kubernetes,Kubernetes,Developer Tools,Success,container orchestration,13,Usage,8059,0.688,276,2018,2020,0.564,0.688,1.135,0.6,0,1.0,0.675,2018-2026,HN public discussion proxy; not direct sales data
dev_kubernetes,Kubernetes,Developer Tools,Success,container orchestration,14,Failure / Friction,1720,0.93,97,2018,2022,0.564,0.688,1.135,0.6,0,0.711,0.002,2018-2026,HN public discussion proxy; not direct sales data
dev_kubernetes,Kubernetes,Developer Tools,Success,container orchestration,15,Support,4470,0.844,139,2018,2020,0.564,0.688,1.135,0.6,0,0.947,0.437,2018-2026,HN public discussion proxy; not direct sales data
dev_kubernetes,Kubernetes,Developer Tools,Success,container orchestration,16,Dissatisfaction,58,1.091,17,2018,2020,0.564,0.688,1.135,0.6,0,0.572,0.246,2018-2026,HN public discussion proxy; not direct sales data
dev_kubernetes,Kubernetes,Developer Tools,Success,container orchestration,17,Replacement,304,1.135,11,2018,2022,0.564,0.688,1.135,0.6,0,0.68,-0.018,2018-2026,HN public discussion proxy; not direct sales data
dev_kubernetes,Kubernetes,Developer Tools,Success,container orchestration,18,Switching,168,1.44,10,2018,2021,0.564,0.688,1.135,0.6,0,0.461,-0.507,2018-2026,HN public discussion proxy; not direct sales data
dev_kubernetes,Kubernetes,Developer Tools,Success,container orchestration,19,Upgrade,974,0.817,57,2018,2023,0.564,0.688,1.135,0.6,0,0.746,0.006,2018-2026,HN public discussion proxy; not direct sales data
dev_kubernetes,Kubernetes,Developer Tools,Success,container orchestration,20,Repeat Purchase,48,0.6,5,2018,2018,0.564,0.688,1.135,0.6,0,0.097,0.363,2018-2026,HN public discussion proxy; not direct sales data
dev_vercel,Vercel,Developer Tools,Success,frontend deployment,01,Problem Recognition,652,126.333,83,2021,2026,9.667,487.5,19.5,4.0,0,0.934,0.855,2018-2026,HN public discussion proxy; not direct sales data
dev_vercel,Vercel,Developer Tools,Success,frontend deployment,02,Search,862,83.0,57,2021,2026,9.667,487.5,19.5,4.0,0,0.977,0.956,2018-2026,HN public discussion proxy; not direct sales data
dev_vercel,Vercel,Developer Tools,Success,frontend deployment,03,Recommendation Seeking,306,63.5,38,2021,2025,9.667,487.5,19.5,4.0,0,0.933,0.842,2018-2026,HN public discussion proxy; not direct sales data
dev_vercel,Vercel,Developer Tools,Success,frontend deployment,04,Solution Discovery,902,237.0,90,2021,2026,9.667,487.5,19.5,4.0,0,0.98,0.898,2018-2026,HN public discussion proxy; not direct sales data
dev_vercel,Vercel,Developer Tools,Success,frontend deployment,05,Comparison,404,100.5,39,2021,2026,9.667,487.5,19.5,4.0,0,0.969,0.907,2018-2026,HN public discussion proxy; not direct sales data
dev_vercel,Vercel,Developer Tools,Success,frontend deployment,06,Alternative Seeking,437,70.333,39,2021,2025,9.667,487.5,19.5,4.0,0,0.99,0.923,2018-2026,HN public discussion proxy; not direct sales data
dev_vercel,Vercel,Developer Tools,Success,frontend deployment,07,Vendor / Provider Search,246,58.5,21,2021,2025,9.667,487.5,19.5,4.0,0,0.986,0.915,2018-2026,HN public discussion proxy; not direct sales data
dev_vercel,Vercel,Developer Tools,Success,frontend deployment,08,Pricing / Quote,366,93.5,35,2020,2026,9.667,487.5,19.5,4.0,1,0.934,0.851,2018-2026,HN public discussion proxy; not direct sales data
dev_vercel,Vercel,Developer Tools,Success,frontend deployment,09,Purchase Intent,17,7.0,6,2024,2026,9.667,487.5,19.5,4.0,-3,0.703,0.889,2018-2026,HN public discussion proxy; not direct sales data
dev_vercel,Vercel,Developer Tools,Success,frontend deployment,10,Purchase,66,9.667,9,2021,2026,9.667,487.5,19.5,4.0,0,0.84,0.846,2018-2026,HN public discussion proxy; not direct sales data
dev_vercel,Vercel,Developer Tools,Success,frontend deployment,11,Trial,101,33.5,16,2022,2026,9.667,487.5,19.5,4.0,-1,0.86,0.792,2018-2026,HN public discussion proxy; not direct sales data
dev_vercel,Vercel,Developer Tools,Success,frontend deployment,12,Installation / Onboarding,290,93.5,71,2022,2026,9.667,487.5,19.5,4.0,-1,0.777,0.861,2018-2026,HN public discussion proxy; not direct sales data
dev_vercel,Vercel,Developer Tools,Success,frontend deployment,13,Usage,2130,487.5,172,2020,2025,9.667,487.5,19.5,4.0,1,0.999,0.925,2018-2026,HN public discussion proxy; not direct sales data
dev_vercel,Vercel,Developer Tools,Success,frontend deployment,14,Failure / Friction,327,80.5,39,2021,2025,9.667,487.5,19.5,4.0,0,0.993,0.888,2018-2026,HN public discussion proxy; not direct sales data
dev_vercel,Vercel,Developer Tools,Success,frontend deployment,15,Support,1160,277.5,127,2021,2025,9.667,487.5,19.5,4.0,0,0.996,0.901,2018-2026,HN public discussion proxy; not direct sales data
dev_vercel,Vercel,Developer Tools,Success,frontend deployment,16,Dissatisfaction,27,7.0,10,2020,2025,9.667,487.5,19.5,4.0,1,0.635,0.561,2018-2026,HN public discussion proxy; not direct sales data
dev_vercel,Vercel,Developer Tools,Success,frontend deployment,17,Replacement,63,19.5,8,2022,2026,9.667,487.5,19.5,4.0,-1,0.912,0.834,2018-2026,HN public discussion proxy; not direct sales data
dev_vercel,Vercel,Developer Tools,Success,frontend deployment,18,Switching,49,15.0,7,2020,2025,9.667,487.5,19.5,4.0,1,0.894,0.776,2018-2026,HN public discussion proxy; not direct sales data
dev_vercel,Vercel,Developer Tools,Success,frontend deployment,19,Upgrade,107,18.5,12,2021,2023,9.667,487.5,19.5,4.0,0,0.868,0.931,2018-2026,HN public discussion proxy; not direct sales data
dev_vercel,Vercel,Developer Tools,Success,frontend deployment,20,Repeat Purchase,9,4.0,4,2023,2026,9.667,487.5,19.5,4.0,-2,0.592,0.345,2018-2026,HN public discussion proxy; not direct sales data
dev_supabase,Supabase,Developer Tools,Success/Growing,developer backend platform,01,Problem Recognition,470,153.0,88,2022,2026,5.0,94.333,9.5,3.5,-1,0.879,0.67,2018-2026,HN public discussion proxy; not direct sales data
dev_supabase,Supabase,Developer Tools,Success/Growing,developer backend platform,02,Search,531,83.0,86,2022,2026,5.0,94.333,9.5,3.5,-1,0.878,0.703,2018-2026,HN public discussion proxy; not direct sales data
dev_supabase,Supabase,Developer Tools,Success/Growing,developer backend platform,03,Recommendation Seeking,160,22.667,15,2021,2026,5.0,94.333,9.5,3.5,0,0.954,0.906,2018-2026,HN public discussion proxy; not direct sales data
dev_supabase,Supabase,Developer Tools,Success/Growing,developer backend platform,04,Solution Discovery,591,87.75,57,2022,2026,5.0,94.333,9.5,3.5,-1,0.855,0.82,2018-2026,HN public discussion proxy; not direct sales data
dev_supabase,Supabase,Developer Tools,Success/Growing,developer backend platform,05,Comparison,245,70.5,37,2022,2025,5.0,94.333,9.5,3.5,-1,0.955,0.754,2018-2026,HN public discussion proxy; not direct sales data
dev_supabase,Supabase,Developer Tools,Success/Growing,developer backend platform,06,Alternative Seeking,295,50.0,24,2020,2025,5.0,94.333,9.5,3.5,1,0.9,0.924,2018-2026,HN public discussion proxy; not direct sales data
dev_supabase,Supabase,Developer Tools,Success/Growing,developer backend platform,07,Vendor / Provider Search,100,26.5,21,2021,2025,5.0,94.333,9.5,3.5,0,0.946,0.708,2018-2026,HN public discussion proxy; not direct sales data
dev_supabase,Supabase,Developer Tools,Success/Growing,developer backend platform,08,Pricing / Quote,228,62.5,36,2021,2025,5.0,94.333,9.5,3.5,0,0.935,0.773,2018-2026,HN public discussion proxy; not direct sales data
dev_supabase,Supabase,Developer Tools,Success/Growing,developer backend platform,09,Purchase Intent,7,2.5,1,2025,2025,5.0,94.333,9.5,3.5,-4,0.888,0.793,2018-2026,HN public discussion proxy; not direct sales data
dev_supabase,Supabase,Developer Tools,Success/Growing,developer backend platform,10,Purchase,19,5.0,7,2021,2024,5.0,94.333,9.5,3.5,0,0.691,0.739,2018-2026,HN public discussion proxy; not direct sales data
dev_supabase,Supabase,Developer Tools,Success/Growing,developer backend platform,11,Trial,73,31.0,25,2024,2025,5.0,94.333,9.5,3.5,-3,0.79,0.475,2018-2026,HN public discussion proxy; not direct sales data
dev_supabase,Supabase,Developer Tools,Success/Growing,developer backend platform,12,Installation / Onboarding,139,44.5,17,2022,2026,5.0,94.333,9.5,3.5,-1,0.815,0.749,2018-2026,HN public discussion proxy; not direct sales data
dev_supabase,Supabase,Developer Tools,Success/Growing,developer backend platform,13,Usage,1285,94.333,103,2020,2025,5.0,94.333,9.5,3.5,1,1.0,0.867,2018-2026,HN public discussion proxy; not direct sales data
dev_supabase,Supabase,Developer Tools,Success/Growing,developer backend platform,14,Failure / Friction,206,62.5,40,2022,2025,5.0,94.333,9.5,3.5,-1,0.919,0.701,2018-2026,HN public discussion proxy; not direct sales data
dev_supabase,Supabase,Developer Tools,Success/Growing,developer backend platform,15,Support,677,139.0,73,2021,2025,5.0,94.333,9.5,3.5,0,0.975,0.853,2018-2026,HN public discussion proxy; not direct sales data
dev_supabase,Supabase,Developer Tools,Success/Growing,developer backend platform,16,Dissatisfaction,4,1.0,2,2023,2023,5.0,94.333,9.5,3.5,-2,0.418,0.638,2018-2026,HN public discussion proxy; not direct sales data
dev_supabase,Supabase,Developer Tools,Success/Growing,developer backend platform,17,Replacement,39,9.5,3,2021,2026,5.0,94.333,9.5,3.5,0,0.924,0.939,2018-2026,HN public discussion proxy; not direct sales data
dev_supabase,Supabase,Developer Tools,Success/Growing,developer backend platform,18,Switching,26,8.5,4,2023,2025,5.0,94.333,9.5,3.5,-2,0.942,0.717,2018-2026,HN public discussion proxy; not direct sales data
dev_supabase,Supabase,Developer Tools,Success/Growing,developer backend platform,19,Upgrade,55,12.5,7,2021,2024,5.0,94.333,9.5,3.5,0,0.922,0.894,2018-2026,HN public discussion proxy; not direct sales data
dev_supabase,Supabase,Developer Tools,Success/Growing,developer backend platform,20,Repeat Purchase,9,3.5,3,2024,2026,5.0,94.333,9.5,3.5,-3,0.602,0.781,2018-2026,HN public discussion proxy; not direct sales data
dev_heroku,Heroku,Developer Tools,Stagnant/Declined,PaaS deployment,01,Problem Recognition,664,0.411,35,2018,2022,1.5,0.424,0.786,0.857,0,0.977,0.714,2018-2026,HN public discussion proxy; not direct sales data
dev_heroku,Heroku,Developer Tools,Stagnant/Declined,PaaS deployment,02,Search,1050,0.281,51,2018,2022,1.5,0.424,0.786,0.857,0,0.949,0.699,2018-2026,HN public discussion proxy; not direct sales data
dev_heroku,Heroku,Developer Tools,Stagnant/Declined,PaaS deployment,03,Recommendation Seeking,375,0.458,23,2018,2022,1.5,0.424,0.786,0.857,0,0.897,0.373,2018-2026,HN public discussion proxy; not direct sales data
dev_heroku,Heroku,Developer Tools,Stagnant/Declined,PaaS deployment,04,Solution Discovery,941,0.524,37,2018,2022,1.5,0.424,0.786,0.857,0,0.973,0.642,2018-2026,HN public discussion proxy; not direct sales data
dev_heroku,Heroku,Developer Tools,Stagnant/Declined,PaaS deployment,05,Comparison,273,0.707,38,2018,2022,1.5,0.424,0.786,0.857,0,0.883,0.173,2018-2026,HN public discussion proxy; not direct sales data
dev_heroku,Heroku,Developer Tools,Stagnant/Declined,PaaS deployment,06,Alternative Seeking,605,1.206,154,2018,2022,1.5,0.424,0.786,0.857,0,0.718,-0.086,2018-2026,HN public discussion proxy; not direct sales data
dev_heroku,Heroku,Developer Tools,Stagnant/Declined,PaaS deployment,07,Vendor / Provider Search,212,0.359,18,2018,2019,1.5,0.424,0.786,0.857,0,0.73,0.789,2018-2026,HN public discussion proxy; not direct sales data
dev_heroku,Heroku,Developer Tools,Stagnant/Declined,PaaS deployment,08,Pricing / Quote,375,1.041,51,2018,2022,1.5,0.424,0.786,0.857,0,0.841,0.197,2018-2026,HN public discussion proxy; not direct sales data
dev_heroku,Heroku,Developer Tools,Stagnant/Declined,PaaS deployment,09,Purchase Intent,25,0.75,12,2019,2022,1.5,0.424,0.786,0.857,-1,0.78,0.043,2018-2026,HN public discussion proxy; not direct sales data
dev_heroku,Heroku,Developer Tools,Stagnant/Declined,PaaS deployment,10,Purchase,97,1.5,18,2018,2022,1.5,0.424,0.786,0.857,0,0.621,-0.119,2018-2026,HN public discussion proxy; not direct sales data
dev_heroku,Heroku,Developer Tools,Stagnant/Declined,PaaS deployment,11,Trial,71,0.667,11,2018,2021,1.5,0.424,0.786,0.857,0,0.762,0.616,2018-2026,HN public discussion proxy; not direct sales data
dev_heroku,Heroku,Developer Tools,Stagnant/Declined,PaaS deployment,12,Installation / Onboarding,301,0.416,18,2018,2021,1.5,0.424,0.786,0.857,0,0.912,0.878,2018-2026,HN public discussion proxy; not direct sales data
dev_heroku,Heroku,Developer Tools,Stagnant/Declined,PaaS deployment,13,Usage,1871,0.424,65,2018,2022,1.5,0.424,0.786,0.857,0,0.994,0.685,2018-2026,HN public discussion proxy; not direct sales data
dev_heroku,Heroku,Developer Tools,Stagnant/Declined,PaaS deployment,14,Failure / Friction,307,0.494,30,2018,2022,1.5,0.424,0.786,0.857,0,0.927,0.406,2018-2026,HN public discussion proxy; not direct sales data
dev_heroku,Heroku,Developer Tools,Stagnant/Declined,PaaS deployment,15,Support,1089,0.395,113,2018,2022,1.5,0.424,0.786,0.857,0,0.968,0.45,2018-2026,HN public discussion proxy; not direct sales data
dev_heroku,Heroku,Developer Tools,Stagnant/Declined,PaaS deployment,16,Dissatisfaction,22,0.333,7,2019,2022,1.5,0.424,0.786,0.857,-1,0.676,0.015,2018-2026,HN public discussion proxy; not direct sales data
dev_heroku,Heroku,Developer Tools,Stagnant/Declined,PaaS deployment,17,Replacement,99,0.786,21,2018,2022,1.5,0.424,0.786,0.857,0,0.743,-0.029,2018-2026,HN public discussion proxy; not direct sales data
dev_heroku,Heroku,Developer Tools,Stagnant/Declined,PaaS deployment,18,Switching,48,0.25,15,2018,2022,1.5,0.424,0.786,0.857,0,0.86,0.242,2018-2026,HN public discussion proxy; not direct sales data
dev_heroku,Heroku,Developer Tools,Stagnant/Declined,PaaS deployment,19,Upgrade,162,0.371,21,2018,2022,1.5,0.424,0.786,0.857,0,0.883,0.213,2018-2026,HN public discussion proxy; not direct sales data
dev_heroku,Heroku,Developer Tools,Stagnant/Declined,PaaS deployment,20,Repeat Purchase,12,0.857,5,2019,2019,1.5,0.424,0.786,0.857,-1,-0.166,-0.344,2018-2026,HN public discussion proxy; not direct sales data
platform_airbnb,Airbnb,Marketplace / Platform Products,Success,lodging marketplace,01,Problem Recognition,1466,0.35,46,2018,2019,0.488,0.514,0.667,0.864,0,0.928,0.51,2018-2026,HN public discussion proxy; not direct sales data
platform_airbnb,Airbnb,Marketplace / Platform Products,Success,lodging marketplace,02,Search,893,0.509,26,2018,2020,0.488,0.514,0.667,0.864,0,0.829,0.659,2018-2026,HN public discussion proxy; not direct sales data
platform_airbnb,Airbnb,Marketplace / Platform Products,Success,lodging marketplace,03,Recommendation Seeking,249,0.364,13,2018,2019,0.488,0.514,0.667,0.864,0,0.741,0.585,2018-2026,HN public discussion proxy; not direct sales data
platform_airbnb,Airbnb,Marketplace / Platform Products,Success,lodging marketplace,04,Solution Discovery,1530,0.475,38,2018,2020,0.488,0.514,0.667,0.864,0,0.748,0.626,2018-2026,HN public discussion proxy; not direct sales data
platform_airbnb,Airbnb,Marketplace / Platform Products,Success,lodging marketplace,05,Comparison,419,0.463,28,2018,2020,0.488,0.514,0.667,0.864,0,0.82,0.142,2018-2026,HN public discussion proxy; not direct sales data
platform_airbnb,Airbnb,Marketplace / Platform Products,Success,lodging marketplace,06,Alternative Seeking,407,0.441,12,2018,2023,0.488,0.514,0.667,0.864,0,0.907,0.311,2018-2026,HN public discussion proxy; not direct sales data
platform_airbnb,Airbnb,Marketplace / Platform Products,Success,lodging marketplace,07,Vendor / Provider Search,94,0.917,6,2018,2019,0.488,0.514,0.667,0.864,0,0.312,-0.573,2018-2026,HN public discussion proxy; not direct sales data
platform_airbnb,Airbnb,Marketplace / Platform Products,Success,lodging marketplace,08,Pricing / Quote,359,0.611,20,2018,2023,0.488,0.514,0.667,0.864,0,0.884,-0.095,2018-2026,HN public discussion proxy; not direct sales data
platform_airbnb,Airbnb,Marketplace / Platform Products,Success,lodging marketplace,09,Purchase Intent,141,0.808,19,2018,2022,0.488,0.514,0.667,0.864,0,0.765,0.342,2018-2026,HN public discussion proxy; not direct sales data
platform_airbnb,Airbnb,Marketplace / Platform Products,Success,lodging marketplace,10,Purchase,375,0.488,20,2018,2023,0.488,0.514,0.667,0.864,0,0.961,0.326,2018-2026,HN public discussion proxy; not direct sales data
platform_airbnb,Airbnb,Marketplace / Platform Products,Success,lodging marketplace,11,Trial,136,0.526,3,2018,2020,0.488,0.514,0.667,0.864,0,0.649,0.783,2018-2026,HN public discussion proxy; not direct sales data
platform_airbnb,Airbnb,Marketplace / Platform Products,Success,lodging marketplace,12,Installation / Onboarding,127,0.675,16,2018,2019,0.488,0.514,0.667,0.864,0,0.149,0.011,2018-2026,HN public discussion proxy; not direct sales data
platform_airbnb,Airbnb,Marketplace / Platform Products,Success,lodging marketplace,13,Usage,1438,0.514,38,2018,2023,0.488,0.514,0.667,0.864,0,0.994,0.474,2018-2026,HN public discussion proxy; not direct sales data
platform_airbnb,Airbnb,Marketplace / Platform Products,Success,lodging marketplace,14,Failure / Friction,536,0.399,27,2018,2020,0.488,0.514,0.667,0.864,0,0.812,0.739,2018-2026,HN public discussion proxy; not direct sales data
platform_airbnb,Airbnb,Marketplace / Platform Products,Success,lodging marketplace,15,Support,931,0.581,37,2018,2020,0.488,0.514,0.667,0.864,0,0.896,0.525,2018-2026,HN public discussion proxy; not direct sales data
platform_airbnb,Airbnb,Marketplace / Platform Products,Success,lodging marketplace,16,Dissatisfaction,59,1.077,5,2018,2021,0.488,0.514,0.667,0.864,0,0.466,0.102,2018-2026,HN public discussion proxy; not direct sales data
platform_airbnb,Airbnb,Marketplace / Platform Products,Success,lodging marketplace,17,Replacement,58,0.667,3,2018,2021,0.488,0.514,0.667,0.864,0,0.813,0.569,2018-2026,HN public discussion proxy; not direct sales data
platform_airbnb,Airbnb,Marketplace / Platform Products,Success,lodging marketplace,18,Switching,35,0.8,5,2018,2023,0.488,0.514,0.667,0.864,0,0.307,-0.216,2018-2026,HN public discussion proxy; not direct sales data
platform_airbnb,Airbnb,Marketplace / Platform Products,Success,lodging marketplace,19,Upgrade,85,0.818,10,2018,2023,0.488,0.514,0.667,0.864,0,0.626,-0.415,2018-2026,HN public discussion proxy; not direct sales data
platform_airbnb,Airbnb,Marketplace / Platform Products,Success,lodging marketplace,20,Repeat Purchase,100,0.864,6,2018,2022,0.488,0.514,0.667,0.864,0,0.687,-0.059,2018-2026,HN public discussion proxy; not direct sales data
platform_uber,Uber,Marketplace / Platform Products,Success,ride hailing marketplace,01,Problem Recognition,1050,0.448,48,2018,2019,0.448,0.557,0.52,0.435,0,0.979,0.627,2018-2026,HN public discussion proxy; not direct sales data
platform_uber,Uber,Marketplace / Platform Products,Success,ride hailing marketplace,02,Search,389,0.471,15,2018,2019,0.448,0.557,0.52,0.435,0,0.846,0.795,2018-2026,HN public discussion proxy; not direct sales data
platform_uber,Uber,Marketplace / Platform Products,Success,ride hailing marketplace,03,Recommendation Seeking,136,0.657,11,2018,2022,0.448,0.557,0.52,0.435,0,0.735,-0.017,2018-2026,HN public discussion proxy; not direct sales data
platform_uber,Uber,Marketplace / Platform Products,Success,ride hailing marketplace,04,Solution Discovery,441,0.62,15,2018,2019,0.448,0.557,0.52,0.435,0,0.919,0.591,2018-2026,HN public discussion proxy; not direct sales data
platform_uber,Uber,Marketplace / Platform Products,Success,ride hailing marketplace,05,Comparison,324,0.515,23,2018,2019,0.448,0.557,0.52,0.435,0,0.849,0.429,2018-2026,HN public discussion proxy; not direct sales data
platform_uber,Uber,Marketplace / Platform Products,Success,ride hailing marketplace,06,Alternative Seeking,353,0.515,21,2018,2019,0.448,0.557,0.52,0.435,0,0.937,0.288,2018-2026,HN public discussion proxy; not direct sales data
platform_uber,Uber,Marketplace / Platform Products,Success,ride hailing marketplace,07,Vendor / Provider Search,97,0.773,12,2018,2022,0.448,0.557,0.52,0.435,0,0.472,-0.209,2018-2026,HN public discussion proxy; not direct sales data
platform_uber,Uber,Marketplace / Platform Products,Success,ride hailing marketplace,08,Pricing / Quote,503,0.434,66,2018,2019,0.448,0.557,0.52,0.435,0,0.807,0.152,2018-2026,HN public discussion proxy; not direct sales data
platform_uber,Uber,Marketplace / Platform Products,Success,ride hailing marketplace,09,Purchase Intent,111,0.714,17,2018,2020,0.448,0.557,0.52,0.435,0,0.375,0.082,2018-2026,HN public discussion proxy; not direct sales data
platform_uber,Uber,Marketplace / Platform Products,Success,ride hailing marketplace,10,Purchase,193,0.448,5,2018,2022,0.448,0.557,0.52,0.435,0,0.954,0.765,2018-2026,HN public discussion proxy; not direct sales data
platform_uber,Uber,Marketplace / Platform Products,Success,ride hailing marketplace,11,Trial,97,1.333,4,2018,2025,0.448,0.557,0.52,0.435,0,-0.643,-0.396,2018-2026,HN public discussion proxy; not direct sales data
platform_uber,Uber,Marketplace / Platform Products,Success,ride hailing marketplace,12,Installation / Onboarding,340,0.829,12,2018,2022,0.448,0.557,0.52,0.435,0,0.589,0.114,2018-2026,HN public discussion proxy; not direct sales data
platform_uber,Uber,Marketplace / Platform Products,Success,ride hailing marketplace,13,Usage,1257,0.557,44,2018,2019,0.448,0.557,0.52,0.435,0,0.995,0.501,2018-2026,HN public discussion proxy; not direct sales data
platform_uber,Uber,Marketplace / Platform Products,Success,ride hailing marketplace,14,Failure / Friction,438,0.627,17,2018,2020,0.448,0.557,0.52,0.435,0,0.773,0.459,2018-2026,HN public discussion proxy; not direct sales data
platform_uber,Uber,Marketplace / Platform Products,Success,ride hailing marketplace,15,Support,682,0.594,33,2018,2019,0.448,0.557,0.52,0.435,0,0.929,0.367,2018-2026,HN public discussion proxy; not direct sales data
platform_uber,Uber,Marketplace / Platform Products,Success,ride hailing marketplace,16,Dissatisfaction,24,0.417,6,2018,2019,0.448,0.557,0.52,0.435,0,0.709,0.262,2018-2026,HN public discussion proxy; not direct sales data
platform_uber,Uber,Marketplace / Platform Products,Success,ride hailing marketplace,17,Replacement,77,0.52,3,2018,2019,0.448,0.557,0.52,0.435,0,0.739,0.276,2018-2026,HN public discussion proxy; not direct sales data
platform_uber,Uber,Marketplace / Platform Products,Success,ride hailing marketplace,18,Switching,59,1.273,8,2018,2020,0.448,0.557,0.52,0.435,0,0.071,-0.188,2018-2026,HN public discussion proxy; not direct sales data
platform_uber,Uber,Marketplace / Platform Products,Success,ride hailing marketplace,19,Upgrade,99,1.667,6,2018,2022,0.448,0.557,0.52,0.435,0,-0.266,-0.318,2018-2026,HN public discussion proxy; not direct sales data
platform_uber,Uber,Marketplace / Platform Products,Success,ride hailing marketplace,20,Repeat Purchase,63,0.435,4,2018,2018,0.448,0.557,0.52,0.435,0,0.572,0.607,2018-2026,HN public discussion proxy; not direct sales data
platform_doordash,DoorDash,Marketplace / Platform Products,Success,food delivery platform,01,Problem Recognition,313,2.0,56,2019,2020,2.091,1.725,1.0,2.0,0,0.923,-0.048,2018-2026,HN public discussion proxy; not direct sales data
platform_doordash,DoorDash,Marketplace / Platform Products,Success,food delivery platform,02,Search,170,2.0,30,2019,2020,2.091,1.725,1.0,2.0,0,0.908,0.198,2018-2026,HN public discussion proxy; not direct sales data
platform_doordash,DoorDash,Marketplace / Platform Products,Success,food delivery platform,03,Recommendation Seeking,56,0.875,5,2019,2024,2.091,1.725,1.0,2.0,0,0.466,0.295,2018-2026,HN public discussion proxy; not direct sales data
platform_doordash,DoorDash,Marketplace / Platform Products,Success,food delivery platform,04,Solution Discovery,303,2.469,22,2018,2022,2.091,1.725,1.0,2.0,1,0.752,0.124,2018-2026,HN public discussion proxy; not direct sales data
platform_doordash,DoorDash,Marketplace / Platform Products,Success,food delivery platform,05,Comparison,98,1.421,9,2018,2025,2.091,1.725,1.0,2.0,1,0.428,0.191,2018-2026,HN public discussion proxy; not direct sales data
platform_doordash,DoorDash,Marketplace / Platform Products,Success,food delivery platform,06,Alternative Seeking,88,1.692,9,2019,2020,2.091,1.725,1.0,2.0,0,0.814,0.053,2018-2026,HN public discussion proxy; not direct sales data
platform_doordash,DoorDash,Marketplace / Platform Products,Success,food delivery platform,07,Vendor / Provider Search,49,1.444,7,2019,2021,2.091,1.725,1.0,2.0,0,0.522,0.493,2018-2026,HN public discussion proxy; not direct sales data
platform_doordash,DoorDash,Marketplace / Platform Products,Success,food delivery platform,08,Pricing / Quote,141,1.529,18,2018,2023,2.091,1.725,1.0,2.0,1,0.768,-0.334,2018-2026,HN public discussion proxy; not direct sales data
platform_doordash,DoorDash,Marketplace / Platform Products,Success,food delivery platform,09,Purchase Intent,34,1.4,3,2019,2022,2.091,1.725,1.0,2.0,0,0.701,0.446,2018-2026,HN public discussion proxy; not direct sales data
platform_doordash,DoorDash,Marketplace / Platform Products,Success,food delivery platform,10,Purchase,84,2.091,11,2019,2020,2.091,1.725,1.0,2.0,0,0.835,0.142,2018-2026,HN public discussion proxy; not direct sales data
platform_doordash,DoorDash,Marketplace / Platform Products,Success,food delivery platform,11,Trial,41,5.0,8,2019,2020,2.091,1.725,1.0,2.0,0,0.497,-0.096,2018-2026,HN public discussion proxy; not direct sales data
platform_doordash,DoorDash,Marketplace / Platform Products,Success,food delivery platform,12,Installation / Onboarding,50,6.667,9,2020,2025,2.091,1.725,1.0,2.0,-1,0.586,-0.398,2018-2026,HN public discussion proxy; not direct sales data
platform_doordash,DoorDash,Marketplace / Platform Products,Success,food delivery platform,13,Usage,478,1.725,66,2018,2020,2.091,1.725,1.0,2.0,1,0.994,0.116,2018-2026,HN public discussion proxy; not direct sales data
platform_doordash,DoorDash,Marketplace / Platform Products,Success,food delivery platform,14,Failure / Friction,162,1.727,10,2018,2021,2.091,1.725,1.0,2.0,1,0.81,0.28,2018-2026,HN public discussion proxy; not direct sales data
platform_doordash,DoorDash,Marketplace / Platform Products,Success,food delivery platform,15,Support,265,1.206,25,2019,2020,2.091,1.725,1.0,2.0,0,0.938,0.383,2018-2026,HN public discussion proxy; not direct sales data
platform_doordash,DoorDash,Marketplace / Platform Products,Success,food delivery platform,16,Dissatisfaction,11,1.0,4,2020,2023,2.091,1.725,1.0,2.0,-1,0.481,0.036,2018-2026,HN public discussion proxy; not direct sales data
platform_doordash,DoorDash,Marketplace / Platform Products,Success,food delivery platform,17,Replacement,13,1.0,3,2021,2024,2.091,1.725,1.0,2.0,-2,-0.159,-0.068,2018-2026,HN public discussion proxy; not direct sales data
platform_doordash,DoorDash,Marketplace / Platform Products,Success,food delivery platform,18,Switching,13,1.667,3,2021,2021,2.091,1.725,1.0,2.0,-2,0.333,0.494,2018-2026,HN public discussion proxy; not direct sales data
platform_doordash,DoorDash,Marketplace / Platform Products,Success,food delivery platform,19,Upgrade,17,3.0,5,2020,2020,2.091,1.725,1.0,2.0,-1,0.776,0.07,2018-2026,HN public discussion proxy; not direct sales data
platform_doordash,DoorDash,Marketplace / Platform Products,Success,food delivery platform,20,Repeat Purchase,17,2.0,3,2020,2021,2.091,1.725,1.0,2.0,-1,0.666,0.137,2018-2026,HN public discussion proxy; not direct sales data
platform_upwork,Upwork,Marketplace / Platform Products,Success/Mature,freelance marketplace,01,Problem Recognition,343,0.805,40,2018,2022,0.545,0.625,2.5,0.4,0,0.895,-0.155,2018-2026,HN public discussion proxy; not direct sales data
platform_upwork,Upwork,Marketplace / Platform Products,Success/Mature,freelance marketplace,02,Search,336,0.571,43,2018,2022,0.545,0.625,2.5,0.4,0,0.944,-0.299,2018-2026,HN public discussion proxy; not direct sales data
platform_upwork,Upwork,Marketplace / Platform Products,Success/Mature,freelance marketplace,03,Recommendation Seeking,132,0.385,11,2018,2022,0.545,0.625,2.5,0.4,0,0.792,0.026,2018-2026,HN public discussion proxy; not direct sales data
platform_upwork,Upwork,Marketplace / Platform Products,Success/Mature,freelance marketplace,04,Solution Discovery,395,0.837,34,2018,2022,0.545,0.625,2.5,0.4,0,0.879,-0.31,2018-2026,HN public discussion proxy; not direct sales data
platform_upwork,Upwork,Marketplace / Platform Products,Success/Mature,freelance marketplace,05,Comparison,72,0.792,7,2018,2019,0.545,0.625,2.5,0.4,0,0.692,-0.276,2018-2026,HN public discussion proxy; not direct sales data
platform_upwork,Upwork,Marketplace / Platform Products,Success/Mature,freelance marketplace,06,Alternative Seeking,99,0.586,6,2018,2022,0.545,0.625,2.5,0.4,0,0.872,0.159,2018-2026,HN public discussion proxy; not direct sales data
platform_upwork,Upwork,Marketplace / Platform Products,Success/Mature,freelance marketplace,07,Vendor / Provider Search,22,1.0,6,2018,2022,0.545,0.625,2.5,0.4,0,0.756,-0.584,2018-2026,HN public discussion proxy; not direct sales data
platform_upwork,Upwork,Marketplace / Platform Products,Success/Mature,freelance marketplace,08,Pricing / Quote,55,0.8,4,2018,2021,0.545,0.625,2.5,0.4,0,0.047,0.588,2018-2026,HN public discussion proxy; not direct sales data
platform_upwork,Upwork,Marketplace / Platform Products,Success/Mature,freelance marketplace,09,Purchase Intent,23,1.0,5,2018,2022,0.545,0.625,2.5,0.4,0,0.765,-0.118,2018-2026,HN public discussion proxy; not direct sales data
platform_upwork,Upwork,Marketplace / Platform Products,Success/Mature,freelance marketplace,10,Purchase,32,0.545,3,2018,2019,0.545,0.625,2.5,0.4,0,0.717,-0.104,2018-2026,HN public discussion proxy; not direct sales data
platform_upwork,Upwork,Marketplace / Platform Products,Success/Mature,freelance marketplace,11,Trial,42,0.909,4,2018,2020,0.545,0.625,2.5,0.4,0,-0.495,-0.075,2018-2026,HN public discussion proxy; not direct sales data
platform_upwork,Upwork,Marketplace / Platform Products,Success/Mature,freelance marketplace,12,Installation / Onboarding,54,1.2,6,2018,2022,0.545,0.625,2.5,0.4,0,0.391,0.144,2018-2026,HN public discussion proxy; not direct sales data
platform_upwork,Upwork,Marketplace / Platform Products,Success/Mature,freelance marketplace,13,Usage,407,0.625,60,2018,2022,0.545,0.625,2.5,0.4,0,0.995,-0.243,2018-2026,HN public discussion proxy; not direct sales data
platform_upwork,Upwork,Marketplace / Platform Products,Success/Mature,freelance marketplace,14,Failure / Friction,299,0.476,24,2018,2022,0.545,0.625,2.5,0.4,0,0.89,0.09,2018-2026,HN public discussion proxy; not direct sales data
platform_upwork,Upwork,Marketplace / Platform Products,Success/Mature,freelance marketplace,15,Support,200,0.652,15,2018,2022,0.545,0.625,2.5,0.4,0,0.653,0.01,2018-2026,HN public discussion proxy; not direct sales data
platform_upwork,Upwork,Marketplace / Platform Products,Success/Mature,freelance marketplace,16,Dissatisfaction,10,0.6,4,2018,2023,0.545,0.625,2.5,0.4,0,-0.315,0.064,2018-2026,HN public discussion proxy; not direct sales data
platform_upwork,Upwork,Marketplace / Platform Products,Success/Mature,freelance marketplace,17,Replacement,10,2.5,3,2020,2022,0.545,0.625,2.5,0.4,-2,0.445,-0.653,2018-2026,HN public discussion proxy; not direct sales data
platform_upwork,Upwork,Marketplace / Platform Products,Success/Mature,freelance marketplace,18,Switching,5,0.75,1,2018,2018,0.545,0.625,2.5,0.4,0,0.147,0.152,2018-2026,HN public discussion proxy; not direct sales data
platform_upwork,Upwork,Marketplace / Platform Products,Success/Mature,freelance marketplace,19,Upgrade,21,1.2,2,2019,2021,0.545,0.625,2.5,0.4,-1,0.467,0.092,2018-2026,HN public discussion proxy; not direct sales data
platform_upwork,Upwork,Marketplace / Platform Products,Success/Mature,freelance marketplace,20,Repeat Purchase,12,0.4,4,2019,2022,0.545,0.625,2.5,0.4,-1,0.866,-0.129,2018-2026,HN public discussion proxy; not direct sales data
platform_etsy,Etsy,Marketplace / Platform Products,Success/Mature,maker marketplace,01,Problem Recognition,57432,0.904,1140,2018,2022,0.91,1.065,1.165,1.032,0,0.953,0.735,2018-2026,HN public discussion proxy; not direct sales data
platform_etsy,Etsy,Marketplace / Platform Products,Success/Mature,maker marketplace,02,Search,22457,0.857,549,2018,2022,0.91,1.065,1.165,1.032,0,0.957,0.747,2018-2026,HN public discussion proxy; not direct sales data
platform_etsy,Etsy,Marketplace / Platform Products,Success/Mature,maker marketplace,03,Recommendation Seeking,12697,0.783,341,2018,2022,0.91,1.065,1.165,1.032,0,0.91,0.808,2018-2026,HN public discussion proxy; not direct sales data
platform_etsy,Etsy,Marketplace / Platform Products,Success/Mature,maker marketplace,04,Solution Discovery,31513,0.964,694,2018,2022,0.91,1.065,1.165,1.032,0,0.987,0.633,2018-2026,HN public discussion proxy; not direct sales data
platform_etsy,Etsy,Marketplace / Platform Products,Success/Mature,maker marketplace,05,Comparison,14519,1.132,344,2018,2022,0.91,1.065,1.165,1.032,0,0.981,0.506,2018-2026,HN public discussion proxy; not direct sales data
platform_etsy,Etsy,Marketplace / Platform Products,Success/Mature,maker marketplace,06,Alternative Seeking,13774,1.01,297,2018,2022,0.91,1.065,1.165,1.032,0,0.992,0.635,2018-2026,HN public discussion proxy; not direct sales data
platform_etsy,Etsy,Marketplace / Platform Products,Success/Mature,maker marketplace,07,Vendor / Provider Search,5348,1.069,118,2018,2023,0.91,1.065,1.165,1.032,0,0.935,0.409,2018-2026,HN public discussion proxy; not direct sales data
platform_etsy,Etsy,Marketplace / Platform Products,Success/Mature,maker marketplace,08,Pricing / Quote,3694,0.984,248,2018,2025,0.91,1.065,1.165,1.032,0,0.153,-0.841,2018-2026,HN public discussion proxy; not direct sales data
platform_etsy,Etsy,Marketplace / Platform Products,Success/Mature,maker marketplace,09,Purchase Intent,3196,0.788,100,2018,2021,0.91,1.065,1.165,1.032,0,0.905,0.882,2018-2026,HN public discussion proxy; not direct sales data
platform_etsy,Etsy,Marketplace / Platform Products,Success/Mature,maker marketplace,10,Purchase,6641,0.91,214,2018,2022,0.91,1.065,1.165,1.032,0,0.935,0.735,2018-2026,HN public discussion proxy; not direct sales data
platform_etsy,Etsy,Marketplace / Platform Products,Success/Mature,maker marketplace,11,Trial,6209,1.198,171,2018,2022,0.91,1.065,1.165,1.032,0,0.972,0.519,2018-2026,HN public discussion proxy; not direct sales data
platform_etsy,Etsy,Marketplace / Platform Products,Success/Mature,maker marketplace,12,Installation / Onboarding,19206,1.252,629,2018,2022,0.91,1.065,1.165,1.032,0,0.965,0.448,2018-2026,HN public discussion proxy; not direct sales data
platform_etsy,Etsy,Marketplace / Platform Products,Success/Mature,maker marketplace,13,Usage,68606,1.065,1575,2018,2022,0.91,1.065,1.165,1.032,0,0.998,0.544,2018-2026,HN public discussion proxy; not direct sales data
platform_etsy,Etsy,Marketplace / Platform Products,Success/Mature,maker marketplace,14,Failure / Friction,22213,0.928,506,2018,2022,0.91,1.065,1.165,1.032,0,0.96,0.789,2018-2026,HN public discussion proxy; not direct sales data
platform_etsy,Etsy,Marketplace / Platform Products,Success/Mature,maker marketplace,15,Support,38903,1.112,1043,2018,2022,0.91,1.065,1.165,1.032,0,0.988,0.516,2018-2026,HN public discussion proxy; not direct sales data
platform_etsy,Etsy,Marketplace / Platform Products,Success/Mature,maker marketplace,16,Dissatisfaction,1556,1.266,132,2018,2023,0.91,1.065,1.165,1.032,0,0.623,-0.011,2018-2026,HN public discussion proxy; not direct sales data
platform_etsy,Etsy,Marketplace / Platform Products,Success/Mature,maker marketplace,17,Replacement,4146,1.165,130,2018,2022,0.91,1.065,1.165,1.032,0,0.911,0.488,2018-2026,HN public discussion proxy; not direct sales data
platform_etsy,Etsy,Marketplace / Platform Products,Success/Mature,maker marketplace,18,Switching,2094,1.237,77,2018,2022,0.91,1.065,1.165,1.032,0,0.917,0.577,2018-2026,HN public discussion proxy; not direct sales data
platform_etsy,Etsy,Marketplace / Platform Products,Success/Mature,maker marketplace,19,Upgrade,5718,1.003,130,2018,2023,0.91,1.065,1.165,1.032,0,0.976,0.441,2018-2026,HN public discussion proxy; not direct sales data
platform_etsy,Etsy,Marketplace / Platform Products,Success/Mature,maker marketplace,20,Repeat Purchase,2261,1.032,99,2018,2022,0.91,1.065,1.165,1.032,0,0.93,0.74,2018-2026,HN public discussion proxy; not direct sales data
hardware_steam_deck,Steam Deck,Hardware,Success/Growing,portable gaming PC,01,Problem Recognition,379,9.667,65,2021,2023,39.0,25.0,11.333,10.0,0,0.992,0.575,2018-2026,HN public discussion proxy; not direct sales data
hardware_steam_deck,Steam Deck,Hardware,Success/Growing,portable gaming PC,02,Search,227,12.167,25,2021,2023,39.0,25.0,11.333,10.0,0,0.96,0.63,2018-2026,HN public discussion proxy; not direct sales data
hardware_steam_deck,Steam Deck,Hardware,Success/Growing,portable gaming PC,03,Recommendation Seeking,119,13.0,23,2022,2023,39.0,25.0,11.333,10.0,-1,0.979,0.567,2018-2026,HN public discussion proxy; not direct sales data
hardware_steam_deck,Steam Deck,Hardware,Success/Growing,portable gaming PC,04,Solution Discovery,228,18.75,31,2021,2023,39.0,25.0,11.333,10.0,0,0.988,0.648,2018-2026,HN public discussion proxy; not direct sales data
hardware_steam_deck,Steam Deck,Hardware,Success/Growing,portable gaming PC,05,Comparison,171,10.4,34,2021,2023,39.0,25.0,11.333,10.0,0,0.949,0.582,2018-2026,HN public discussion proxy; not direct sales data
hardware_steam_deck,Steam Deck,Hardware,Success/Growing,portable gaming PC,06,Alternative Seeking,180,20.0,29,2022,2023,39.0,25.0,11.333,10.0,-1,0.985,0.581,2018-2026,HN public discussion proxy; not direct sales data
hardware_steam_deck,Steam Deck,Hardware,Success/Growing,portable gaming PC,07,Vendor / Provider Search,90,13.0,12,2021,2025,39.0,25.0,11.333,10.0,0,0.889,0.469,2018-2026,HN public discussion proxy; not direct sales data
hardware_steam_deck,Steam Deck,Hardware,Success/Growing,portable gaming PC,08,Pricing / Quote,72,13.0,10,2022,2025,39.0,25.0,11.333,10.0,-1,0.843,0.502,2018-2026,HN public discussion proxy; not direct sales data
hardware_steam_deck,Steam Deck,Hardware,Success/Growing,portable gaming PC,09,Purchase Intent,53,6.0,9,2021,2023,39.0,25.0,11.333,10.0,0,0.934,0.765,2018-2026,HN public discussion proxy; not direct sales data
hardware_steam_deck,Steam Deck,Hardware,Success/Growing,portable gaming PC,10,Purchase,329,39.0,68,2021,2023,39.0,25.0,11.333,10.0,0,0.998,0.513,2018-2026,HN public discussion proxy; not direct sales data
hardware_steam_deck,Steam Deck,Hardware,Success/Growing,portable gaming PC,11,Trial,46,9.5,11,2022,2024,39.0,25.0,11.333,10.0,-1,0.611,0.732,2018-2026,HN public discussion proxy; not direct sales data
hardware_steam_deck,Steam Deck,Hardware,Success/Growing,portable gaming PC,12,Installation / Onboarding,736,65.25,143,2021,2023,39.0,25.0,11.333,10.0,0,0.991,0.525,2018-2026,HN public discussion proxy; not direct sales data
hardware_steam_deck,Steam Deck,Hardware,Success/Growing,portable gaming PC,13,Usage,924,25.0,162,2021,2023,39.0,25.0,11.333,10.0,0,1.0,0.554,2018-2026,HN public discussion proxy; not direct sales data
hardware_steam_deck,Steam Deck,Hardware,Success/Growing,portable gaming PC,14,Failure / Friction,207,18.25,34,2021,2023,39.0,25.0,11.333,10.0,0,0.999,0.568,2018-2026,HN public discussion proxy; not direct sales data
hardware_steam_deck,Steam Deck,Hardware,Success/Growing,portable gaming PC,15,Support,1185,68.333,133,2021,2023,39.0,25.0,11.333,10.0,0,0.984,0.647,2018-2026,HN public discussion proxy; not direct sales data
hardware_steam_deck,Steam Deck,Hardware,Success/Growing,portable gaming PC,16,Dissatisfaction,23,4.5,4,2021,2021,39.0,25.0,11.333,10.0,0,0.587,0.638,2018-2026,HN public discussion proxy; not direct sales data
hardware_steam_deck,Steam Deck,Hardware,Success/Growing,portable gaming PC,17,Replacement,96,11.333,15,2021,2023,39.0,25.0,11.333,10.0,0,0.991,0.597,2018-2026,HN public discussion proxy; not direct sales data
hardware_steam_deck,Steam Deck,Hardware,Success/Growing,portable gaming PC,18,Switching,29,6.0,3,2021,2025,39.0,25.0,11.333,10.0,0,0.54,0.492,2018-2026,HN public discussion proxy; not direct sales data
hardware_steam_deck,Steam Deck,Hardware,Success/Growing,portable gaming PC,19,Upgrade,210,27.0,58,2021,2023,39.0,25.0,11.333,10.0,0,0.964,0.364,2018-2026,HN public discussion proxy; not direct sales data
hardware_steam_deck,Steam Deck,Hardware,Success/Growing,portable gaming PC,20,Repeat Purchase,49,10.0,10,2022,2023,39.0,25.0,11.333,10.0,-1,0.945,0.666,2018-2026,HN public discussion proxy; not direct sales data
hardware_apple_vision_pro,Apple Vision Pro,Hardware,Mixed/Early,spatial computing headset,01,Problem Recognition,202,5.889,53,2023,2024,3.0,8.625,6.0,2.5,0,0.976,0.539,2018-2026,HN public discussion proxy; not direct sales data
hardware_apple_vision_pro,Apple Vision Pro,Hardware,Mixed/Early,spatial computing headset,02,Search,142,7.4,34,2023,2024,3.0,8.625,6.0,2.5,0,0.996,0.423,2018-2026,HN public discussion proxy; not direct sales data
hardware_apple_vision_pro,Apple Vision Pro,Hardware,Mixed/Early,spatial computing headset,03,Recommendation Seeking,37,3.667,10,2021,2024,3.0,8.625,6.0,2.5,2,0.976,0.474,2018-2026,HN public discussion proxy; not direct sales data
hardware_apple_vision_pro,Apple Vision Pro,Hardware,Mixed/Early,spatial computing headset,04,Solution Discovery,119,9.75,24,2023,2024,3.0,8.625,6.0,2.5,0,0.968,0.386,2018-2026,HN public discussion proxy; not direct sales data
hardware_apple_vision_pro,Apple Vision Pro,Hardware,Mixed/Early,spatial computing headset,05,Comparison,84,11.5,27,2023,2024,3.0,8.625,6.0,2.5,0,0.952,0.586,2018-2026,HN public discussion proxy; not direct sales data
hardware_apple_vision_pro,Apple Vision Pro,Hardware,Mixed/Early,spatial computing headset,06,Alternative Seeking,67,7.5,15,2023,2024,3.0,8.625,6.0,2.5,0,0.991,0.447,2018-2026,HN public discussion proxy; not direct sales data
hardware_apple_vision_pro,Apple Vision Pro,Hardware,Mixed/Early,spatial computing headset,07,Vendor / Provider Search,23,0.8,5,2018,2024,3.0,8.625,6.0,2.5,5,0.945,0.3,2018-2026,HN public discussion proxy; not direct sales data
hardware_apple_vision_pro,Apple Vision Pro,Hardware,Mixed/Early,spatial computing headset,08,Pricing / Quote,38,5.0,11,2023,2024,3.0,8.625,6.0,2.5,0,0.995,0.37,2018-2026,HN public discussion proxy; not direct sales data
hardware_apple_vision_pro,Apple Vision Pro,Hardware,Mixed/Early,spatial computing headset,09,Purchase Intent,35,2.5,8,2019,2024,3.0,8.625,6.0,2.5,4,0.978,0.383,2018-2026,HN public discussion proxy; not direct sales data
hardware_apple_vision_pro,Apple Vision Pro,Hardware,Mixed/Early,spatial computing headset,10,Purchase,103,3.0,25,2023,2024,3.0,8.625,6.0,2.5,0,0.994,0.354,2018-2026,HN public discussion proxy; not direct sales data
hardware_apple_vision_pro,Apple Vision Pro,Hardware,Mixed/Early,spatial computing headset,11,Trial,35,10.5,5,2023,2025,3.0,8.625,6.0,2.5,0,0.656,0.302,2018-2026,HN public discussion proxy; not direct sales data
hardware_apple_vision_pro,Apple Vision Pro,Hardware,Mixed/Early,spatial computing headset,12,Installation / Onboarding,49,3.6,10,2023,2024,3.0,8.625,6.0,2.5,0,0.954,0.3,2018-2026,HN public discussion proxy; not direct sales data
hardware_apple_vision_pro,Apple Vision Pro,Hardware,Mixed/Early,spatial computing headset,13,Usage,362,8.625,106,2023,2024,3.0,8.625,6.0,2.5,0,0.998,0.374,2018-2026,HN public discussion proxy; not direct sales data
hardware_apple_vision_pro,Apple Vision Pro,Hardware,Mixed/Early,spatial computing headset,14,Failure / Friction,103,6.5,23,2023,2024,3.0,8.625,6.0,2.5,0,0.991,0.475,2018-2026,HN public discussion proxy; not direct sales data
hardware_apple_vision_pro,Apple Vision Pro,Hardware,Mixed/Early,spatial computing headset,15,Support,310,13.0,104,2023,2024,3.0,8.625,6.0,2.5,0,0.959,0.222,2018-2026,HN public discussion proxy; not direct sales data
hardware_apple_vision_pro,Apple Vision Pro,Hardware,Mixed/Early,spatial computing headset,16,Dissatisfaction,21,2.25,3,2019,2024,3.0,8.625,6.0,2.5,4,0.831,0.39,2018-2026,HN public discussion proxy; not direct sales data
hardware_apple_vision_pro,Apple Vision Pro,Hardware,Mixed/Early,spatial computing headset,17,Replacement,63,6.0,21,2023,2024,3.0,8.625,6.0,2.5,0,0.92,0.572,2018-2026,HN public discussion proxy; not direct sales data
hardware_apple_vision_pro,Apple Vision Pro,Hardware,Mixed/Early,spatial computing headset,18,Switching,11,0.75,3,2023,2024,3.0,8.625,6.0,2.5,0,0.926,0.323,2018-2026,HN public discussion proxy; not direct sales data
hardware_apple_vision_pro,Apple Vision Pro,Hardware,Mixed/Early,spatial computing headset,19,Upgrade,64,3.75,10,2018,2025,3.0,8.625,6.0,2.5,5,0.618,0.298,2018-2026,HN public discussion proxy; not direct sales data
hardware_apple_vision_pro,Apple Vision Pro,Hardware,Mixed/Early,spatial computing headset,20,Repeat Purchase,29,2.5,7,2018,2024,3.0,8.625,6.0,2.5,5,0.966,0.354,2018-2026,HN public discussion proxy; not direct sales data
hardware_meta_quest,Meta Quest,Hardware,Success/Category,VR headset,01,Problem Recognition,139,6.75,25,2022,2023,10.0,27.5,2.5,4.5,-1,0.891,0.81,2018-2026,HN public discussion proxy; not direct sales data
hardware_meta_quest,Meta Quest,Hardware,Success/Category,VR headset,02,Search,66,4.0,14,2020,2024,10.0,27.5,2.5,4.5,1,0.946,0.658,2018-2026,HN public discussion proxy; not direct sales data
hardware_meta_quest,Meta Quest,Hardware,Success/Category,VR headset,03,Recommendation Seeking,24,3.5,6,2022,2022,10.0,27.5,2.5,4.5,-1,0.937,0.675,2018-2026,HN public discussion proxy; not direct sales data
hardware_meta_quest,Meta Quest,Hardware,Success/Category,VR headset,04,Solution Discovery,64,11.0,8,2020,2024,10.0,27.5,2.5,4.5,1,0.945,0.639,2018-2026,HN public discussion proxy; not direct sales data
hardware_meta_quest,Meta Quest,Hardware,Success/Category,VR headset,05,Comparison,53,3.0,11,2022,2023,10.0,27.5,2.5,4.5,-1,0.897,0.706,2018-2026,HN public discussion proxy; not direct sales data
hardware_meta_quest,Meta Quest,Hardware,Success/Category,VR headset,06,Alternative Seeking,34,4.5,4,2021,2023,10.0,27.5,2.5,4.5,0,0.957,0.768,2018-2026,HN public discussion proxy; not direct sales data
hardware_meta_quest,Meta Quest,Hardware,Success/Category,VR headset,07,Vendor / Provider Search,14,1.5,2,2022,2024,10.0,27.5,2.5,4.5,-1,0.866,0.602,2018-2026,HN public discussion proxy; not direct sales data
hardware_meta_quest,Meta Quest,Hardware,Success/Category,VR headset,08,Pricing / Quote,22,3.0,8,2022,2022,10.0,27.5,2.5,4.5,-1,0.752,0.75,2018-2026,HN public discussion proxy; not direct sales data
hardware_meta_quest,Meta Quest,Hardware,Success/Category,VR headset,09,Purchase Intent,21,3.5,8,2022,2022,10.0,27.5,2.5,4.5,-1,0.788,0.597,2018-2026,HN public discussion proxy; not direct sales data
hardware_meta_quest,Meta Quest,Hardware,Success/Category,VR headset,10,Purchase,88,10.0,21,2021,2022,10.0,27.5,2.5,4.5,0,0.965,0.697,2018-2026,HN public discussion proxy; not direct sales data
hardware_meta_quest,Meta Quest,Hardware,Success/Category,VR headset,11,Trial,24,2.0,4,2022,2024,10.0,27.5,2.5,4.5,-1,0.944,0.661,2018-2026,HN public discussion proxy; not direct sales data
hardware_meta_quest,Meta Quest,Hardware,Success/Category,VR headset,12,Installation / Onboarding,45,6.5,8,2022,2023,10.0,27.5,2.5,4.5,-1,0.943,0.646,2018-2026,HN public discussion proxy; not direct sales data
hardware_meta_quest,Meta Quest,Hardware,Success/Category,VR headset,13,Usage,210,27.5,36,2022,2024,10.0,27.5,2.5,4.5,-1,0.998,0.643,2018-2026,HN public discussion proxy; not direct sales data
hardware_meta_quest,Meta Quest,Hardware,Success/Category,VR headset,14,Failure / Friction,61,2.333,9,2021,2024,10.0,27.5,2.5,4.5,0,0.897,0.824,2018-2026,HN public discussion proxy; not direct sales data
hardware_meta_quest,Meta Quest,Hardware,Success/Category,VR headset,15,Support,163,10.667,22,2022,2024,10.0,27.5,2.5,4.5,-1,0.954,0.655,2018-2026,HN public discussion proxy; not direct sales data
hardware_meta_quest,Meta Quest,Hardware,Success/Category,VR headset,16,Dissatisfaction,12,2.5,2,2022,2023,10.0,27.5,2.5,4.5,-1,0.801,0.567,2018-2026,HN public discussion proxy; not direct sales data
hardware_meta_quest,Meta Quest,Hardware,Success/Category,VR headset,17,Replacement,22,2.5,7,2022,2023,10.0,27.5,2.5,4.5,-1,0.86,0.663,2018-2026,HN public discussion proxy; not direct sales data
hardware_meta_quest,Meta Quest,Hardware,Success/Category,VR headset,18,Switching,6,2.0,1,2024,2024,10.0,27.5,2.5,4.5,-3,0.912,0.527,2018-2026,HN public discussion proxy; not direct sales data
hardware_meta_quest,Meta Quest,Hardware,Success/Category,VR headset,19,Upgrade,22,3.0,8,2022,2023,10.0,27.5,2.5,4.5,-1,0.623,0.708,2018-2026,HN public discussion proxy; not direct sales data
hardware_meta_quest,Meta Quest,Hardware,Success/Category,VR headset,20,Repeat Purchase,15,4.5,3,2022,2025,10.0,27.5,2.5,4.5,-1,0.759,0.154,2018-2026,HN public discussion proxy; not direct sales data
hardware_oura_ring,Oura Ring,Hardware,Success/Niche,wearable health ring,01,Problem Recognition,486,1.145,12,2018,2022,0.893,1.212,1.143,0.875,0,0.741,0.504,2018-2026,HN public discussion proxy; not direct sales data
hardware_oura_ring,Oura Ring,Hardware,Success/Niche,wearable health ring,02,Search,278,1.135,16,2018,2022,0.893,1.212,1.143,0.875,0,0.72,0.429,2018-2026,HN public discussion proxy; not direct sales data
hardware_oura_ring,Oura Ring,Hardware,Success/Niche,wearable health ring,03,Recommendation Seeking,110,0.464,7,2018,2022,0.893,1.212,1.143,0.875,0,0.561,-0.031,2018-2026,HN public discussion proxy; not direct sales data
hardware_oura_ring,Oura Ring,Hardware,Success/Niche,wearable health ring,04,Solution Discovery,373,0.969,19,2018,2022,0.893,1.212,1.143,0.875,0,0.687,0.214,2018-2026,HN public discussion proxy; not direct sales data
hardware_oura_ring,Oura Ring,Hardware,Success/Niche,wearable health ring,05,Comparison,129,1.938,10,2018,2022,0.893,1.212,1.143,0.875,0,0.474,0.45,2018-2026,HN public discussion proxy; not direct sales data
hardware_oura_ring,Oura Ring,Hardware,Success/Niche,wearable health ring,06,Alternative Seeking,106,2.091,7,2018,2022,0.893,1.212,1.143,0.875,0,0.832,0.181,2018-2026,HN public discussion proxy; not direct sales data
hardware_oura_ring,Oura Ring,Hardware,Success/Niche,wearable health ring,07,Vendor / Provider Search,58,1.308,3,2018,2022,0.893,1.212,1.143,0.875,0,0.395,0.387,2018-2026,HN public discussion proxy; not direct sales data
hardware_oura_ring,Oura Ring,Hardware,Success/Niche,wearable health ring,08,Pricing / Quote,47,0.533,10,2018,2022,0.893,1.212,1.143,0.875,0,0.519,-0.287,2018-2026,HN public discussion proxy; not direct sales data
hardware_oura_ring,Oura Ring,Hardware,Success/Niche,wearable health ring,09,Purchase Intent,54,0.5,4,2018,2022,0.893,1.212,1.143,0.875,0,0.679,-0.176,2018-2026,HN public discussion proxy; not direct sales data
hardware_oura_ring,Oura Ring,Hardware,Success/Niche,wearable health ring,10,Purchase,131,0.893,13,2018,2022,0.893,1.212,1.143,0.875,0,0.851,0.1,2018-2026,HN public discussion proxy; not direct sales data
hardware_oura_ring,Oura Ring,Hardware,Success/Niche,wearable health ring,11,Trial,97,2.0,10,2018,2025,0.893,1.212,1.143,0.875,0,0.131,0.341,2018-2026,HN public discussion proxy; not direct sales data
hardware_oura_ring,Oura Ring,Hardware,Success/Niche,wearable health ring,12,Installation / Onboarding,119,1.4,18,2018,2022,0.893,1.212,1.143,0.875,0,0.479,0.048,2018-2026,HN public discussion proxy; not direct sales data
hardware_oura_ring,Oura Ring,Hardware,Success/Niche,wearable health ring,13,Usage,514,1.212,24,2018,2022,0.893,1.212,1.143,0.875,0,0.961,0.253,2018-2026,HN public discussion proxy; not direct sales data
hardware_oura_ring,Oura Ring,Hardware,Success/Niche,wearable health ring,14,Failure / Friction,240,0.6,15,2018,2022,0.893,1.212,1.143,0.875,0,0.787,0.067,2018-2026,HN public discussion proxy; not direct sales data
hardware_oura_ring,Oura Ring,Hardware,Success/Niche,wearable health ring,15,Support,326,1.909,14,2018,2023,0.893,1.212,1.143,0.875,0,0.398,0.14,2018-2026,HN public discussion proxy; not direct sales data
hardware_oura_ring,Oura Ring,Hardware,Success/Niche,wearable health ring,16,Dissatisfaction,19,1.25,4,2018,2022,0.893,1.212,1.143,0.875,0,0.463,0.239,2018-2026,HN public discussion proxy; not direct sales data
hardware_oura_ring,Oura Ring,Hardware,Success/Niche,wearable health ring,17,Replacement,30,1.143,4,2018,2026,0.893,1.212,1.143,0.875,0,0.558,0.298,2018-2026,HN public discussion proxy; not direct sales data
hardware_oura_ring,Oura Ring,Hardware,Success/Niche,wearable health ring,18,Switching,13,1.25,3,2019,2022,0.893,1.212,1.143,0.875,-1,0.269,0.342,2018-2026,HN public discussion proxy; not direct sales data
hardware_oura_ring,Oura Ring,Hardware,Success/Niche,wearable health ring,19,Upgrade,45,0.625,5,2018,2024,0.893,1.212,1.143,0.875,0,0.529,-0.052,2018-2026,HN public discussion proxy; not direct sales data
hardware_oura_ring,Oura Ring,Hardware,Success/Niche,wearable health ring,20,Repeat Purchase,42,0.875,11,2018,2021,0.893,1.212,1.143,0.875,0,0.681,0.501,2018-2026,HN public discussion proxy; not direct sales data
hardware_framework_laptop,Framework Laptop,Hardware,Success/Niche,repairable laptop,01,Problem Recognition,391,7.471,33,2018,2022,19.0,6.727,15.8,10.5,3,0.951,0.778,2018-2026,HN public discussion proxy; not direct sales data
hardware_framework_laptop,Framework Laptop,Hardware,Success/Niche,repairable laptop,02,Search,277,8.455,24,2020,2025,19.0,6.727,15.8,10.5,1,0.986,0.757,2018-2026,HN public discussion proxy; not direct sales data
hardware_framework_laptop,Framework Laptop,Hardware,Success/Niche,repairable laptop,03,Recommendation Seeking,164,10.2,27,2021,2022,19.0,6.727,15.8,10.5,0,0.897,0.745,2018-2026,HN public discussion proxy; not direct sales data
hardware_framework_laptop,Framework Laptop,Hardware,Success/Niche,repairable laptop,04,Solution Discovery,197,6.25,17,2020,2025,19.0,6.727,15.8,10.5,1,0.982,0.672,2018-2026,HN public discussion proxy; not direct sales data
hardware_framework_laptop,Framework Laptop,Hardware,Success/Niche,repairable laptop,05,Comparison,180,5.231,14,2018,2025,19.0,6.727,15.8,10.5,3,0.977,0.673,2018-2026,HN public discussion proxy; not direct sales data
hardware_framework_laptop,Framework Laptop,Hardware,Success/Niche,repairable laptop,06,Alternative Seeking,140,5.778,15,2019,2025,19.0,6.727,15.8,10.5,2,0.965,0.718,2018-2026,HN public discussion proxy; not direct sales data
hardware_framework_laptop,Framework Laptop,Hardware,Success/Niche,repairable laptop,07,Vendor / Provider Search,146,9.4,16,2021,2022,19.0,6.727,15.8,10.5,0,0.964,0.679,2018-2026,HN public discussion proxy; not direct sales data
hardware_framework_laptop,Framework Laptop,Hardware,Success/Niche,repairable laptop,08,Pricing / Quote,64,10.0,8,2021,2025,19.0,6.727,15.8,10.5,0,0.929,0.597,2018-2026,HN public discussion proxy; not direct sales data
hardware_framework_laptop,Framework Laptop,Hardware,Success/Niche,repairable laptop,09,Purchase Intent,93,10.667,12,2021,2025,19.0,6.727,15.8,10.5,0,0.967,0.758,2018-2026,HN public discussion proxy; not direct sales data
hardware_framework_laptop,Framework Laptop,Hardware,Success/Niche,repairable laptop,10,Purchase,321,19.0,43,2021,2025,19.0,6.727,15.8,10.5,0,0.978,0.593,2018-2026,HN public discussion proxy; not direct sales data
hardware_framework_laptop,Framework Laptop,Hardware,Success/Niche,repairable laptop,11,Trial,25,3.5,7,2019,2025,19.0,6.727,15.8,10.5,2,0.674,0.313,2018-2026,HN public discussion proxy; not direct sales data
hardware_framework_laptop,Framework Laptop,Hardware,Success/Niche,repairable laptop,12,Installation / Onboarding,367,9.385,42,2020,2022,19.0,6.727,15.8,10.5,1,0.969,0.745,2018-2026,HN public discussion proxy; not direct sales data
hardware_framework_laptop,Framework Laptop,Hardware,Success/Niche,repairable laptop,13,Usage,711,6.727,57,2019,2022,19.0,6.727,15.8,10.5,2,0.988,0.763,2018-2026,HN public discussion proxy; not direct sales data
hardware_framework_laptop,Framework Laptop,Hardware,Success/Niche,repairable laptop,14,Failure / Friction,229,6.636,13,2018,2022,19.0,6.727,15.8,10.5,3,0.942,0.839,2018-2026,HN public discussion proxy; not direct sales data
hardware_framework_laptop,Framework Laptop,Hardware,Success/Niche,repairable laptop,15,Support,874,15.278,100,2021,2022,19.0,6.727,15.8,10.5,0,0.972,0.743,2018-2026,HN public discussion proxy; not direct sales data
hardware_framework_laptop,Framework Laptop,Hardware,Success/Niche,repairable laptop,16,Dissatisfaction,44,10.5,8,2021,2025,19.0,6.727,15.8,10.5,0,0.959,0.521,2018-2026,HN public discussion proxy; not direct sales data
hardware_framework_laptop,Framework Laptop,Hardware,Success/Niche,repairable laptop,17,Replacement,206,15.8,34,2021,2025,19.0,6.727,15.8,10.5,0,0.93,0.656,2018-2026,HN public discussion proxy; not direct sales data
hardware_framework_laptop,Framework Laptop,Hardware,Success/Niche,repairable laptop,18,Switching,33,3.75,6,2018,2025,19.0,6.727,15.8,10.5,3,0.812,0.622,2018-2026,HN public discussion proxy; not direct sales data
hardware_framework_laptop,Framework Laptop,Hardware,Success/Niche,repairable laptop,19,Upgrade,787,33.0,128,2021,2025,19.0,6.727,15.8,10.5,0,0.974,0.599,2018-2026,HN public discussion proxy; not direct sales data
hardware_framework_laptop,Framework Laptop,Hardware,Success/Niche,repairable laptop,20,Repeat Purchase,85,10.5,10,2021,2025,19.0,6.727,15.8,10.5,0,0.873,0.586,2018-2026,HN public discussion proxy; not direct sales data
hardware_3d_printer,3D Printer,Hardware,Success/Category,desktop fabrication,01,Problem Recognition,843,2.327,48,2018,2026,2.735,1.88,2.441,2.0,0,0.909,0.641,2018-2026,HN public discussion proxy; not direct sales data
hardware_3d_printer,3D Printer,Hardware,Success/Category,desktop fabrication,02,Search,504,1.382,14,2018,2023,2.735,1.88,2.441,2.0,0,0.77,0.711,2018-2026,HN public discussion proxy; not direct sales data
hardware_3d_printer,3D Printer,Hardware,Success/Category,desktop fabrication,03,Recommendation Seeking,289,1.829,11,2018,2023,2.735,1.88,2.441,2.0,0,0.785,0.75,2018-2026,HN public discussion proxy; not direct sales data
hardware_3d_printer,3D Printer,Hardware,Success/Category,desktop fabrication,04,Solution Discovery,647,1.667,32,2018,2021,2.735,1.88,2.441,2.0,0,0.721,0.519,2018-2026,HN public discussion proxy; not direct sales data
hardware_3d_printer,3D Printer,Hardware,Success/Category,desktop fabrication,05,Comparison,199,3.273,13,2018,2026,2.735,1.88,2.441,2.0,0,0.867,0.784,2018-2026,HN public discussion proxy; not direct sales data
hardware_3d_printer,3D Printer,Hardware,Success/Category,desktop fabrication,06,Alternative Seeking,219,1.5,8,2018,2026,2.735,1.88,2.441,2.0,0,0.781,0.656,2018-2026,HN public discussion proxy; not direct sales data
hardware_3d_printer,3D Printer,Hardware,Success/Category,desktop fabrication,07,Vendor / Provider Search,109,3.154,11,2018,2026,2.735,1.88,2.441,2.0,0,0.929,0.73,2018-2026,HN public discussion proxy; not direct sales data
hardware_3d_printer,3D Printer,Hardware,Success/Category,desktop fabrication,08,Pricing / Quote,338,0.292,114,2019,2019,2.735,1.88,2.441,2.0,-1,-0.305,-0.17,2018-2026,HN public discussion proxy; not direct sales data
hardware_3d_printer,3D Printer,Hardware,Success/Category,desktop fabrication,09,Purchase Intent,105,1.944,11,2018,2026,2.735,1.88,2.441,2.0,0,0.771,0.385,2018-2026,HN public discussion proxy; not direct sales data
hardware_3d_printer,3D Printer,Hardware,Success/Category,desktop fabrication,10,Purchase,443,2.735,20,2018,2026,2.735,1.88,2.441,2.0,0,0.944,0.726,2018-2026,HN public discussion proxy; not direct sales data
hardware_3d_printer,3D Printer,Hardware,Success/Category,desktop fabrication,11,Trial,129,1.722,9,2018,2023,2.735,1.88,2.441,2.0,0,0.681,0.31,2018-2026,HN public discussion proxy; not direct sales data
hardware_3d_printer,3D Printer,Hardware,Success/Category,desktop fabrication,12,Installation / Onboarding,239,3.36,18,2018,2026,2.735,1.88,2.441,2.0,0,0.891,0.764,2018-2026,HN public discussion proxy; not direct sales data
hardware_3d_printer,3D Printer,Hardware,Success/Category,desktop fabrication,13,Usage,1870,1.88,76,2018,2026,2.735,1.88,2.441,2.0,0,0.994,0.816,2018-2026,HN public discussion proxy; not direct sales data
hardware_3d_printer,3D Printer,Hardware,Success/Category,desktop fabrication,14,Failure / Friction,402,1.926,18,2018,2026,2.735,1.88,2.441,2.0,0,0.905,0.523,2018-2026,HN public discussion proxy; not direct sales data
hardware_3d_printer,3D Printer,Hardware,Success/Category,desktop fabrication,15,Support,600,2.338,26,2018,2026,2.735,1.88,2.441,2.0,0,0.943,0.764,2018-2026,HN public discussion proxy; not direct sales data
hardware_3d_printer,3D Printer,Hardware,Success/Category,desktop fabrication,16,Dissatisfaction,39,7.5,4,2020,2025,2.735,1.88,2.441,2.0,-2,0.422,0.917,2018-2026,HN public discussion proxy; not direct sales data
hardware_3d_printer,3D Printer,Hardware,Success/Category,desktop fabrication,17,Replacement,257,2.441,13,2018,2026,2.735,1.88,2.441,2.0,0,0.917,0.801,2018-2026,HN public discussion proxy; not direct sales data
hardware_3d_printer,3D Printer,Hardware,Success/Category,desktop fabrication,18,Switching,39,1.2,6,2018,2021,2.735,1.88,2.441,2.0,0,0.211,0.304,2018-2026,HN public discussion proxy; not direct sales data
hardware_3d_printer,3D Printer,Hardware,Success/Category,desktop fabrication,19,Upgrade,211,2.5,15,2018,2023,2.735,1.88,2.441,2.0,0,0.729,0.7,2018-2026,HN public discussion proxy; not direct sales data
hardware_3d_printer,3D Printer,Hardware,Success/Category,desktop fabrication,20,Repeat Purchase,87,2.0,8,2018,2026,2.735,1.88,2.441,2.0,0,0.778,0.406,2018-2026,HN public discussion proxy; not direct sales data
hardware_dji_drone,DJI Drone,Hardware,Success/Category,consumer and prosumer drones,01,Problem Recognition,97,1.263,9,2018,2020,0.917,1.27,1.0,0.857,0,0.602,-0.37,2018-2026,HN public discussion proxy; not direct sales data
hardware_dji_drone,DJI Drone,Hardware,Success/Category,consumer and prosumer drones,02,Search,57,1.0,6,2018,2023,0.917,1.27,1.0,0.857,0,0.775,0.535,2018-2026,HN public discussion proxy; not direct sales data
hardware_dji_drone,DJI Drone,Hardware,Success/Category,consumer and prosumer drones,03,Recommendation Seeking,38,1.286,4,2018,2023,0.917,1.27,1.0,0.857,0,0.375,0.801,2018-2026,HN public discussion proxy; not direct sales data
hardware_dji_drone,DJI Drone,Hardware,Success/Category,consumer and prosumer drones,04,Solution Discovery,79,0.667,7,2018,2022,0.917,1.27,1.0,0.857,0,0.779,0.063,2018-2026,HN public discussion proxy; not direct sales data
hardware_dji_drone,DJI Drone,Hardware,Success/Category,consumer and prosumer drones,05,Comparison,42,0.889,4,2018,2022,0.917,1.27,1.0,0.857,0,0.519,0.547,2018-2026,HN public discussion proxy; not direct sales data
hardware_dji_drone,DJI Drone,Hardware,Success/Category,consumer and prosumer drones,06,Alternative Seeking,38,3.0,6,2018,2022,0.917,1.27,1.0,0.857,0,0.772,-0.014,2018-2026,HN public discussion proxy; not direct sales data
hardware_dji_drone,DJI Drone,Hardware,Success/Category,consumer and prosumer drones,07,Vendor / Provider Search,17,1.4,2,2018,2018,0.917,1.27,1.0,0.857,0,0.407,-0.384,2018-2026,HN public discussion proxy; not direct sales data
hardware_dji_drone,DJI Drone,Hardware,Success/Category,consumer and prosumer drones,08,Pricing / Quote,16,2.0,4,2020,2020,0.917,1.27,1.0,0.857,-2,0.423,-0.366,2018-2026,HN public discussion proxy; not direct sales data
hardware_dji_drone,DJI Drone,Hardware,Success/Category,consumer and prosumer drones,09,Purchase Intent,12,1.667,4,2022,2024,0.917,1.27,1.0,0.857,-4,0.799,-0.22,2018-2026,HN public discussion proxy; not direct sales data
hardware_dji_drone,DJI Drone,Hardware,Success/Category,consumer and prosumer drones,10,Purchase,54,0.917,4,2018,2018,0.917,1.27,1.0,0.857,0,0.502,0.077,2018-2026,HN public discussion proxy; not direct sales data
hardware_dji_drone,DJI Drone,Hardware,Success/Category,consumer and prosumer drones,11,Trial,12,1.333,3,2022,2023,0.917,1.27,1.0,0.857,-4,0.292,0.696,2018-2026,HN public discussion proxy; not direct sales data
hardware_dji_drone,DJI Drone,Hardware,Success/Category,consumer and prosumer drones,12,Installation / Onboarding,49,1.111,5,2019,2024,0.917,1.27,1.0,0.857,-1,0.697,0.657,2018-2026,HN public discussion proxy; not direct sales data
hardware_dji_drone,DJI Drone,Hardware,Success/Category,consumer and prosumer drones,13,Usage,246,1.27,24,2018,2024,0.917,1.27,1.0,0.857,0,0.971,0.291,2018-2026,HN public discussion proxy; not direct sales data
hardware_dji_drone,DJI Drone,Hardware,Success/Category,consumer and prosumer drones,14,Failure / Friction,50,1.455,5,2018,2024,0.917,1.27,1.0,0.857,0,0.507,-0.308,2018-2026,HN public discussion proxy; not direct sales data
hardware_dji_drone,DJI Drone,Hardware,Success/Category,consumer and prosumer drones,15,Support,114,2.167,12,2018,2023,0.917,1.27,1.0,0.857,0,0.577,0.642,2018-2026,HN public discussion proxy; not direct sales data
hardware_dji_drone,DJI Drone,Hardware,Success/Category,consumer and prosumer drones,16,Dissatisfaction,11,0.8,2,2018,2018,0.917,1.27,1.0,0.857,0,0.008,-0.429,2018-2026,HN public discussion proxy; not direct sales data
hardware_dji_drone,DJI Drone,Hardware,Success/Category,consumer and prosumer drones,17,Replacement,15,1.0,1,2018,2018,0.917,1.27,1.0,0.857,0,0.314,-0.052,2018-2026,HN public discussion proxy; not direct sales data
hardware_dji_drone,DJI Drone,Hardware,Success/Category,consumer and prosumer drones,18,Switching,4,0.75,1,,2018,0.917,1.27,1.0,0.857,,-0.534,0.08,2018-2026,HN public discussion proxy; not direct sales data
hardware_dji_drone,DJI Drone,Hardware,Success/Category,consumer and prosumer drones,19,Upgrade,11,0.6,2,2019,2019,0.917,1.27,1.0,0.857,-1,0.291,-0.021,2018-2026,HN public discussion proxy; not direct sales data
hardware_dji_drone,DJI Drone,Hardware,Success/Category,consumer and prosumer drones,20,Repeat Purchase,15,0.857,2,2018,2024,0.917,1.27,1.0,0.857,0,0.282,-0.237,2018-2026,HN public discussion proxy; not direct sales data
hardware_sonos,Sonos,Hardware,Success/Mature,connected speakers,01,Problem Recognition,100,1.5,12,2018,2020,1.588,1.162,0.333,1.5,1,0.932,-0.578,2018-2026,HN public discussion proxy; not direct sales data
hardware_sonos,Sonos,Hardware,Success/Mature,connected speakers,02,Search,69,0.562,6,2018,2020,1.588,1.162,0.333,1.5,1,0.505,-0.123,2018-2026,HN public discussion proxy; not direct sales data
hardware_sonos,Sonos,Hardware,Success/Mature,connected speakers,03,Recommendation Seeking,57,1.364,10,2018,2020,1.588,1.162,0.333,1.5,1,0.793,-0.516,2018-2026,HN public discussion proxy; not direct sales data
hardware_sonos,Sonos,Hardware,Success/Mature,connected speakers,04,Solution Discovery,106,1.08,12,2018,2025,1.588,1.162,0.333,1.5,1,0.665,-0.486,2018-2026,HN public discussion proxy; not direct sales data
hardware_sonos,Sonos,Hardware,Success/Mature,connected speakers,05,Comparison,36,1.5,3,2018,2025,1.588,1.162,0.333,1.5,1,0.766,-0.474,2018-2026,HN public discussion proxy; not direct sales data
hardware_sonos,Sonos,Hardware,Success/Mature,connected speakers,06,Alternative Seeking,52,1.083,5,2018,2020,1.588,1.162,0.333,1.5,1,0.93,-0.386,2018-2026,HN public discussion proxy; not direct sales data
hardware_sonos,Sonos,Hardware,Success/Mature,connected speakers,07,Vendor / Provider Search,13,0.571,1,2018,2019,1.588,1.162,0.333,1.5,1,0.097,0.325,2018-2026,HN public discussion proxy; not direct sales data
hardware_sonos,Sonos,Hardware,Success/Mature,connected speakers,08,Pricing / Quote,15,0.625,3,2018,2018,1.588,1.162,0.333,1.5,1,-0.052,-0.071,2018-2026,HN public discussion proxy; not direct sales data
hardware_sonos,Sonos,Hardware,Success/Mature,connected speakers,09,Purchase Intent,27,1.6,6,2019,2020,1.588,1.162,0.333,1.5,0,0.831,-0.326,2018-2026,HN public discussion proxy; not direct sales data
hardware_sonos,Sonos,Hardware,Success/Mature,connected speakers,10,Purchase,116,1.588,17,2019,2020,1.588,1.162,0.333,1.5,0,0.96,-0.302,2018-2026,HN public discussion proxy; not direct sales data
hardware_sonos,Sonos,Hardware,Success/Mature,connected speakers,11,Trial,11,0.75,3,2023,2023,1.588,1.162,0.333,1.5,-4,0.105,0.468,2018-2026,HN public discussion proxy; not direct sales data
hardware_sonos,Sonos,Hardware,Success/Mature,connected speakers,12,Installation / Onboarding,37,1.143,6,2019,2020,1.588,1.162,0.333,1.5,0,0.728,-0.171,2018-2026,HN public discussion proxy; not direct sales data
hardware_sonos,Sonos,Hardware,Success/Mature,connected speakers,13,Usage,187,1.162,12,2018,2025,1.588,1.162,0.333,1.5,1,0.943,-0.482,2018-2026,HN public discussion proxy; not direct sales data
hardware_sonos,Sonos,Hardware,Success/Mature,connected speakers,14,Failure / Friction,56,1.455,6,2018,2020,1.588,1.162,0.333,1.5,1,0.822,-0.529,2018-2026,HN public discussion proxy; not direct sales data
hardware_sonos,Sonos,Hardware,Success/Mature,connected speakers,15,Support,208,1.0,32,2018,2020,1.588,1.162,0.333,1.5,1,0.852,-0.387,2018-2026,HN public discussion proxy; not direct sales data
hardware_sonos,Sonos,Hardware,Success/Mature,connected speakers,16,Dissatisfaction,13,1.0,3,2019,2020,1.588,1.162,0.333,1.5,0,0.747,-0.115,2018-2026,HN public discussion proxy; not direct sales data
hardware_sonos,Sonos,Hardware,Success/Mature,connected speakers,17,Replacement,18,0.333,2,2018,2018,1.588,1.162,0.333,1.5,1,0.23,0.207,2018-2026,HN public discussion proxy; not direct sales data
hardware_sonos,Sonos,Hardware,Success/Mature,connected speakers,18,Switching,7,0.8,2,2018,2018,1.588,1.162,0.333,1.5,1,0.422,-0.465,2018-2026,HN public discussion proxy; not direct sales data
hardware_sonos,Sonos,Hardware,Success/Mature,connected speakers,19,Upgrade,55,1.429,13,2019,2020,1.588,1.162,0.333,1.5,0,0.72,-0.286,2018-2026,HN public discussion proxy; not direct sales data
hardware_sonos,Sonos,Hardware,Success/Mature,connected speakers,20,Repeat Purchase,18,1.5,4,2019,2020,1.588,1.162,0.333,1.5,0,0.877,-0.523,2018-2026,HN public discussion proxy; not direct sales data
saas_zoom,Zoom,SaaS / Software,Success,video meetings,01,Problem Recognition,1350,0.995,110,2018,2022,0.892,1.649,0.75,0.8,0,0.924,0.336,2018-2026,HN public discussion proxy; not direct sales data
saas_zoom,Zoom,SaaS / Software,Success,video meetings,02,Search,595,0.989,36,2018,2022,0.892,1.649,0.75,0.8,0,0.759,0.501,2018-2026,HN public discussion proxy; not direct sales data
saas_zoom,Zoom,SaaS / Software,Success,video meetings,03,Recommendation Seeking,219,0.714,25,2018,2022,0.892,1.649,0.75,0.8,0,0.862,0.506,2018-2026,HN public discussion proxy; not direct sales data
saas_zoom,Zoom,SaaS / Software,Success,video meetings,04,Solution Discovery,884,1.452,63,2018,2022,0.892,1.649,0.75,0.8,0,0.849,0.279,2018-2026,HN public discussion proxy; not direct sales data
saas_zoom,Zoom,SaaS / Software,Success,video meetings,05,Comparison,335,1.459,42,2018,2020,0.892,1.649,0.75,0.8,0,0.949,0.128,2018-2026,HN public discussion proxy; not direct sales data
saas_zoom,Zoom,SaaS / Software,Success,video meetings,06,Alternative Seeking,276,1.229,44,2018,2020,0.892,1.649,0.75,0.8,0,0.949,0.265,2018-2026,HN public discussion proxy; not direct sales data
saas_zoom,Zoom,SaaS / Software,Success,video meetings,07,Vendor / Provider Search,90,1.417,9,2018,2024,0.892,1.649,0.75,0.8,0,0.634,-0.12,2018-2026,HN public discussion proxy; not direct sales data
saas_zoom,Zoom,SaaS / Software,Success,video meetings,08,Pricing / Quote,93,0.783,11,2018,2023,0.892,1.649,0.75,0.8,0,0.125,0.427,2018-2026,HN public discussion proxy; not direct sales data
saas_zoom,Zoom,SaaS / Software,Success,video meetings,09,Purchase Intent,106,0.522,5,2018,2022,0.892,1.649,0.75,0.8,0,0.524,0.169,2018-2026,HN public discussion proxy; not direct sales data
saas_zoom,Zoom,SaaS / Software,Success,video meetings,10,Purchase,211,0.892,18,2018,2022,0.892,1.649,0.75,0.8,0,0.875,0.234,2018-2026,HN public discussion proxy; not direct sales data
saas_zoom,Zoom,SaaS / Software,Success,video meetings,11,Trial,162,0.909,12,2018,2021,0.892,1.649,0.75,0.8,0,0.288,0.42,2018-2026,HN public discussion proxy; not direct sales data
saas_zoom,Zoom,SaaS / Software,Success,video meetings,12,Installation / Onboarding,325,0.673,57,2019,2020,0.892,1.649,0.75,0.8,-1,0.791,0.527,2018-2026,HN public discussion proxy; not direct sales data
saas_zoom,Zoom,SaaS / Software,Success,video meetings,13,Usage,1365,1.649,216,2018,2020,0.892,1.649,0.75,0.8,0,0.994,0.255,2018-2026,HN public discussion proxy; not direct sales data
saas_zoom,Zoom,SaaS / Software,Success,video meetings,14,Failure / Friction,1102,0.708,117,2018,2022,0.892,1.649,0.75,0.8,0,0.872,0.305,2018-2026,HN public discussion proxy; not direct sales data
saas_zoom,Zoom,SaaS / Software,Success,video meetings,15,Support,764,1.155,93,2018,2020,0.892,1.649,0.75,0.8,0,0.954,0.385,2018-2026,HN public discussion proxy; not direct sales data
saas_zoom,Zoom,SaaS / Software,Success,video meetings,16,Dissatisfaction,34,2.667,7,2020,2023,0.892,1.649,0.75,0.8,-2,0.807,0.151,2018-2026,HN public discussion proxy; not direct sales data
saas_zoom,Zoom,SaaS / Software,Success,video meetings,17,Replacement,93,0.75,7,2018,2021,0.892,1.649,0.75,0.8,0,0.716,0.489,2018-2026,HN public discussion proxy; not direct sales data
saas_zoom,Zoom,SaaS / Software,Success,video meetings,18,Switching,75,2.286,18,2018,2020,0.892,1.649,0.75,0.8,0,0.877,0.001,2018-2026,HN public discussion proxy; not direct sales data
saas_zoom,Zoom,SaaS / Software,Success,video meetings,19,Upgrade,103,0.941,11,2018,2020,0.892,1.649,0.75,0.8,0,0.881,0.36,2018-2026,HN public discussion proxy; not direct sales data
saas_zoom,Zoom,SaaS / Software,Success,video meetings,20,Repeat Purchase,62,0.8,8,2018,2022,0.892,1.649,0.75,0.8,0,0.059,0.247,2018-2026,HN public discussion proxy; not direct sales data
saas_figma,Figma,SaaS / Software,Success,collaborative design,01,Problem Recognition,453,4.5,19,2018,2025,2.0,5.103,1.5,3.0,1,0.953,0.846,2018-2026,HN public discussion proxy; not direct sales data
saas_figma,Figma,SaaS / Software,Success,collaborative design,02,Search,614,10.429,37,2020,2025,2.0,5.103,1.5,3.0,-1,0.916,0.766,2018-2026,HN public discussion proxy; not direct sales data
saas_figma,Figma,SaaS / Software,Success,collaborative design,03,Recommendation Seeking,72,2.2,6,2018,2024,2.0,5.103,1.5,3.0,1,0.689,0.742,2018-2026,HN public discussion proxy; not direct sales data
saas_figma,Figma,SaaS / Software,Success,collaborative design,04,Solution Discovery,483,9.625,31,2020,2025,2.0,5.103,1.5,3.0,-1,0.97,0.824,2018-2026,HN public discussion proxy; not direct sales data
saas_figma,Figma,SaaS / Software,Success,collaborative design,05,Comparison,151,4.9,17,2018,2024,2.0,5.103,1.5,3.0,1,0.747,0.753,2018-2026,HN public discussion proxy; not direct sales data
saas_figma,Figma,SaaS / Software,Success,collaborative design,06,Alternative Seeking,124,2.417,8,2018,2022,2.0,5.103,1.5,3.0,1,0.782,0.875,2018-2026,HN public discussion proxy; not direct sales data
saas_figma,Figma,SaaS / Software,Success,collaborative design,07,Vendor / Provider Search,29,7.0,7,2020,2024,2.0,5.103,1.5,3.0,-1,0.747,0.662,2018-2026,HN public discussion proxy; not direct sales data
saas_figma,Figma,SaaS / Software,Success,collaborative design,08,Pricing / Quote,64,8.667,6,2020,2026,2.0,5.103,1.5,3.0,-1,0.779,0.865,2018-2026,HN public discussion proxy; not direct sales data
saas_figma,Figma,SaaS / Software,Success,collaborative design,09,Purchase Intent,13,1.0,1,2020,2024,2.0,5.103,1.5,3.0,-1,0.455,0.909,2018-2026,HN public discussion proxy; not direct sales data
saas_figma,Figma,SaaS / Software,Success,collaborative design,10,Purchase,34,2.0,7,2019,2022,2.0,5.103,1.5,3.0,0,0.478,0.403,2018-2026,HN public discussion proxy; not direct sales data
saas_figma,Figma,SaaS / Software,Success,collaborative design,11,Trial,37,4.667,6,2020,2022,2.0,5.103,1.5,3.0,-1,0.878,0.613,2018-2026,HN public discussion proxy; not direct sales data
saas_figma,Figma,SaaS / Software,Success,collaborative design,12,Installation / Onboarding,74,4.2,12,2019,2022,2.0,5.103,1.5,3.0,0,0.818,0.565,2018-2026,HN public discussion proxy; not direct sales data
saas_figma,Figma,SaaS / Software,Success,collaborative design,13,Usage,626,5.103,26,2019,2025,2.0,5.103,1.5,3.0,0,0.992,0.793,2018-2026,HN public discussion proxy; not direct sales data
saas_figma,Figma,SaaS / Software,Success,collaborative design,14,Failure / Friction,231,6.0,17,2019,2023,2.0,5.103,1.5,3.0,0,0.895,0.869,2018-2026,HN public discussion proxy; not direct sales data
saas_figma,Figma,SaaS / Software,Success,collaborative design,15,Support,304,3.538,21,2019,2024,2.0,5.103,1.5,3.0,0,0.906,0.821,2018-2026,HN public discussion proxy; not direct sales data
saas_figma,Figma,SaaS / Software,Success,collaborative design,16,Dissatisfaction,15,1.667,5,2022,2022,2.0,5.103,1.5,3.0,-3,0.631,0.571,2018-2026,HN public discussion proxy; not direct sales data
saas_figma,Figma,SaaS / Software,Success,collaborative design,17,Replacement,22,1.5,4,2019,2022,2.0,5.103,1.5,3.0,0,0.384,0.576,2018-2026,HN public discussion proxy; not direct sales data
saas_figma,Figma,SaaS / Software,Success,collaborative design,18,Switching,41,2.6,3,2019,2024,2.0,5.103,1.5,3.0,0,0.818,0.822,2018-2026,HN public discussion proxy; not direct sales data
saas_figma,Figma,SaaS / Software,Success,collaborative design,19,Upgrade,13,1.25,2,2019,2025,2.0,5.103,1.5,3.0,0,0.524,0.549,2018-2026,HN public discussion proxy; not direct sales data
saas_figma,Figma,SaaS / Software,Success,collaborative design,20,Repeat Purchase,10,3.0,2,2021,2026,2.0,5.103,1.5,3.0,-2,0.497,0.493,2018-2026,HN public discussion proxy; not direct sales data
saas_airtable,Airtable,SaaS / Software,Success,no-code database,01,Problem Recognition,277,0.929,34,2018,2021,3.0,0.496,0.6,1.0,0,0.672,0.391,2018-2026,HN public discussion proxy; not direct sales data
saas_airtable,Airtable,SaaS / Software,Success,no-code database,02,Search,250,0.794,22,2018,2021,3.0,0.496,0.6,1.0,0,0.837,0.29,2018-2026,HN public discussion proxy; not direct sales data
saas_airtable,Airtable,SaaS / Software,Success,no-code database,03,Recommendation Seeking,82,0.474,17,2018,2022,3.0,0.496,0.6,1.0,0,0.574,0.207,2018-2026,HN public discussion proxy; not direct sales data
saas_airtable,Airtable,SaaS / Software,Success,no-code database,04,Solution Discovery,315,0.935,21,2018,2022,3.0,0.496,0.6,1.0,0,0.64,0.026,2018-2026,HN public discussion proxy; not direct sales data
saas_airtable,Airtable,SaaS / Software,Success,no-code database,05,Comparison,84,1.875,13,2018,2023,3.0,0.496,0.6,1.0,0,0.57,-0.164,2018-2026,HN public discussion proxy; not direct sales data
saas_airtable,Airtable,SaaS / Software,Success,no-code database,06,Alternative Seeking,242,1.444,25,2018,2021,3.0,0.496,0.6,1.0,0,0.398,-0.252,2018-2026,HN public discussion proxy; not direct sales data
saas_airtable,Airtable,SaaS / Software,Success,no-code database,07,Vendor / Provider Search,32,0.6,6,2018,2020,3.0,0.496,0.6,1.0,0,0.76,0.11,2018-2026,HN public discussion proxy; not direct sales data
saas_airtable,Airtable,SaaS / Software,Success,no-code database,08,Pricing / Quote,83,0.833,12,2018,2021,3.0,0.496,0.6,1.0,0,0.745,0.305,2018-2026,HN public discussion proxy; not direct sales data
saas_airtable,Airtable,SaaS / Software,Success,no-code database,09,Purchase Intent,15,1.667,4,2020,2020,3.0,0.496,0.6,1.0,-2,0.626,0.106,2018-2026,HN public discussion proxy; not direct sales data
saas_airtable,Airtable,SaaS / Software,Success,no-code database,10,Purchase,36,3.0,4,2018,2022,3.0,0.496,0.6,1.0,0,0.021,-0.433,2018-2026,HN public discussion proxy; not direct sales data
saas_airtable,Airtable,SaaS / Software,Success,no-code database,11,Trial,45,3.0,3,2019,2022,3.0,0.496,0.6,1.0,-1,-0.059,-0.15,2018-2026,HN public discussion proxy; not direct sales data
saas_airtable,Airtable,SaaS / Software,Success,no-code database,12,Installation / Onboarding,61,1.182,10,2018,2021,3.0,0.496,0.6,1.0,0,0.147,0.083,2018-2026,HN public discussion proxy; not direct sales data
saas_airtable,Airtable,SaaS / Software,Success,no-code database,13,Usage,614,0.496,51,2018,2020,3.0,0.496,0.6,1.0,0,0.993,0.661,2018-2026,HN public discussion proxy; not direct sales data
saas_airtable,Airtable,SaaS / Software,Success,no-code database,14,Failure / Friction,120,1.087,11,2018,2021,3.0,0.496,0.6,1.0,0,0.474,0.266,2018-2026,HN public discussion proxy; not direct sales data
saas_airtable,Airtable,SaaS / Software,Success,no-code database,15,Support,384,0.869,28,2018,2021,3.0,0.496,0.6,1.0,0,0.706,-0.018,2018-2026,HN public discussion proxy; not direct sales data
saas_airtable,Airtable,SaaS / Software,Success,no-code database,16,Dissatisfaction,8,0.667,2,2020,2020,3.0,0.496,0.6,1.0,-2,0.43,-0.114,2018-2026,HN public discussion proxy; not direct sales data
saas_airtable,Airtable,SaaS / Software,Success,no-code database,17,Replacement,35,0.6,5,2018,2022,3.0,0.496,0.6,1.0,0,0.527,0.409,2018-2026,HN public discussion proxy; not direct sales data
saas_airtable,Airtable,SaaS / Software,Success,no-code database,18,Switching,17,1.25,3,2019,2021,3.0,0.496,0.6,1.0,-1,0.472,0.206,2018-2026,HN public discussion proxy; not direct sales data
saas_airtable,Airtable,SaaS / Software,Success,no-code database,19,Upgrade,21,0.714,2,2018,2020,3.0,0.496,0.6,1.0,0,0.445,0.104,2018-2026,HN public discussion proxy; not direct sales data
saas_airtable,Airtable,SaaS / Software,Success,no-code database,20,Repeat Purchase,11,1.0,1,2020,2020,3.0,0.496,0.6,1.0,-2,0.58,0.246,2018-2026,HN public discussion proxy; not direct sales data
saas_hubspot,HubSpot,SaaS / Software,Success,CRM and marketing automation,01,Problem Recognition,336,2.133,34,2018,2023,3.25,1.309,1.25,2.167,0,0.352,0.387,2018-2026,HN public discussion proxy; not direct sales data
saas_hubspot,HubSpot,SaaS / Software,Success,CRM and marketing automation,02,Search,352,1.615,16,2018,2021,3.25,1.309,1.25,2.167,0,0.916,0.693,2018-2026,HN public discussion proxy; not direct sales data
saas_hubspot,HubSpot,SaaS / Software,Success,CRM and marketing automation,03,Recommendation Seeking,128,0.862,6,2018,2021,3.25,1.309,1.25,2.167,0,0.424,0.609,2018-2026,HN public discussion proxy; not direct sales data
saas_hubspot,HubSpot,SaaS / Software,Success,CRM and marketing automation,04,Solution Discovery,431,1.703,28,2018,2021,3.25,1.309,1.25,2.167,0,0.685,0.449,2018-2026,HN public discussion proxy; not direct sales data
saas_hubspot,HubSpot,SaaS / Software,Success,CRM and marketing automation,05,Comparison,181,1.25,12,2018,2026,3.25,1.309,1.25,2.167,0,0.108,0.185,2018-2026,HN public discussion proxy; not direct sales data
saas_hubspot,HubSpot,SaaS / Software,Success,CRM and marketing automation,06,Alternative Seeking,172,1.414,8,2018,2022,3.25,1.309,1.25,2.167,0,0.746,0.728,2018-2026,HN public discussion proxy; not direct sales data
saas_hubspot,HubSpot,SaaS / Software,Success,CRM and marketing automation,07,Vendor / Provider Search,63,1.235,8,2018,2025,3.25,1.309,1.25,2.167,0,0.031,-0.438,2018-2026,HN public discussion proxy; not direct sales data
saas_hubspot,HubSpot,SaaS / Software,Success,CRM and marketing automation,08,Pricing / Quote,85,3.125,9,2018,2023,3.25,1.309,1.25,2.167,0,0.88,0.618,2018-2026,HN public discussion proxy; not direct sales data
saas_hubspot,HubSpot,SaaS / Software,Success,CRM and marketing automation,09,Purchase Intent,25,2.0,4,2018,2026,3.25,1.309,1.25,2.167,0,0.054,0.194,2018-2026,HN public discussion proxy; not direct sales data
saas_hubspot,HubSpot,SaaS / Software,Success,CRM and marketing automation,10,Purchase,92,3.25,7,2018,2023,3.25,1.309,1.25,2.167,0,0.782,0.688,2018-2026,HN public discussion proxy; not direct sales data
saas_hubspot,HubSpot,SaaS / Software,Success,CRM and marketing automation,11,Trial,89,1.923,12,2018,2021,3.25,1.309,1.25,2.167,0,0.381,0.484,2018-2026,HN public discussion proxy; not direct sales data
saas_hubspot,HubSpot,SaaS / Software,Success,CRM and marketing automation,12,Installation / Onboarding,222,1.541,14,2018,2023,3.25,1.309,1.25,2.167,0,0.649,0.549,2018-2026,HN public discussion proxy; not direct sales data
saas_hubspot,HubSpot,SaaS / Software,Success,CRM and marketing automation,13,Usage,1042,1.309,34,2018,2023,3.25,1.309,1.25,2.167,0,0.98,0.84,2018-2026,HN public discussion proxy; not direct sales data
saas_hubspot,HubSpot,SaaS / Software,Success,CRM and marketing automation,14,Failure / Friction,246,1.488,14,2018,2021,3.25,1.309,1.25,2.167,0,0.798,0.751,2018-2026,HN public discussion proxy; not direct sales data
saas_hubspot,HubSpot,SaaS / Software,Success,CRM and marketing automation,15,Support,593,1.179,33,2018,2023,3.25,1.309,1.25,2.167,0,0.824,0.619,2018-2026,HN public discussion proxy; not direct sales data
saas_hubspot,HubSpot,SaaS / Software,Success,CRM and marketing automation,16,Dissatisfaction,15,1.0,3,2019,2022,3.25,1.309,1.25,2.167,-1,0.23,0.342,2018-2026,HN public discussion proxy; not direct sales data
saas_hubspot,HubSpot,SaaS / Software,Success,CRM and marketing automation,17,Replacement,59,1.25,7,2018,2021,3.25,1.309,1.25,2.167,0,0.217,0.198,2018-2026,HN public discussion proxy; not direct sales data
saas_hubspot,HubSpot,SaaS / Software,Success,CRM and marketing automation,18,Switching,39,1.4,6,2018,2025,3.25,1.309,1.25,2.167,0,0.12,-0.025,2018-2026,HN public discussion proxy; not direct sales data
saas_hubspot,HubSpot,SaaS / Software,Success,CRM and marketing automation,19,Upgrade,78,1.5,6,2018,2021,3.25,1.309,1.25,2.167,0,0.546,0.576,2018-2026,HN public discussion proxy; not direct sales data
saas_hubspot,HubSpot,SaaS / Software,Success,CRM and marketing automation,20,Repeat Purchase,24,2.167,3,2019,2026,3.25,1.309,1.25,2.167,-1,0.159,-0.169,2018-2026,HN public discussion proxy; not direct sales data
saas_mailchimp,Mailchimp,SaaS / Software,Success/Bootstrap,email marketing,01,Problem Recognition,151,0.278,9,2018,2018,0.667,0.248,0.75,0.667,0,0.923,0.658,2018-2026,HN public discussion proxy; not direct sales data
saas_mailchimp,Mailchimp,SaaS / Software,Success/Bootstrap,email marketing,02,Search,132,0.25,13,2018,2020,0.667,0.248,0.75,0.667,0,0.746,0.915,2018-2026,HN public discussion proxy; not direct sales data
saas_mailchimp,Mailchimp,SaaS / Software,Success/Bootstrap,email marketing,03,Recommendation Seeking,58,0.32,5,2018,2019,0.667,0.248,0.75,0.667,0,0.763,0.549,2018-2026,HN public discussion proxy; not direct sales data
saas_mailchimp,Mailchimp,SaaS / Software,Success/Bootstrap,email marketing,04,Solution Discovery,155,0.385,22,2018,2021,0.667,0.248,0.75,0.667,0,0.826,0.607,2018-2026,HN public discussion proxy; not direct sales data
saas_mailchimp,Mailchimp,SaaS / Software,Success/Bootstrap,email marketing,05,Comparison,50,0.5,5,2018,2020,0.667,0.248,0.75,0.667,0,0.767,0.791,2018-2026,HN public discussion proxy; not direct sales data
saas_mailchimp,Mailchimp,SaaS / Software,Success/Bootstrap,email marketing,06,Alternative Seeking,127,0.375,11,2018,2021,0.667,0.248,0.75,0.667,0,0.787,0.369,2018-2026,HN public discussion proxy; not direct sales data
saas_mailchimp,Mailchimp,SaaS / Software,Success/Bootstrap,email marketing,07,Vendor / Provider Search,26,1.167,4,2018,2022,0.667,0.248,0.75,0.667,0,0.142,0.037,2018-2026,HN public discussion proxy; not direct sales data
saas_mailchimp,Mailchimp,SaaS / Software,Success/Bootstrap,email marketing,08,Pricing / Quote,95,0.308,10,2018,2018,0.667,0.248,0.75,0.667,0,0.637,0.177,2018-2026,HN public discussion proxy; not direct sales data
saas_mailchimp,Mailchimp,SaaS / Software,Success/Bootstrap,email marketing,09,Purchase Intent,2,0.667,1,,2018,0.667,0.248,0.75,0.667,,0.48,0.187,2018-2026,HN public discussion proxy; not direct sales data
saas_mailchimp,Mailchimp,SaaS / Software,Success/Bootstrap,email marketing,10,Purchase,25,0.667,5,2018,2018,0.667,0.248,0.75,0.667,0,0.547,-0.081,2018-2026,HN public discussion proxy; not direct sales data
saas_mailchimp,Mailchimp,SaaS / Software,Success/Bootstrap,email marketing,11,Trial,15,0.667,3,2019,2021,0.667,0.248,0.75,0.667,-1,0.457,0.53,2018-2026,HN public discussion proxy; not direct sales data
saas_mailchimp,Mailchimp,SaaS / Software,Success/Bootstrap,email marketing,12,Installation / Onboarding,20,0.556,3,2018,2018,0.667,0.248,0.75,0.667,0,0.534,0.455,2018-2026,HN public discussion proxy; not direct sales data
saas_mailchimp,Mailchimp,SaaS / Software,Success/Bootstrap,email marketing,13,Usage,369,0.248,20,2018,2021,0.667,0.248,0.75,0.667,0,0.995,0.804,2018-2026,HN public discussion proxy; not direct sales data
saas_mailchimp,Mailchimp,SaaS / Software,Success/Bootstrap,email marketing,14,Failure / Friction,55,0.538,6,2018,2021,0.667,0.248,0.75,0.667,0,0.711,0.539,2018-2026,HN public discussion proxy; not direct sales data
saas_mailchimp,Mailchimp,SaaS / Software,Success/Bootstrap,email marketing,15,Support,159,0.295,10,2018,2018,0.667,0.248,0.75,0.667,0,0.822,0.431,2018-2026,HN public discussion proxy; not direct sales data
saas_mailchimp,Mailchimp,SaaS / Software,Success/Bootstrap,email marketing,16,Dissatisfaction,3,0.667,1,,2019,0.667,0.248,0.75,0.667,,-0.033,0.263,2018-2026,HN public discussion proxy; not direct sales data
saas_mailchimp,Mailchimp,SaaS / Software,Success/Bootstrap,email marketing,17,Replacement,9,0.75,3,2018,2020,0.667,0.248,0.75,0.667,0,0.578,0.742,2018-2026,HN public discussion proxy; not direct sales data
saas_mailchimp,Mailchimp,SaaS / Software,Success/Bootstrap,email marketing,18,Switching,10,1.333,1,2021,2021,0.667,0.248,0.75,0.667,-3,0.097,-0.338,2018-2026,HN public discussion proxy; not direct sales data
saas_mailchimp,Mailchimp,SaaS / Software,Success/Bootstrap,email marketing,19,Upgrade,11,0.429,3,2018,2018,0.667,0.248,0.75,0.667,0,0.4,0.106,2018-2026,HN public discussion proxy; not direct sales data
saas_mailchimp,Mailchimp,SaaS / Software,Success/Bootstrap,email marketing,20,Repeat Purchase,5,0.667,2,2022,2022,0.667,0.248,0.75,0.667,-4,0.238,0.181,2018-2026,HN public discussion proxy; not direct sales data
saas_basecamp,Basecamp,SaaS / Software,Success/Bootstrap,project collaboration,01,Problem Recognition,9,1.0,1,2018,2018,1.0,0.5,1.0,1.0,,-0.075,0.0,2018-2026,HN public discussion proxy; not direct sales data
saas_basecamp,Basecamp,SaaS / Software,Success/Bootstrap,project collaboration,02,Search,11,0.4,1,2018,2022,1.0,0.5,1.0,1.0,,0.279,0.23,2018-2026,HN public discussion proxy; not direct sales data
saas_basecamp,Basecamp,SaaS / Software,Success/Bootstrap,project collaboration,03,Recommendation Seeking,3,1.5,2,2022,2022,1.0,0.5,1.0,1.0,,-0.249,0.122,2018-2026,HN public discussion proxy; not direct sales data
saas_basecamp,Basecamp,SaaS / Software,Success/Bootstrap,project collaboration,04,Solution Discovery,16,0.4,6,2019,2019,1.0,0.5,1.0,1.0,,0.547,0.509,2018-2026,HN public discussion proxy; not direct sales data
saas_basecamp,Basecamp,SaaS / Software,Success/Bootstrap,project collaboration,05,Comparison,4,0.667,1,,2019,1.0,0.5,1.0,1.0,,0.356,0.107,2018-2026,HN public discussion proxy; not direct sales data
saas_basecamp,Basecamp,SaaS / Software,Success/Bootstrap,project collaboration,06,Alternative Seeking,8,0.6,2,2019,2019,1.0,0.5,1.0,1.0,,0.143,0.227,2018-2026,HN public discussion proxy; not direct sales data
saas_basecamp,Basecamp,SaaS / Software,Success/Bootstrap,project collaboration,07,Vendor / Provider Search,2,1.0,1,,2022,1.0,0.5,1.0,1.0,,-0.386,0.062,2018-2026,HN public discussion proxy; not direct sales data
saas_basecamp,Basecamp,SaaS / Software,Success/Bootstrap,project collaboration,08,Pricing / Quote,7,0.6,1,2018,2018,1.0,0.5,1.0,1.0,,0.097,0.77,2018-2026,HN public discussion proxy; not direct sales data
saas_basecamp,Basecamp,SaaS / Software,Success/Bootstrap,project collaboration,09,Purchase Intent,1,1.0,1,,2023,1.0,0.5,1.0,1.0,,0.141,-0.527,2018-2026,HN public discussion proxy; not direct sales data
saas_basecamp,Basecamp,SaaS / Software,Success/Bootstrap,project collaboration,10,Purchase,1,1.0,1,,2020,1.0,0.5,1.0,1.0,,0.616,-0.041,2018-2026,HN public discussion proxy; not direct sales data
saas_basecamp,Basecamp,SaaS / Software,Success/Bootstrap,project collaboration,11,Trial,1,1.5,1,,2025,1.0,0.5,1.0,1.0,,-0.018,-0.527,2018-2026,HN public discussion proxy; not direct sales data
saas_basecamp,Basecamp,SaaS / Software,Success/Bootstrap,project collaboration,12,Installation / Onboarding,2,0.667,1,,2019,1.0,0.5,1.0,1.0,,0.332,0.433,2018-2026,HN public discussion proxy; not direct sales data
saas_basecamp,Basecamp,SaaS / Software,Success/Bootstrap,project collaboration,13,Usage,26,0.5,4,2018,2019,1.0,0.5,1.0,1.0,,0.986,0.246,2018-2026,HN public discussion proxy; not direct sales data
saas_basecamp,Basecamp,SaaS / Software,Success/Bootstrap,project collaboration,14,Failure / Friction,16,0.571,3,2019,2019,1.0,0.5,1.0,1.0,,0.617,0.137,2018-2026,HN public discussion proxy; not direct sales data
saas_basecamp,Basecamp,SaaS / Software,Success/Bootstrap,project collaboration,15,Support,9,3.0,2,2021,2021,1.0,0.5,1.0,1.0,,-0.264,-0.737,2018-2026,HN public discussion proxy; not direct sales data
saas_basecamp,Basecamp,SaaS / Software,Success/Bootstrap,project collaboration,16,Dissatisfaction,0,1.0,0,,2018,1.0,0.5,1.0,1.0,,,,2018-2026,HN public discussion proxy; not direct sales data
saas_basecamp,Basecamp,SaaS / Software,Success/Bootstrap,project collaboration,17,Replacement,0,1.0,0,,2018,1.0,0.5,1.0,1.0,,,,2018-2026,HN public discussion proxy; not direct sales data
saas_basecamp,Basecamp,SaaS / Software,Success/Bootstrap,project collaboration,18,Switching,1,1.5,1,,2025,1.0,0.5,1.0,1.0,,-0.018,-0.527,2018-2026,HN public discussion proxy; not direct sales data
saas_basecamp,Basecamp,SaaS / Software,Success/Bootstrap,project collaboration,19,Upgrade,1,1.0,1,,2022,1.0,0.5,1.0,1.0,,-0.018,0.122,2018-2026,HN public discussion proxy; not direct sales data
saas_basecamp,Basecamp,SaaS / Software,Success/Bootstrap,project collaboration,20,Repeat Purchase,1,1.0,1,,2023,1.0,0.5,1.0,1.0,,0.141,-0.527,2018-2026,HN public discussion proxy; not direct sales data
saas_dropbox,Dropbox,SaaS / Software,Success,file sync and sharing,01,Problem Recognition,1218,0.393,2,2018,2018,0.712,0.476,0.506,0.533,0,0.961,0.861,2018-2026,HN public discussion proxy; not direct sales data
saas_dropbox,Dropbox,SaaS / Software,Success,file sync and sharing,02,Search,920,0.338,51,2018,2020,0.712,0.476,0.506,0.533,0,0.934,0.918,2018-2026,HN public discussion proxy; not direct sales data
saas_dropbox,Dropbox,SaaS / Software,Success,file sync and sharing,03,Recommendation Seeking,452,0.426,31,2018,2021,0.712,0.476,0.506,0.533,0,0.857,0.592,2018-2026,HN public discussion proxy; not direct sales data
saas_dropbox,Dropbox,SaaS / Software,Success,file sync and sharing,04,Solution Discovery,1255,0.348,-2,2018,2018,0.712,0.476,0.506,0.533,0,0.893,0.934,2018-2026,HN public discussion proxy; not direct sales data
saas_dropbox,Dropbox,SaaS / Software,Success,file sync and sharing,05,Comparison,445,0.405,11,2018,2020,0.712,0.476,0.506,0.533,0,0.927,0.859,2018-2026,HN public discussion proxy; not direct sales data
saas_dropbox,Dropbox,SaaS / Software,Success,file sync and sharing,06,Alternative Seeking,783,0.392,26,2018,2019,0.712,0.476,0.506,0.533,0,0.913,0.829,2018-2026,HN public discussion proxy; not direct sales data
saas_dropbox,Dropbox,SaaS / Software,Success,file sync and sharing,07,Vendor / Provider Search,255,0.423,5,2018,2019,0.712,0.476,0.506,0.533,0,0.963,0.871,2018-2026,HN public discussion proxy; not direct sales data
saas_dropbox,Dropbox,SaaS / Software,Success,file sync and sharing,08,Pricing / Quote,285,0.301,18,2018,2021,0.712,0.476,0.506,0.533,0,0.875,0.864,2018-2026,HN public discussion proxy; not direct sales data
saas_dropbox,Dropbox,SaaS / Software,Success,file sync and sharing,09,Purchase Intent,64,0.35,3,2018,2018,0.712,0.476,0.506,0.533,0,0.743,0.726,2018-2026,HN public discussion proxy; not direct sales data
saas_dropbox,Dropbox,SaaS / Software,Success,file sync and sharing,10,Purchase,256,0.712,13,2018,2021,0.712,0.476,0.506,0.533,0,0.67,0.447,2018-2026,HN public discussion proxy; not direct sales data
saas_dropbox,Dropbox,SaaS / Software,Success,file sync and sharing,11,Trial,155,0.778,6,2018,2020,0.712,0.476,0.506,0.533,0,0.626,0.613,2018-2026,HN public discussion proxy; not direct sales data
saas_dropbox,Dropbox,SaaS / Software,Success,file sync and sharing,12,Installation / Onboarding,1030,0.538,32,2018,2021,0.712,0.476,0.506,0.533,0,0.946,0.781,2018-2026,HN public discussion proxy; not direct sales data
saas_dropbox,Dropbox,SaaS / Software,Success,file sync and sharing,13,Usage,3294,0.476,7,2018,2019,0.712,0.476,0.506,0.533,0,0.996,0.916,2018-2026,HN public discussion proxy; not direct sales data
saas_dropbox,Dropbox,SaaS / Software,Success,file sync and sharing,14,Failure / Friction,591,0.594,19,2018,2021,0.712,0.476,0.506,0.533,0,0.883,0.847,2018-2026,HN public discussion proxy; not direct sales data
saas_dropbox,Dropbox,SaaS / Software,Success,file sync and sharing,15,Support,2009,0.39,19,2018,2019,0.712,0.476,0.506,0.533,0,0.929,0.928,2018-2026,HN public discussion proxy; not direct sales data
saas_dropbox,Dropbox,SaaS / Software,Success,file sync and sharing,16,Dissatisfaction,48,0.467,4,2018,2018,0.712,0.476,0.506,0.533,0,0.645,0.398,2018-2026,HN public discussion proxy; not direct sales data
saas_dropbox,Dropbox,SaaS / Software,Success,file sync and sharing,17,Replacement,282,0.506,15,2018,2019,0.712,0.476,0.506,0.533,0,0.854,0.617,2018-2026,HN public discussion proxy; not direct sales data
saas_dropbox,Dropbox,SaaS / Software,Success,file sync and sharing,18,Switching,96,0.562,7,2018,2019,0.712,0.476,0.506,0.533,0,0.822,0.648,2018-2026,HN public discussion proxy; not direct sales data
saas_dropbox,Dropbox,SaaS / Software,Success,file sync and sharing,19,Upgrade,291,0.347,19,2018,2019,0.712,0.476,0.506,0.533,0,0.925,0.862,2018-2026,HN public discussion proxy; not direct sales data
saas_dropbox,Dropbox,SaaS / Software,Success,file sync and sharing,20,Repeat Purchase,45,0.533,5,2018,2023,0.712,0.476,0.506,0.533,0,0.617,0.443,2018-2026,HN public discussion proxy; not direct sales data
saas_trello,Trello,SaaS / Software,Success/Acquired,kanban project management,01,Problem Recognition,251,0.421,21,2018,2020,0.556,0.284,0.571,1.0,0,0.926,0.398,2018-2026,HN public discussion proxy; not direct sales data
saas_trello,Trello,SaaS / Software,Success/Acquired,kanban project management,02,Search,346,0.579,19,2018,2018,0.556,0.284,0.571,1.0,0,0.528,0.37,2018-2026,HN public discussion proxy; not direct sales data
saas_trello,Trello,SaaS / Software,Success/Acquired,kanban project management,03,Recommendation Seeking,110,0.304,4,2018,2019,0.556,0.284,0.571,1.0,0,0.825,0.917,2018-2026,HN public discussion proxy; not direct sales data
saas_trello,Trello,SaaS / Software,Success/Acquired,kanban project management,04,Solution Discovery,335,0.262,19,2018,2019,0.556,0.284,0.571,1.0,0,0.901,0.8,2018-2026,HN public discussion proxy; not direct sales data
saas_trello,Trello,SaaS / Software,Success/Acquired,kanban project management,05,Comparison,99,0.455,8,2018,2020,0.556,0.284,0.571,1.0,0,0.847,0.544,2018-2026,HN public discussion proxy; not direct sales data
saas_trello,Trello,SaaS / Software,Success/Acquired,kanban project management,06,Alternative Seeking,209,0.5,10,2018,2019,0.556,0.284,0.571,1.0,0,0.776,0.593,2018-2026,HN public discussion proxy; not direct sales data
saas_trello,Trello,SaaS / Software,Success/Acquired,kanban project management,07,Vendor / Provider Search,27,0.417,2,2018,2019,0.556,0.284,0.571,1.0,0,0.685,0.942,2018-2026,HN public discussion proxy; not direct sales data
saas_trello,Trello,SaaS / Software,Success/Acquired,kanban project management,08,Pricing / Quote,50,1.5,7,2018,2021,0.556,0.284,0.571,1.0,0,0.208,-0.297,2018-2026,HN public discussion proxy; not direct sales data
saas_trello,Trello,SaaS / Software,Success/Acquired,kanban project management,09,Purchase Intent,12,1.333,3,2021,2022,0.556,0.284,0.571,1.0,-3,-0.066,-0.567,2018-2026,HN public discussion proxy; not direct sales data
saas_trello,Trello,SaaS / Software,Success/Acquired,kanban project management,10,Purchase,62,0.556,6,2018,2022,0.556,0.284,0.571,1.0,0,0.616,-0.069,2018-2026,HN public discussion proxy; not direct sales data
saas_trello,Trello,SaaS / Software,Success/Acquired,kanban project management,11,Trial,67,0.414,4,2018,2018,0.556,0.284,0.571,1.0,0,0.746,0.772,2018-2026,HN public discussion proxy; not direct sales data
saas_trello,Trello,SaaS / Software,Success/Acquired,kanban project management,12,Installation / Onboarding,55,0.429,3,2018,2019,0.556,0.284,0.571,1.0,0,0.846,0.729,2018-2026,HN public discussion proxy; not direct sales data
saas_trello,Trello,SaaS / Software,Success/Acquired,kanban project management,13,Usage,683,0.284,28,2018,2020,0.556,0.284,0.571,1.0,0,0.998,0.646,2018-2026,HN public discussion proxy; not direct sales data
saas_trello,Trello,SaaS / Software,Success/Acquired,kanban project management,14,Failure / Friction,217,0.365,11,2018,2020,0.556,0.284,0.571,1.0,0,0.905,0.559,2018-2026,HN public discussion proxy; not direct sales data
saas_trello,Trello,SaaS / Software,Success/Acquired,kanban project management,15,Support,278,0.5,9,2018,2020,0.556,0.284,0.571,1.0,0,0.917,0.515,2018-2026,HN public discussion proxy; not direct sales data
saas_trello,Trello,SaaS / Software,Success/Acquired,kanban project management,16,Dissatisfaction,11,1.0,6,2020,2020,0.556,0.284,0.571,1.0,-2,0.553,-0.116,2018-2026,HN public discussion proxy; not direct sales data
saas_trello,Trello,SaaS / Software,Success/Acquired,kanban project management,17,Replacement,42,0.571,6,2018,2020,0.556,0.284,0.571,1.0,0,0.606,0.403,2018-2026,HN public discussion proxy; not direct sales data
saas_trello,Trello,SaaS / Software,Success/Acquired,kanban project management,18,Switching,33,1.5,9,2018,2020,0.556,0.284,0.571,1.0,0,0.426,-0.247,2018-2026,HN public discussion proxy; not direct sales data
saas_trello,Trello,SaaS / Software,Success/Acquired,kanban project management,19,Upgrade,29,0.6,3,2018,2020,0.556,0.284,0.571,1.0,0,0.651,0.231,2018-2026,HN public discussion proxy; not direct sales data
saas_trello,Trello,SaaS / Software,Success/Acquired,kanban project management,20,Repeat Purchase,6,1.0,2,2018,2018,0.556,0.284,0.571,1.0,0,0.238,-0.223,2018-2026,HN public discussion proxy; not direct sales data
ai_claude,Claude,AI Products,Success/Growing,AI assistant,01,Problem Recognition,2782,431.833,959,2025,2026,62.0,1074.6,82.5,30.5,0,0.999,0.945,2018-2026,HN public discussion proxy; not direct sales data
ai_claude,Claude,AI Products,Success/Growing,AI assistant,02,Search,1278,291.25,377,2024,2026,62.0,1074.6,82.5,30.5,1,1.0,0.969,2018-2026,HN public discussion proxy; not direct sales data
ai_claude,Claude,AI Products,Success/Growing,AI assistant,03,Recommendation Seeking,518,238.0,142,2024,2026,62.0,1074.6,82.5,30.5,1,1.0,0.961,2018-2026,HN public discussion proxy; not direct sales data
ai_claude,Claude,AI Products,Success/Growing,AI assistant,04,Solution Discovery,2174,501.25,705,2025,2026,62.0,1074.6,82.5,30.5,0,0.999,0.954,2018-2026,HN public discussion proxy; not direct sales data
ai_claude,Claude,AI Products,Success/Growing,AI assistant,05,Comparison,1499,697.0,409,2025,2026,62.0,1074.6,82.5,30.5,0,0.999,0.945,2018-2026,HN public discussion proxy; not direct sales data
ai_claude,Claude,AI Products,Success/Growing,AI assistant,06,Alternative Seeking,460,209.5,124,2025,2026,62.0,1074.6,82.5,30.5,0,0.998,0.954,2018-2026,HN public discussion proxy; not direct sales data
ai_claude,Claude,AI Products,Success/Growing,AI assistant,07,Vendor / Provider Search,334,160.0,116,2025,2026,62.0,1074.6,82.5,30.5,0,0.998,0.926,2018-2026,HN public discussion proxy; not direct sales data
ai_claude,Claude,AI Products,Success/Growing,AI assistant,08,Pricing / Quote,543,256.5,195,2025,2026,62.0,1074.6,82.5,30.5,0,0.998,0.94,2018-2026,HN public discussion proxy; not direct sales data
ai_claude,Claude,AI Products,Success/Growing,AI assistant,09,Purchase Intent,81,25.667,35,2025,2026,62.0,1074.6,82.5,30.5,0,0.99,0.963,2018-2026,HN public discussion proxy; not direct sales data
ai_claude,Claude,AI Products,Success/Growing,AI assistant,10,Purchase,135,62.0,74,2025,2026,62.0,1074.6,82.5,30.5,0,0.967,0.995,2018-2026,HN public discussion proxy; not direct sales data
ai_claude,Claude,AI Products,Success/Growing,AI assistant,11,Trial,499,235.0,232,2025,2026,62.0,1074.6,82.5,30.5,0,0.986,0.953,2018-2026,HN public discussion proxy; not direct sales data
ai_claude,Claude,AI Products,Success/Growing,AI assistant,12,Installation / Onboarding,1187,582.0,612,2025,2026,62.0,1074.6,82.5,30.5,0,0.981,0.914,2018-2026,HN public discussion proxy; not direct sales data
ai_claude,Claude,AI Products,Success/Growing,AI assistant,13,Usage,5853,1074.6,1657,2025,2026,62.0,1074.6,82.5,30.5,0,1.0,0.956,2018-2026,HN public discussion proxy; not direct sales data
ai_claude,Claude,AI Products,Success/Growing,AI assistant,14,Failure / Friction,1362,426.0,466,2025,2026,62.0,1074.6,82.5,30.5,0,0.999,0.945,2018-2026,HN public discussion proxy; not direct sales data
ai_claude,Claude,AI Products,Success/Growing,AI assistant,15,Support,1945,253.429,530,2024,2026,62.0,1074.6,82.5,30.5,1,1.0,0.962,2018-2026,HN public discussion proxy; not direct sales data
ai_claude,Claude,AI Products,Success/Growing,AI assistant,16,Dissatisfaction,78,24.333,22,2024,2026,62.0,1074.6,82.5,30.5,1,0.993,0.955,2018-2026,HN public discussion proxy; not direct sales data
ai_claude,Claude,AI Products,Success/Growing,AI assistant,17,Replacement,171,82.5,67,2025,2026,62.0,1074.6,82.5,30.5,0,0.994,0.913,2018-2026,HN public discussion proxy; not direct sales data
ai_claude,Claude,AI Products,Success/Growing,AI assistant,18,Switching,198,93.0,66,2024,2026,62.0,1074.6,82.5,30.5,1,0.978,0.946,2018-2026,HN public discussion proxy; not direct sales data
ai_claude,Claude,AI Products,Success/Growing,AI assistant,19,Upgrade,201,92.0,50,2024,2026,62.0,1074.6,82.5,30.5,1,0.998,0.973,2018-2026,HN public discussion proxy; not direct sales data
ai_claude,Claude,AI Products,Success/Growing,AI assistant,20,Repeat Purchase,62,30.5,37,2025,2026,62.0,1074.6,82.5,30.5,0,0.963,0.949,2018-2026,HN public discussion proxy; not direct sales data
ai_cursor,Cursor,AI Products,Success/Growing,AI code editor,01,Problem Recognition,793,78.556,306,2024,2025,18.0,195.429,23.5,4.0,0,0.974,0.56,2018-2026,HN public discussion proxy; not direct sales data
ai_cursor,Cursor,AI Products,Success/Growing,AI code editor,02,Search,371,66.6,150,2024,2025,18.0,195.429,23.5,4.0,0,0.976,0.547,2018-2026,HN public discussion proxy; not direct sales data
ai_cursor,Cursor,AI Products,Success/Growing,AI code editor,03,Recommendation Seeking,132,57.0,56,2024,2025,18.0,195.429,23.5,4.0,0,0.998,0.599,2018-2026,HN public discussion proxy; not direct sales data
ai_cursor,Cursor,AI Products,Success/Growing,AI code editor,04,Solution Discovery,698,151.0,260,2024,2025,18.0,195.429,23.5,4.0,0,0.992,0.616,2018-2026,HN public discussion proxy; not direct sales data
ai_cursor,Cursor,AI Products,Success/Growing,AI code editor,05,Comparison,786,337.5,309,2024,2025,18.0,195.429,23.5,4.0,0,1.0,0.642,2018-2026,HN public discussion proxy; not direct sales data
ai_cursor,Cursor,AI Products,Success/Growing,AI code editor,06,Alternative Seeking,137,60.0,57,2024,2025,18.0,195.429,23.5,4.0,0,0.999,0.619,2018-2026,HN public discussion proxy; not direct sales data
ai_cursor,Cursor,AI Products,Success/Growing,AI code editor,07,Vendor / Provider Search,87,43.0,38,2025,2026,18.0,195.429,23.5,4.0,-1,0.945,0.486,2018-2026,HN public discussion proxy; not direct sales data
ai_cursor,Cursor,AI Products,Success/Growing,AI code editor,08,Pricing / Quote,143,68.0,68,2025,2025,18.0,195.429,23.5,4.0,-1,0.981,0.501,2018-2026,HN public discussion proxy; not direct sales data
ai_cursor,Cursor,AI Products,Success/Growing,AI code editor,09,Purchase Intent,18,10.0,9,2025,2025,18.0,195.429,23.5,4.0,-1,0.954,0.442,2018-2026,HN public discussion proxy; not direct sales data
ai_cursor,Cursor,AI Products,Success/Growing,AI code editor,10,Purchase,37,18.0,12,2024,2026,18.0,195.429,23.5,4.0,0,0.811,0.663,2018-2026,HN public discussion proxy; not direct sales data
ai_cursor,Cursor,AI Products,Success/Growing,AI code editor,11,Trial,174,80.0,52,2024,2026,18.0,195.429,23.5,4.0,0,0.909,0.62,2018-2026,HN public discussion proxy; not direct sales data
ai_cursor,Cursor,AI Products,Success/Growing,AI code editor,12,Installation / Onboarding,431,134.667,162,2025,2026,18.0,195.429,23.5,4.0,-1,0.774,0.551,2018-2026,HN public discussion proxy; not direct sales data
ai_cursor,Cursor,AI Products,Success/Growing,AI code editor,13,Usage,1598,195.429,652,2024,2025,18.0,195.429,23.5,4.0,0,1.0,0.624,2018-2026,HN public discussion proxy; not direct sales data
ai_cursor,Cursor,AI Products,Success/Growing,AI code editor,14,Failure / Friction,382,163.5,133,2024,2025,18.0,195.429,23.5,4.0,0,0.99,0.643,2018-2026,HN public discussion proxy; not direct sales data
ai_cursor,Cursor,AI Products,Success/Growing,AI code editor,15,Support,621,139.75,257,2024,2025,18.0,195.429,23.5,4.0,0,0.987,0.565,2018-2026,HN public discussion proxy; not direct sales data
ai_cursor,Cursor,AI Products,Success/Growing,AI code editor,16,Dissatisfaction,13,6.5,3,2024,2026,18.0,195.429,23.5,4.0,0,0.939,0.747,2018-2026,HN public discussion proxy; not direct sales data
ai_cursor,Cursor,AI Products,Success/Growing,AI code editor,17,Replacement,49,23.5,20,2024,2025,18.0,195.429,23.5,4.0,0,0.972,0.545,2018-2026,HN public discussion proxy; not direct sales data
ai_cursor,Cursor,AI Products,Success/Growing,AI code editor,18,Switching,79,37.0,38,2025,2025,18.0,195.429,23.5,4.0,-1,0.987,0.499,2018-2026,HN public discussion proxy; not direct sales data
ai_cursor,Cursor,AI Products,Success/Growing,AI code editor,19,Upgrade,37,17.5,23,2025,2025,18.0,195.429,23.5,4.0,-1,0.947,0.506,2018-2026,HN public discussion proxy; not direct sales data
ai_cursor,Cursor,AI Products,Success/Growing,AI code editor,20,Repeat Purchase,6,4.0,4,2025,2025,18.0,195.429,23.5,4.0,-1,0.975,0.442,2018-2026,HN public discussion proxy; not direct sales data
ai_replit_agent,Replit Agent,AI Products,Success/Growing,AI software creation,01,Problem Recognition,29,7.667,10,2023,2025,1.5,21.0,1.0,1.0,,0.967,0.553,2018-2026,HN public discussion proxy; not direct sales data
ai_replit_agent,Replit Agent,AI Products,Success/Growing,AI software creation,02,Search,14,6.5,8,2021,2025,1.5,21.0,1.0,1.0,,0.823,0.286,2018-2026,HN public discussion proxy; not direct sales data
ai_replit_agent,Replit Agent,AI Products,Success/Growing,AI software creation,03,Recommendation Seeking,5,3.0,3,2025,2025,1.5,21.0,1.0,1.0,,0.847,0.505,2018-2026,HN public discussion proxy; not direct sales data
ai_replit_agent,Replit Agent,AI Products,Success/Growing,AI software creation,04,Solution Discovery,31,15.5,10,2025,2026,1.5,21.0,1.0,1.0,,0.802,0.442,2018-2026,HN public discussion proxy; not direct sales data
ai_replit_agent,Replit Agent,AI Products,Success/Growing,AI software creation,05,Comparison,12,5.5,9,2023,2025,1.5,21.0,1.0,1.0,,0.712,0.394,2018-2026,HN public discussion proxy; not direct sales data
ai_replit_agent,Replit Agent,AI Products,Success/Growing,AI software creation,06,Alternative Seeking,8,4.0,2,2025,2025,1.5,21.0,1.0,1.0,,0.904,0.656,2018-2026,HN public discussion proxy; not direct sales data
ai_replit_agent,Replit Agent,AI Products,Success/Growing,AI software creation,07,Vendor / Provider Search,4,2.5,3,2026,2026,1.5,21.0,1.0,1.0,,0.259,-0.202,2018-2026,HN public discussion proxy; not direct sales data
ai_replit_agent,Replit Agent,AI Products,Success/Growing,AI software creation,08,Pricing / Quote,7,3.0,2,2025,2025,1.5,21.0,1.0,1.0,,0.887,0.603,2018-2026,HN public discussion proxy; not direct sales data
ai_replit_agent,Replit Agent,AI Products,Success/Growing,AI software creation,09,Purchase Intent,1,1.5,1,,2025,1.5,21.0,1.0,1.0,,0.775,0.308,2018-2026,HN public discussion proxy; not direct sales data
ai_replit_agent,Replit Agent,AI Products,Success/Growing,AI software creation,10,Purchase,1,1.5,1,,2025,1.5,21.0,1.0,1.0,,0.775,0.308,2018-2026,HN public discussion proxy; not direct sales data
ai_replit_agent,Replit Agent,AI Products,Success/Growing,AI software creation,11,Trial,7,3.5,3,2025,2025,1.5,21.0,1.0,1.0,,0.776,0.16,2018-2026,HN public discussion proxy; not direct sales data
ai_replit_agent,Replit Agent,AI Products,Success/Growing,AI software creation,12,Installation / Onboarding,6,4.0,2,2025,2026,1.5,21.0,1.0,1.0,,0.675,0.308,2018-2026,HN public discussion proxy; not direct sales data
ai_replit_agent,Replit Agent,AI Products,Success/Growing,AI software creation,13,Usage,60,21.0,12,2023,2025,1.5,21.0,1.0,1.0,,1.0,0.701,2018-2026,HN public discussion proxy; not direct sales data
ai_replit_agent,Replit Agent,AI Products,Success/Growing,AI software creation,14,Failure / Friction,16,6.5,3,2024,2025,1.5,21.0,1.0,1.0,,0.966,0.689,2018-2026,HN public discussion proxy; not direct sales data
ai_replit_agent,Replit Agent,AI Products,Success/Growing,AI software creation,15,Support,20,8.0,7,2021,2025,1.5,21.0,1.0,1.0,,0.869,0.41,2018-2026,HN public discussion proxy; not direct sales data
ai_replit_agent,Replit Agent,AI Products,Success/Growing,AI software creation,16,Dissatisfaction,1,1.5,1,,2025,1.5,21.0,1.0,1.0,,0.775,0.308,2018-2026,HN public discussion proxy; not direct sales data
ai_replit_agent,Replit Agent,AI Products,Success/Growing,AI software creation,17,Replacement,1,1.0,1,,2024,1.5,21.0,1.0,1.0,,0.288,0.776,2018-2026,HN public discussion proxy; not direct sales data
ai_replit_agent,Replit Agent,AI Products,Success/Growing,AI software creation,18,Switching,1,1.5,1,,2025,1.5,21.0,1.0,1.0,,0.775,0.308,2018-2026,HN public discussion proxy; not direct sales data
ai_replit_agent,Replit Agent,AI Products,Success/Growing,AI software creation,19,Upgrade,0,1.0,0,,2018,1.5,21.0,1.0,1.0,,,,2018-2026,HN public discussion proxy; not direct sales data
ai_replit_agent,Replit Agent,AI Products,Success/Growing,AI software creation,20,Repeat Purchase,0,1.0,0,,2018,1.5,21.0,1.0,1.0,,,,2018-2026,HN public discussion proxy; not direct sales data
ai_devin,Devin,AI Products,Mixed/Early,AI software engineer,01,Problem Recognition,53,21.0,12,2023,2025,2.0,24.333,5.5,1.0,,0.956,0.76,2018-2026,HN public discussion proxy; not direct sales data
ai_devin,Devin,AI Products,Mixed/Early,AI software engineer,02,Search,31,10.5,8,2023,2026,2.0,24.333,5.5,1.0,,0.946,0.901,2018-2026,HN public discussion proxy; not direct sales data
ai_devin,Devin,AI Products,Mixed/Early,AI software engineer,03,Recommendation Seeking,4,2.0,2,2024,2024,2.0,24.333,5.5,1.0,,0.783,0.805,2018-2026,HN public discussion proxy; not direct sales data
ai_devin,Devin,AI Products,Mixed/Early,AI software engineer,04,Solution Discovery,55,20.0,13,2024,2025,2.0,24.333,5.5,1.0,,0.989,0.783,2018-2026,HN public discussion proxy; not direct sales data
ai_devin,Devin,AI Products,Mixed/Early,AI software engineer,05,Comparison,38,11.333,19,2024,2025,2.0,24.333,5.5,1.0,,0.854,0.547,2018-2026,HN public discussion proxy; not direct sales data
ai_devin,Devin,AI Products,Mixed/Early,AI software engineer,06,Alternative Seeking,14,5.5,5,2024,2025,2.0,24.333,5.5,1.0,,0.77,0.734,2018-2026,HN public discussion proxy; not direct sales data
ai_devin,Devin,AI Products,Mixed/Early,AI software engineer,07,Vendor / Provider Search,6,4.0,2,2025,2026,2.0,24.333,5.5,1.0,,0.714,0.425,2018-2026,HN public discussion proxy; not direct sales data
ai_devin,Devin,AI Products,Mixed/Early,AI software engineer,08,Pricing / Quote,6,4.0,2,2025,2026,2.0,24.333,5.5,1.0,,0.714,0.425,2018-2026,HN public discussion proxy; not direct sales data
ai_devin,Devin,AI Products,Mixed/Early,AI software engineer,09,Purchase Intent,1,1.5,1,,2025,2.0,24.333,5.5,1.0,,0.636,0.425,2018-2026,HN public discussion proxy; not direct sales data
ai_devin,Devin,AI Products,Mixed/Early,AI software engineer,10,Purchase,3,2.0,1,,2024,2.0,24.333,5.5,1.0,,0.984,0.805,2018-2026,HN public discussion proxy; not direct sales data
ai_devin,Devin,AI Products,Mixed/Early,AI software engineer,11,Trial,16,7.0,4,2024,2026,2.0,24.333,5.5,1.0,,0.944,0.782,2018-2026,HN public discussion proxy; not direct sales data
ai_devin,Devin,AI Products,Mixed/Early,AI software engineer,12,Installation / Onboarding,19,8.5,7,2024,2026,2.0,24.333,5.5,1.0,,0.797,0.805,2018-2026,HN public discussion proxy; not direct sales data
ai_devin,Devin,AI Products,Mixed/Early,AI software engineer,13,Usage,107,24.333,26,2024,2025,2.0,24.333,5.5,1.0,,0.998,0.821,2018-2026,HN public discussion proxy; not direct sales data
ai_devin,Devin,AI Products,Mixed/Early,AI software engineer,14,Failure / Friction,42,10.0,7,2023,2025,2.0,24.333,5.5,1.0,,0.988,0.772,2018-2026,HN public discussion proxy; not direct sales data
ai_devin,Devin,AI Products,Mixed/Early,AI software engineer,15,Support,37,14.5,7,2024,2026,2.0,24.333,5.5,1.0,,0.969,0.767,2018-2026,HN public discussion proxy; not direct sales data
ai_devin,Devin,AI Products,Mixed/Early,AI software engineer,16,Dissatisfaction,0,1.0,0,,2018,2.0,24.333,5.5,1.0,,,,2018-2026,HN public discussion proxy; not direct sales data
ai_devin,Devin,AI Products,Mixed/Early,AI software engineer,17,Replacement,12,5.5,4,2024,2025,2.0,24.333,5.5,1.0,,0.908,0.674,2018-2026,HN public discussion proxy; not direct sales data
ai_devin,Devin,AI Products,Mixed/Early,AI software engineer,18,Switching,3,2.5,1,2026,2026,2.0,24.333,5.5,1.0,,0.714,0.425,2018-2026,HN public discussion proxy; not direct sales data
ai_devin,Devin,AI Products,Mixed/Early,AI software engineer,19,Upgrade,3,1.5,2,2024,2024,2.0,24.333,5.5,1.0,,0.585,0.63,2018-2026,HN public discussion proxy; not direct sales data
ai_devin,Devin,AI Products,Mixed/Early,AI software engineer,20,Repeat Purchase,0,1.0,0,,2018,2.0,24.333,5.5,1.0,,,,2018-2026,HN public discussion proxy; not direct sales data
ai_runway,Runway,AI Products,Success/Growing,AI video generation,01,Problem Recognition,142,5.312,32,2018,2025,4.5,9.25,4.5,2.0,2,0.924,0.638,2018-2026,HN public discussion proxy; not direct sales data
ai_runway,Runway,AI Products,Success/Growing,AI video generation,02,Search,93,10.2,12,2020,2025,4.5,9.25,4.5,2.0,0,0.973,0.811,2018-2026,HN public discussion proxy; not direct sales data
ai_runway,Runway,AI Products,Success/Growing,AI video generation,03,Recommendation Seeking,14,2.0,2,2019,2026,4.5,9.25,4.5,2.0,1,0.66,0.44,2018-2026,HN public discussion proxy; not direct sales data
ai_runway,Runway,AI Products,Success/Growing,AI video generation,04,Solution Discovery,186,8.9,17,2019,2025,4.5,9.25,4.5,2.0,1,0.947,0.92,2018-2026,HN public discussion proxy; not direct sales data
ai_runway,Runway,AI Products,Success/Growing,AI video generation,05,Comparison,41,8.5,14,2023,2026,4.5,9.25,4.5,2.0,-3,0.796,0.704,2018-2026,HN public discussion proxy; not direct sales data
ai_runway,Runway,AI Products,Success/Growing,AI video generation,06,Alternative Seeking,24,4.667,3,2023,2025,4.5,9.25,4.5,2.0,-3,0.9,0.862,2018-2026,HN public discussion proxy; not direct sales data
ai_runway,Runway,AI Products,Success/Growing,AI video generation,07,Vendor / Provider Search,18,7.0,4,2024,2026,4.5,9.25,4.5,2.0,-4,0.844,0.871,2018-2026,HN public discussion proxy; not direct sales data
ai_runway,Runway,AI Products,Success/Growing,AI video generation,08,Pricing / Quote,21,6.0,6,2024,2026,4.5,9.25,4.5,2.0,-4,0.784,0.809,2018-2026,HN public discussion proxy; not direct sales data
ai_runway,Runway,AI Products,Success/Growing,AI video generation,09,Purchase Intent,7,2.0,3,2023,2023,4.5,9.25,4.5,2.0,-3,0.589,0.354,2018-2026,HN public discussion proxy; not direct sales data
ai_runway,Runway,AI Products,Success/Growing,AI video generation,10,Purchase,13,4.5,2,2020,2025,4.5,9.25,4.5,2.0,0,0.882,0.69,2018-2026,HN public discussion proxy; not direct sales data
ai_runway,Runway,AI Products,Success/Growing,AI video generation,11,Trial,55,14.5,13,2022,2026,4.5,9.25,4.5,2.0,-2,0.749,0.539,2018-2026,HN public discussion proxy; not direct sales data
ai_runway,Runway,AI Products,Success/Growing,AI video generation,12,Installation / Onboarding,19,3.75,4,2018,2026,4.5,9.25,4.5,2.0,2,0.841,0.679,2018-2026,HN public discussion proxy; not direct sales data
ai_runway,Runway,AI Products,Success/Growing,AI video generation,13,Usage,135,9.25,21,2018,2025,4.5,9.25,4.5,2.0,2,0.995,0.697,2018-2026,HN public discussion proxy; not direct sales data
ai_runway,Runway,AI Products,Success/Growing,AI video generation,14,Failure / Friction,74,9.0,10,2022,2025,4.5,9.25,4.5,2.0,-2,0.925,0.813,2018-2026,HN public discussion proxy; not direct sales data
ai_runway,Runway,AI Products,Success/Growing,AI video generation,15,Support,63,11.667,11,2023,2025,4.5,9.25,4.5,2.0,-3,0.968,0.829,2018-2026,HN public discussion proxy; not direct sales data
ai_runway,Runway,AI Products,Success/Growing,AI video generation,16,Dissatisfaction,4,1.5,2,2023,2023,4.5,9.25,4.5,2.0,-3,0.363,-0.077,2018-2026,HN public discussion proxy; not direct sales data
ai_runway,Runway,AI Products,Success/Growing,AI video generation,17,Replacement,12,4.5,3,2024,2024,4.5,9.25,4.5,2.0,-4,0.861,0.868,2018-2026,HN public discussion proxy; not direct sales data
ai_runway,Runway,AI Products,Success/Growing,AI video generation,18,Switching,3,2.0,1,,2024,4.5,9.25,4.5,2.0,,0.83,0.825,2018-2026,HN public discussion proxy; not direct sales data
ai_runway,Runway,AI Products,Success/Growing,AI video generation,19,Upgrade,6,4.0,3,2025,2025,4.5,9.25,4.5,2.0,-5,0.831,0.518,2018-2026,HN public discussion proxy; not direct sales data
ai_runway,Runway,AI Products,Success/Growing,AI video generation,20,Repeat Purchase,4,2.0,2,2026,2026,4.5,9.25,4.5,2.0,-6,0.647,0.519,2018-2026,HN public discussion proxy; not direct sales data
ai_suno,Suno,AI Products,Success/Growing,AI music generation,01,Problem Recognition,223,15.25,28,2021,2025,10.0,19.6,6.0,3.0,0,0.976,0.966,2018-2026,HN public discussion proxy; not direct sales data
ai_suno,Suno,AI Products,Success/Growing,AI music generation,02,Search,115,6.0,12,2018,2025,10.0,19.6,6.0,3.0,3,0.971,0.958,2018-2026,HN public discussion proxy; not direct sales data
ai_suno,Suno,AI Products,Success/Growing,AI music generation,03,Recommendation Seeking,23,8.0,5,2022,2025,10.0,19.6,6.0,3.0,-1,0.881,0.952,2018-2026,HN public discussion proxy; not direct sales data
ai_suno,Suno,AI Products,Success/Growing,AI music generation,04,Solution Discovery,173,12.375,21,2021,2026,10.0,19.6,6.0,3.0,0,0.992,0.967,2018-2026,HN public discussion proxy; not direct sales data
ai_suno,Suno,AI Products,Success/Growing,AI music generation,05,Comparison,74,8.333,13,2023,2026,10.0,19.6,6.0,3.0,-2,0.976,0.904,2018-2026,HN public discussion proxy; not direct sales data
ai_suno,Suno,AI Products,Success/Growing,AI music generation,06,Alternative Seeking,47,9.0,8,2021,2026,10.0,19.6,6.0,3.0,0,0.949,0.957,2018-2026,HN public discussion proxy; not direct sales data
ai_suno,Suno,AI Products,Success/Growing,AI music generation,07,Vendor / Provider Search,33,5.667,4,2022,2023,10.0,19.6,6.0,3.0,-1,0.827,0.762,2018-2026,HN public discussion proxy; not direct sales data
ai_suno,Suno,AI Products,Success/Growing,AI music generation,08,Pricing / Quote,20,2.75,3,2018,2026,10.0,19.6,6.0,3.0,3,0.893,0.797,2018-2026,HN public discussion proxy; not direct sales data
ai_suno,Suno,AI Products,Success/Growing,AI music generation,09,Purchase Intent,7,1.667,3,2023,2023,10.0,19.6,6.0,3.0,-2,0.424,0.44,2018-2026,HN public discussion proxy; not direct sales data
ai_suno,Suno,AI Products,Success/Growing,AI music generation,10,Purchase,36,10.0,6,2021,2025,10.0,19.6,6.0,3.0,0,0.871,0.876,2018-2026,HN public discussion proxy; not direct sales data
ai_suno,Suno,AI Products,Success/Growing,AI music generation,11,Trial,51,3.857,6,2018,2025,10.0,19.6,6.0,3.0,3,0.935,0.947,2018-2026,HN public discussion proxy; not direct sales data
ai_suno,Suno,AI Products,Success/Growing,AI music generation,12,Installation / Onboarding,67,16.667,18,2023,2026,10.0,19.6,6.0,3.0,-2,0.928,0.923,2018-2026,HN public discussion proxy; not direct sales data
ai_suno,Suno,AI Products,Success/Growing,AI music generation,13,Usage,333,19.6,28,2022,2026,10.0,19.6,6.0,3.0,-1,0.999,0.99,2018-2026,HN public discussion proxy; not direct sales data
ai_suno,Suno,AI Products,Success/Growing,AI music generation,14,Failure / Friction,109,7.125,11,2018,2025,10.0,19.6,6.0,3.0,3,0.948,0.962,2018-2026,HN public discussion proxy; not direct sales data
ai_suno,Suno,AI Products,Success/Growing,AI music generation,15,Support,126,11.0,12,2021,2026,10.0,19.6,6.0,3.0,0,0.985,0.969,2018-2026,HN public discussion proxy; not direct sales data
ai_suno,Suno,AI Products,Success/Growing,AI music generation,16,Dissatisfaction,4,2.5,2,2025,2025,10.0,19.6,6.0,3.0,-4,0.76,0.73,2018-2026,HN public discussion proxy; not direct sales data
ai_suno,Suno,AI Products,Success/Growing,AI music generation,17,Replacement,16,6.0,4,2021,2025,10.0,19.6,6.0,3.0,0,0.881,0.831,2018-2026,HN public discussion proxy; not direct sales data
ai_suno,Suno,AI Products,Success/Growing,AI music generation,18,Switching,9,3.0,3,2022,2025,10.0,19.6,6.0,3.0,-1,0.47,0.632,2018-2026,HN public discussion proxy; not direct sales data
ai_suno,Suno,AI Products,Success/Growing,AI music generation,19,Upgrade,18,6.0,3,2023,2025,10.0,19.6,6.0,3.0,-2,0.939,0.929,2018-2026,HN public discussion proxy; not direct sales data
ai_suno,Suno,AI Products,Success/Growing,AI music generation,20,Repeat Purchase,9,3.0,3,2025,2026,10.0,19.6,6.0,3.0,-4,0.82,0.558,2018-2026,HN public discussion proxy; not direct sales data
ai_otter,Otter.ai,AI Products,Success/Mature,meeting transcription,01,Problem Recognition,12145,7.11,1105,2018,2026,8.016,12.128,21.263,8.963,1,0.998,0.904,2018-2026,HN public discussion proxy; not direct sales data
ai_otter,Otter.ai,AI Products,Success/Mature,meeting transcription,02,Search,5321,7.214,528,2018,2025,8.016,12.128,21.263,8.963,1,0.989,0.918,2018-2026,HN public discussion proxy; not direct sales data
ai_otter,Otter.ai,AI Products,Success/Mature,meeting transcription,03,Recommendation Seeking,1893,5.53,182,2018,2025,8.016,12.128,21.263,8.963,1,0.967,0.9,2018-2026,HN public discussion proxy; not direct sales data
ai_otter,Otter.ai,AI Products,Success/Mature,meeting transcription,04,Solution Discovery,7254,9.886,769,2020,2026,8.016,12.128,21.263,8.963,-1,0.999,0.904,2018-2026,HN public discussion proxy; not direct sales data
ai_otter,Otter.ai,AI Products,Success/Mature,meeting transcription,05,Comparison,3151,12.041,354,2022,2026,8.016,12.128,21.263,8.963,-3,0.999,0.919,2018-2026,HN public discussion proxy; not direct sales data
ai_otter,Otter.ai,AI Products,Success/Mature,meeting transcription,06,Alternative Seeking,2076,10.646,226,2020,2025,8.016,12.128,21.263,8.963,-1,0.984,0.919,2018-2026,HN public discussion proxy; not direct sales data
ai_otter,Otter.ai,AI Products,Success/Mature,meeting transcription,07,Vendor / Provider Search,1044,16.316,111,2022,2026,8.016,12.128,21.263,8.963,-3,0.985,0.925,2018-2026,HN public discussion proxy; not direct sales data
ai_otter,Otter.ai,AI Products,Success/Mature,meeting transcription,08,Pricing / Quote,1222,15.204,145,2023,2026,8.016,12.128,21.263,8.963,-4,0.976,0.917,2018-2026,HN public discussion proxy; not direct sales data
ai_otter,Otter.ai,AI Products,Success/Mature,meeting transcription,09,Purchase Intent,553,7.282,49,2018,2026,8.016,12.128,21.263,8.963,1,0.996,0.918,2018-2026,HN public discussion proxy; not direct sales data
ai_otter,Otter.ai,AI Products,Success/Mature,meeting transcription,10,Purchase,973,8.016,82,2019,2026,8.016,12.128,21.263,8.963,0,0.992,0.923,2018-2026,HN public discussion proxy; not direct sales data
ai_otter,Otter.ai,AI Products,Success/Mature,meeting transcription,11,Trial,1710,13.105,217,2022,2026,8.016,12.128,21.263,8.963,-3,0.993,0.91,2018-2026,HN public discussion proxy; not direct sales data
ai_otter,Otter.ai,AI Products,Success/Mature,meeting transcription,12,Installation / Onboarding,1558,20.176,217,2023,2026,8.016,12.128,21.263,8.963,-4,0.956,0.896,2018-2026,HN public discussion proxy; not direct sales data
ai_otter,Otter.ai,AI Products,Success/Mature,meeting transcription,13,Usage,15846,12.128,1861,2022,2026,8.016,12.128,21.263,8.963,-3,1.0,0.91,2018-2026,HN public discussion proxy; not direct sales data
ai_otter,Otter.ai,AI Products,Success/Mature,meeting transcription,14,Failure / Friction,5216,8.115,494,2020,2026,8.016,12.128,21.263,8.963,-1,0.998,0.904,2018-2026,HN public discussion proxy; not direct sales data
ai_otter,Otter.ai,AI Products,Success/Mature,meeting transcription,15,Support,6118,10.715,812,2021,2025,8.016,12.128,21.263,8.963,-2,0.996,0.891,2018-2026,HN public discussion proxy; not direct sales data
ai_otter,Otter.ai,AI Products,Success/Mature,meeting transcription,16,Dissatisfaction,477,8.533,92,2020,2025,8.016,12.128,21.263,8.963,-1,0.954,0.731,2018-2026,HN public discussion proxy; not direct sales data
ai_otter,Otter.ai,AI Products,Success/Mature,meeting transcription,17,Replacement,716,21.263,67,2022,2026,8.016,12.128,21.263,8.963,-3,0.99,0.944,2018-2026,HN public discussion proxy; not direct sales data
ai_otter,Otter.ai,AI Products,Success/Mature,meeting transcription,18,Switching,344,10.81,89,2022,2025,8.016,12.128,21.263,8.963,-3,0.952,0.767,2018-2026,HN public discussion proxy; not direct sales data
ai_otter,Otter.ai,AI Products,Success/Mature,meeting transcription,19,Upgrade,549,13.455,50,2020,2026,8.016,12.128,21.263,8.963,-1,0.974,0.943,2018-2026,HN public discussion proxy; not direct sales data
ai_otter,Otter.ai,AI Products,Success/Mature,meeting transcription,20,Repeat Purchase,426,8.963,48,2020,2026,8.016,12.128,21.263,8.963,-1,0.965,0.928,2018-2026,HN public discussion proxy; not direct sales data
ai_replika,Replika,AI Products,Mixed,AI companion,01,Problem Recognition,39,4.5,8,2022,2023,1.5,5.4,2.0,1.5,,0.952,0.513,2018-2026,HN public discussion proxy; not direct sales data
ai_replika,Replika,AI Products,Mixed,AI companion,02,Search,12,2.5,3,2021,2021,1.5,5.4,2.0,1.5,,0.404,0.304,2018-2026,HN public discussion proxy; not direct sales data
ai_replika,Replika,AI Products,Mixed,AI companion,03,Recommendation Seeking,4,1.333,2,2026,2026,1.5,5.4,2.0,1.5,,0.322,-0.281,2018-2026,HN public discussion proxy; not direct sales data
ai_replika,Replika,AI Products,Mixed,AI companion,04,Solution Discovery,37,6.5,9,2022,2023,1.5,5.4,2.0,1.5,,0.647,0.685,2018-2026,HN public discussion proxy; not direct sales data
ai_replika,Replika,AI Products,Mixed,AI companion,05,Comparison,9,4.0,2,2024,2025,1.5,5.4,2.0,1.5,,0.579,0.565,2018-2026,HN public discussion proxy; not direct sales data
ai_replika,Replika,AI Products,Mixed,AI companion,06,Alternative Seeking,8,2.5,4,2023,2023,1.5,5.4,2.0,1.5,,0.847,0.089,2018-2026,HN public discussion proxy; not direct sales data
ai_replika,Replika,AI Products,Mixed,AI companion,07,Vendor / Provider Search,4,2.5,3,2026,2026,1.5,5.4,2.0,1.5,,0.249,0.491,2018-2026,HN public discussion proxy; not direct sales data
ai_replika,Replika,AI Products,Mixed,AI companion,08,Pricing / Quote,2,1.5,1,,2023,1.5,5.4,2.0,1.5,,0.624,0.061,2018-2026,HN public discussion proxy; not direct sales data
ai_replika,Replika,AI Products,Mixed,AI companion,09,Purchase Intent,0,1.0,0,,2018,1.5,5.4,2.0,1.5,,,,2018-2026,HN public discussion proxy; not direct sales data
ai_replika,Replika,AI Products,Mixed,AI companion,10,Purchase,1,1.5,1,,2026,1.5,5.4,2.0,1.5,,0.217,,2018-2026,HN public discussion proxy; not direct sales data
ai_replika,Replika,AI Products,Mixed,AI companion,11,Trial,6,2.5,2,2022,2022,1.5,5.4,2.0,1.5,,0.093,0.545,2018-2026,HN public discussion proxy; not direct sales data
ai_replika,Replika,AI Products,Mixed,AI companion,12,Installation / Onboarding,3,2.0,2,2025,2025,1.5,5.4,2.0,1.5,,0.755,0.204,2018-2026,HN public discussion proxy; not direct sales data
ai_replika,Replika,AI Products,Mixed,AI companion,13,Usage,65,5.4,13,2021,2023,1.5,5.4,2.0,1.5,,0.985,0.41,2018-2026,HN public discussion proxy; not direct sales data
ai_replika,Replika,AI Products,Mixed,AI companion,14,Failure / Friction,13,5.5,3,2023,2026,1.5,5.4,2.0,1.5,,0.74,0.32,2018-2026,HN public discussion proxy; not direct sales data
ai_replika,Replika,AI Products,Mixed,AI companion,15,Support,25,1.75,8,2021,2022,1.5,5.4,2.0,1.5,,0.11,0.775,2018-2026,HN public discussion proxy; not direct sales data
ai_replika,Replika,AI Products,Mixed,AI companion,16,Dissatisfaction,0,1.0,0,,2018,1.5,5.4,2.0,1.5,,,,2018-2026,HN public discussion proxy; not direct sales data
ai_replika,Replika,AI Products,Mixed,AI companion,17,Replacement,5,2.0,1,2024,2024,1.5,5.4,2.0,1.5,,0.703,0.574,2018-2026,HN public discussion proxy; not direct sales data
ai_replika,Replika,AI Products,Mixed,AI companion,18,Switching,0,1.0,0,,2018,1.5,5.4,2.0,1.5,,,,2018-2026,HN public discussion proxy; not direct sales data
ai_replika,Replika,AI Products,Mixed,AI companion,19,Upgrade,6,2.0,2,2021,2021,1.5,5.4,2.0,1.5,,0.434,-0.14,2018-2026,HN public discussion proxy; not direct sales data
ai_replika,Replika,AI Products,Mixed,AI companion,20,Repeat Purchase,2,1.5,1,,2024,1.5,5.4,2.0,1.5,,0.244,0.491,2018-2026,HN public discussion proxy; not direct sales data
consumer_kindle,Kindle,Consumer Products,Success/Mature,ebook reader,01,Problem Recognition,1031,0.912,22,2018,2022,1.192,1.297,1.724,1.192,0,0.764,0.582,2018-2026,HN public discussion proxy; not direct sales data
consumer_kindle,Kindle,Consumer Products,Success/Mature,ebook reader,02,Search,623,0.982,35,2018,2021,1.192,1.297,1.724,1.192,0,0.721,0.755,2018-2026,HN public discussion proxy; not direct sales data
consumer_kindle,Kindle,Consumer Products,Success/Mature,ebook reader,03,Recommendation Seeking,565,0.618,19,2018,2022,1.192,1.297,1.724,1.192,0,0.414,0.478,2018-2026,HN public discussion proxy; not direct sales data
consumer_kindle,Kindle,Consumer Products,Success/Mature,ebook reader,04,Solution Discovery,966,1.068,47,2018,2022,1.192,1.297,1.724,1.192,0,0.798,0.181,2018-2026,HN public discussion proxy; not direct sales data
consumer_kindle,Kindle,Consumer Products,Success/Mature,ebook reader,05,Comparison,297,0.841,17,2018,2021,1.192,1.297,1.724,1.192,0,0.531,0.537,2018-2026,HN public discussion proxy; not direct sales data
consumer_kindle,Kindle,Consumer Products,Success/Mature,ebook reader,06,Alternative Seeking,401,1.613,33,2018,2025,1.192,1.297,1.724,1.192,0,0.57,0.284,2018-2026,HN public discussion proxy; not direct sales data
consumer_kindle,Kindle,Consumer Products,Success/Mature,ebook reader,07,Vendor / Provider Search,144,1.031,5,2018,2025,1.192,1.297,1.724,1.192,0,0.394,-0.396,2018-2026,HN public discussion proxy; not direct sales data
consumer_kindle,Kindle,Consumer Products,Success/Mature,ebook reader,08,Pricing / Quote,166,0.811,9,2018,2021,1.192,1.297,1.724,1.192,0,0.313,0.602,2018-2026,HN public discussion proxy; not direct sales data
consumer_kindle,Kindle,Consumer Products,Success/Mature,ebook reader,09,Purchase Intent,186,1.0,7,2018,2020,1.192,1.297,1.724,1.192,0,0.612,0.315,2018-2026,HN public discussion proxy; not direct sales data
consumer_kindle,Kindle,Consumer Products,Success/Mature,ebook reader,10,Purchase,1011,1.192,38,2018,2022,1.192,1.297,1.724,1.192,0,0.909,0.055,2018-2026,HN public discussion proxy; not direct sales data
consumer_kindle,Kindle,Consumer Products,Success/Mature,ebook reader,11,Trial,153,1.2,15,2018,2022,1.192,1.297,1.724,1.192,0,0.658,0.101,2018-2026,HN public discussion proxy; not direct sales data
consumer_kindle,Kindle,Consumer Products,Success/Mature,ebook reader,12,Installation / Onboarding,566,1.87,32,2018,2022,1.192,1.297,1.724,1.192,0,0.879,0.059,2018-2026,HN public discussion proxy; not direct sales data
consumer_kindle,Kindle,Consumer Products,Success/Mature,ebook reader,13,Usage,2040,1.297,50,2018,2022,1.192,1.297,1.724,1.192,0,0.982,0.415,2018-2026,HN public discussion proxy; not direct sales data
consumer_kindle,Kindle,Consumer Products,Success/Mature,ebook reader,14,Failure / Friction,431,1.037,13,2018,2021,1.192,1.297,1.724,1.192,0,0.532,0.914,2018-2026,HN public discussion proxy; not direct sales data
consumer_kindle,Kindle,Consumer Products,Success/Mature,ebook reader,15,Support,1626,1.777,97,2018,2022,1.192,1.297,1.724,1.192,0,0.872,0.225,2018-2026,HN public discussion proxy; not direct sales data
consumer_kindle,Kindle,Consumer Products,Success/Mature,ebook reader,16,Dissatisfaction,49,1.25,4,2018,2021,1.192,1.297,1.724,1.192,0,0.548,0.5,2018-2026,HN public discussion proxy; not direct sales data
consumer_kindle,Kindle,Consumer Products,Success/Mature,ebook reader,17,Replacement,193,1.724,9,2018,2022,1.192,1.297,1.724,1.192,0,0.754,0.384,2018-2026,HN public discussion proxy; not direct sales data
consumer_kindle,Kindle,Consumer Products,Success/Mature,ebook reader,18,Switching,49,1.5,7,2018,2021,1.192,1.297,1.724,1.192,0,0.65,0.445,2018-2026,HN public discussion proxy; not direct sales data
consumer_kindle,Kindle,Consumer Products,Success/Mature,ebook reader,19,Upgrade,216,2.222,18,2018,2024,1.192,1.297,1.724,1.192,0,0.824,0.156,2018-2026,HN public discussion proxy; not direct sales data
consumer_kindle,Kindle,Consumer Products,Success/Mature,ebook reader,20,Repeat Purchase,161,1.192,13,2018,2020,1.192,1.297,1.724,1.192,0,0.728,0.619,2018-2026,HN public discussion proxy; not direct sales data
consumer_fitbit,Fitbit,Consumer Products,Success/Acquired,fitness tracker,01,Problem Recognition,119,0.487,5,2018,2019,0.562,0.387,0.333,0.333,0,0.737,0.467,2018-2026,HN public discussion proxy; not direct sales data
consumer_fitbit,Fitbit,Consumer Products,Success/Acquired,fitness tracker,02,Search,90,0.405,11,2018,2019,0.562,0.387,0.333,0.333,0,0.85,0.133,2018-2026,HN public discussion proxy; not direct sales data
consumer_fitbit,Fitbit,Consumer Products,Success/Acquired,fitness tracker,03,Recommendation Seeking,58,0.333,8,2018,2020,0.562,0.387,0.333,0.333,0,0.545,0.065,2018-2026,HN public discussion proxy; not direct sales data
consumer_fitbit,Fitbit,Consumer Products,Success/Acquired,fitness tracker,04,Solution Discovery,147,0.643,12,2018,2019,0.562,0.387,0.333,0.333,0,0.88,-0.006,2018-2026,HN public discussion proxy; not direct sales data
consumer_fitbit,Fitbit,Consumer Products,Success/Acquired,fitness tracker,05,Comparison,67,1.154,9,2018,2020,0.562,0.387,0.333,0.333,0,0.216,-0.198,2018-2026,HN public discussion proxy; not direct sales data
consumer_fitbit,Fitbit,Consumer Products,Success/Acquired,fitness tracker,06,Alternative Seeking,55,0.786,12,2019,2019,0.562,0.387,0.333,0.333,-1,0.594,-0.476,2018-2026,HN public discussion proxy; not direct sales data
consumer_fitbit,Fitbit,Consumer Products,Success/Acquired,fitness tracker,07,Vendor / Provider Search,11,0.833,2,2019,2019,0.562,0.387,0.333,0.333,-1,0.757,0.0,2018-2026,HN public discussion proxy; not direct sales data
consumer_fitbit,Fitbit,Consumer Products,Success/Acquired,fitness tracker,08,Pricing / Quote,13,1.333,3,2020,2020,0.562,0.387,0.333,0.333,-2,0.156,-0.404,2018-2026,HN public discussion proxy; not direct sales data
consumer_fitbit,Fitbit,Consumer Products,Success/Acquired,fitness tracker,09,Purchase Intent,21,0.375,4,2018,2024,0.562,0.387,0.333,0.333,0,0.537,0.203,2018-2026,HN public discussion proxy; not direct sales data
consumer_fitbit,Fitbit,Consumer Products,Success/Acquired,fitness tracker,10,Purchase,214,0.562,29,2018,2019,0.562,0.387,0.333,0.333,0,0.963,-0.081,2018-2026,HN public discussion proxy; not direct sales data
consumer_fitbit,Fitbit,Consumer Products,Success/Acquired,fitness tracker,11,Trial,40,0.2,2,2018,2019,0.562,0.387,0.333,0.333,0,0.76,0.613,2018-2026,HN public discussion proxy; not direct sales data
consumer_fitbit,Fitbit,Consumer Products,Success/Acquired,fitness tracker,12,Installation / Onboarding,32,0.467,3,2018,2019,0.562,0.387,0.333,0.333,0,0.8,0.373,2018-2026,HN public discussion proxy; not direct sales data
consumer_fitbit,Fitbit,Consumer Products,Success/Acquired,fitness tracker,13,Usage,246,0.387,41,2018,2019,0.562,0.387,0.333,0.333,0,0.974,0.118,2018-2026,HN public discussion proxy; not direct sales data
consumer_fitbit,Fitbit,Consumer Products,Success/Acquired,fitness tracker,14,Failure / Friction,68,0.292,8,2018,2019,0.562,0.387,0.333,0.333,0,0.721,0.203,2018-2026,HN public discussion proxy; not direct sales data
consumer_fitbit,Fitbit,Consumer Products,Success/Acquired,fitness tracker,15,Support,166,0.658,10,2018,2020,0.562,0.387,0.333,0.333,0,0.418,-0.184,2018-2026,HN public discussion proxy; not direct sales data
consumer_fitbit,Fitbit,Consumer Products,Success/Acquired,fitness tracker,16,Dissatisfaction,8,1.0,2,2022,2022,0.562,0.387,0.333,0.333,-4,0.225,-0.539,2018-2026,HN public discussion proxy; not direct sales data
consumer_fitbit,Fitbit,Consumer Products,Success/Acquired,fitness tracker,17,Replacement,46,0.333,6,2018,2019,0.562,0.387,0.333,0.333,0,0.878,0.3,2018-2026,HN public discussion proxy; not direct sales data
consumer_fitbit,Fitbit,Consumer Products,Success/Acquired,fitness tracker,18,Switching,12,0.5,2,2018,2018,0.562,0.387,0.333,0.333,0,0.573,0.546,2018-2026,HN public discussion proxy; not direct sales data
consumer_fitbit,Fitbit,Consumer Products,Success/Acquired,fitness tracker,19,Upgrade,42,0.462,7,2018,2019,0.562,0.387,0.333,0.333,0,0.617,-0.359,2018-2026,HN public discussion proxy; not direct sales data
consumer_fitbit,Fitbit,Consumer Products,Success/Acquired,fitness tracker,20,Repeat Purchase,18,0.333,4,2018,2019,0.562,0.387,0.333,0.333,0,0.603,-0.071,2018-2026,HN public discussion proxy; not direct sales data
consumer_go_pro,GoPro,Consumer Products,Mixed/Mature,action camera,01,Problem Recognition,78,0.708,6,2018,2018,1.412,0.833,0.375,1.25,0,0.42,0.122,2018-2026,HN public discussion proxy; not direct sales data
consumer_go_pro,GoPro,Consumer Products,Mixed/Mature,action camera,02,Search,67,0.85,4,2018,2018,1.412,0.833,0.375,1.25,0,0.529,-0.137,2018-2026,HN public discussion proxy; not direct sales data
consumer_go_pro,GoPro,Consumer Products,Mixed/Mature,action camera,03,Recommendation Seeking,28,2.25,5,2019,2022,1.412,0.833,0.375,1.25,-1,-0.026,0.297,2018-2026,HN public discussion proxy; not direct sales data
consumer_go_pro,GoPro,Consumer Products,Mixed/Mature,action camera,04,Solution Discovery,88,1.6,7,2018,2018,1.412,0.833,0.375,1.25,0,0.667,-0.489,2018-2026,HN public discussion proxy; not direct sales data
consumer_go_pro,GoPro,Consumer Products,Mixed/Mature,action camera,05,Comparison,29,1.5,5,2018,2020,1.412,0.833,0.375,1.25,0,0.675,-0.745,2018-2026,HN public discussion proxy; not direct sales data
consumer_go_pro,GoPro,Consumer Products,Mixed/Mature,action camera,06,Alternative Seeking,31,0.778,6,2018,2023,1.412,0.833,0.375,1.25,0,0.462,-0.624,2018-2026,HN public discussion proxy; not direct sales data
consumer_go_pro,GoPro,Consumer Products,Mixed/Mature,action camera,07,Vendor / Provider Search,12,3.5,3,2020,2023,1.412,0.833,0.375,1.25,-2,0.149,-0.137,2018-2026,HN public discussion proxy; not direct sales data
consumer_go_pro,GoPro,Consumer Products,Mixed/Mature,action camera,08,Pricing / Quote,15,1.2,3,2019,2020,1.412,0.833,0.375,1.25,-1,0.269,0.239,2018-2026,HN public discussion proxy; not direct sales data
consumer_go_pro,GoPro,Consumer Products,Mixed/Mature,action camera,09,Purchase Intent,10,0.4,1,2019,2019,1.412,0.833,0.375,1.25,-1,0.132,0.072,2018-2026,HN public discussion proxy; not direct sales data
consumer_go_pro,GoPro,Consumer Products,Mixed/Mature,action camera,10,Purchase,70,1.412,12,2018,2026,1.412,0.833,0.375,1.25,0,0.814,-0.627,2018-2026,HN public discussion proxy; not direct sales data
consumer_go_pro,GoPro,Consumer Products,Mixed/Mature,action camera,11,Trial,21,4.5,6,2020,2020,1.412,0.833,0.375,1.25,-2,0.314,0.047,2018-2026,HN public discussion proxy; not direct sales data
consumer_go_pro,GoPro,Consumer Products,Mixed/Mature,action camera,12,Installation / Onboarding,28,1.4,2,2019,2024,1.412,0.833,0.375,1.25,-1,-0.143,-0.145,2018-2026,HN public discussion proxy; not direct sales data
consumer_go_pro,GoPro,Consumer Products,Mixed/Mature,action camera,13,Usage,195,0.833,15,2018,2018,1.412,0.833,0.375,1.25,0,0.909,-0.682,2018-2026,HN public discussion proxy; not direct sales data
consumer_go_pro,GoPro,Consumer Products,Mixed/Mature,action camera,14,Failure / Friction,35,1.5,4,2018,2026,1.412,0.833,0.375,1.25,0,-0.112,0.436,2018-2026,HN public discussion proxy; not direct sales data
consumer_go_pro,GoPro,Consumer Products,Mixed/Mature,action camera,15,Support,68,1.067,8,2018,2020,1.412,0.833,0.375,1.25,0,0.838,-0.912,2018-2026,HN public discussion proxy; not direct sales data
consumer_go_pro,GoPro,Consumer Products,Mixed/Mature,action camera,16,Dissatisfaction,4,1.0,3,2020,2020,1.412,0.833,0.375,1.25,-2,0.24,-0.392,2018-2026,HN public discussion proxy; not direct sales data
consumer_go_pro,GoPro,Consumer Products,Mixed/Mature,action camera,17,Replacement,14,0.375,2,2018,2018,1.412,0.833,0.375,1.25,0,0.512,-0.531,2018-2026,HN public discussion proxy; not direct sales data
consumer_go_pro,GoPro,Consumer Products,Mixed/Mature,action camera,18,Switching,3,1.0,1,,2018,1.412,0.833,0.375,1.25,,0.47,-0.027,2018-2026,HN public discussion proxy; not direct sales data
consumer_go_pro,GoPro,Consumer Products,Mixed/Mature,action camera,19,Upgrade,25,2.2,6,2019,2020,1.412,0.833,0.375,1.25,-1,0.385,-0.203,2018-2026,HN public discussion proxy; not direct sales data
consumer_go_pro,GoPro,Consumer Products,Mixed/Mature,action camera,20,Repeat Purchase,10,1.25,3,2018,2020,1.412,0.833,0.375,1.25,0,0.865,-0.748,2018-2026,HN public discussion proxy; not direct sales data
consumer_tesla_model_3,Tesla Model 3,Consumer Products,Success,electric vehicle,01,Problem Recognition,454,0.403,40,2018,2021,0.753,0.366,0.462,0.429,0,0.631,0.468,2018-2026,HN public discussion proxy; not direct sales data
consumer_tesla_model_3,Tesla Model 3,Consumer Products,Success,electric vehicle,02,Search,296,0.351,21,2018,2019,0.753,0.366,0.462,0.429,0,0.757,0.37,2018-2026,HN public discussion proxy; not direct sales data
consumer_tesla_model_3,Tesla Model 3,Consumer Products,Success,electric vehicle,03,Recommendation Seeking,110,0.186,19,2018,2019,0.753,0.366,0.462,0.429,0,0.749,0.385,2018-2026,HN public discussion proxy; not direct sales data
consumer_tesla_model_3,Tesla Model 3,Consumer Products,Success,electric vehicle,04,Solution Discovery,247,0.576,14,2018,2019,0.753,0.366,0.462,0.429,0,0.776,-0.403,2018-2026,HN public discussion proxy; not direct sales data
consumer_tesla_model_3,Tesla Model 3,Consumer Products,Success,electric vehicle,05,Comparison,322,0.458,33,2018,2019,0.753,0.366,0.462,0.429,0,0.84,0.079,2018-2026,HN public discussion proxy; not direct sales data
consumer_tesla_model_3,Tesla Model 3,Consumer Products,Success,electric vehicle,06,Alternative Seeking,100,0.667,5,2018,2023,0.753,0.366,0.462,0.429,0,0.791,0.28,2018-2026,HN public discussion proxy; not direct sales data
consumer_tesla_model_3,Tesla Model 3,Consumer Products,Success,electric vehicle,07,Vendor / Provider Search,28,0.5,5,2018,2021,0.753,0.366,0.462,0.429,0,0.552,0.017,2018-2026,HN public discussion proxy; not direct sales data
consumer_tesla_model_3,Tesla Model 3,Consumer Products,Success,electric vehicle,08,Pricing / Quote,106,0.314,15,2018,2019,0.753,0.366,0.462,0.429,0,0.796,0.288,2018-2026,HN public discussion proxy; not direct sales data
consumer_tesla_model_3,Tesla Model 3,Consumer Products,Success,electric vehicle,09,Purchase Intent,127,0.516,6,2018,2021,0.753,0.366,0.462,0.429,0,0.747,0.574,2018-2026,HN public discussion proxy; not direct sales data
consumer_tesla_model_3,Tesla Model 3,Consumer Products,Success,electric vehicle,10,Purchase,347,0.753,23,2018,2023,0.753,0.366,0.462,0.429,0,0.94,-0.151,2018-2026,HN public discussion proxy; not direct sales data
consumer_tesla_model_3,Tesla Model 3,Consumer Products,Success,electric vehicle,11,Trial,103,0.8,10,2018,2019,0.753,0.366,0.462,0.429,0,0.47,-0.301,2018-2026,HN public discussion proxy; not direct sales data
consumer_tesla_model_3,Tesla Model 3,Consumer Products,Success,electric vehicle,12,Installation / Onboarding,147,0.267,17,2018,2021,0.753,0.366,0.462,0.429,0,0.705,0.558,2018-2026,HN public discussion proxy; not direct sales data
consumer_tesla_model_3,Tesla Model 3,Consumer Products,Success,electric vehicle,13,Usage,474,0.366,31,2018,2021,0.753,0.366,0.462,0.429,0,0.98,0.371,2018-2026,HN public discussion proxy; not direct sales data
consumer_tesla_model_3,Tesla Model 3,Consumer Products,Success,electric vehicle,14,Failure / Friction,161,0.204,17,2018,2021,0.753,0.366,0.462,0.429,0,0.929,0.378,2018-2026,HN public discussion proxy; not direct sales data
consumer_tesla_model_3,Tesla Model 3,Consumer Products,Success,electric vehicle,15,Support,252,0.493,20,2018,2021,0.753,0.366,0.462,0.429,0,0.71,0.272,2018-2026,HN public discussion proxy; not direct sales data
consumer_tesla_model_3,Tesla Model 3,Consumer Products,Success,electric vehicle,16,Dissatisfaction,35,0.538,11,2019,2019,0.753,0.366,0.462,0.429,-1,0.535,-0.111,2018-2026,HN public discussion proxy; not direct sales data
consumer_tesla_model_3,Tesla Model 3,Consumer Products,Success,electric vehicle,17,Replacement,106,0.462,14,2018,2019,0.753,0.366,0.462,0.429,0,0.901,-0.056,2018-2026,HN public discussion proxy; not direct sales data
consumer_tesla_model_3,Tesla Model 3,Consumer Products,Success,electric vehicle,18,Switching,21,0.429,3,2018,2021,0.753,0.366,0.462,0.429,0,0.5,0.63,2018-2026,HN public discussion proxy; not direct sales data
consumer_tesla_model_3,Tesla Model 3,Consumer Products,Success,electric vehicle,19,Upgrade,168,0.511,5,2018,2019,0.753,0.366,0.462,0.429,0,0.59,0.567,2018-2026,HN public discussion proxy; not direct sales data
consumer_tesla_model_3,Tesla Model 3,Consumer Products,Success,electric vehicle,20,Repeat Purchase,80,0.429,11,2018,2020,0.753,0.366,0.462,0.429,0,0.753,0.415,2018-2026,HN public discussion proxy; not direct sales data
consumer_keurig,Keurig,Consumer Products,Success/Mature,single serve coffee,01,Problem Recognition,17,0.333,5,2018,2022,0.3,0.2,0.429,1.0,0,0.643,0.551,2018-2026,HN public discussion proxy; not direct sales data
consumer_keurig,Keurig,Consumer Products,Success/Mature,single serve coffee,02,Search,15,0.286,2,2018,2018,0.3,0.2,0.429,1.0,0,0.597,0.081,2018-2026,HN public discussion proxy; not direct sales data
consumer_keurig,Keurig,Consumer Products,Success/Mature,single serve coffee,03,Recommendation Seeking,12,1.0,2,2022,2023,0.3,0.2,0.429,1.0,-4,0.44,-0.024,2018-2026,HN public discussion proxy; not direct sales data
consumer_keurig,Keurig,Consumer Products,Success/Mature,single serve coffee,04,Solution Discovery,20,0.286,4,2018,2023,0.3,0.2,0.429,1.0,0,0.946,-0.192,2018-2026,HN public discussion proxy; not direct sales data
consumer_keurig,Keurig,Consumer Products,Success/Mature,single serve coffee,05,Comparison,10,1.0,5,2022,2022,0.3,0.2,0.429,1.0,-4,0.342,0.565,2018-2026,HN public discussion proxy; not direct sales data
consumer_keurig,Keurig,Consumer Products,Success/Mature,single serve coffee,06,Alternative Seeking,13,0.571,4,2018,2023,0.3,0.2,0.429,1.0,0,0.643,-0.398,2018-2026,HN public discussion proxy; not direct sales data
consumer_keurig,Keurig,Consumer Products,Success/Mature,single serve coffee,07,Vendor / Provider Search,4,0.667,2,2021,2021,0.3,0.2,0.429,1.0,-3,0.159,0.062,2018-2026,HN public discussion proxy; not direct sales data
consumer_keurig,Keurig,Consumer Products,Success/Mature,single serve coffee,08,Pricing / Quote,4,0.667,1,,2019,0.3,0.2,0.429,1.0,,0.371,-0.193,2018-2026,HN public discussion proxy; not direct sales data
consumer_keurig,Keurig,Consumer Products,Success/Mature,single serve coffee,09,Purchase Intent,4,0.5,1,2018,2018,0.3,0.2,0.429,1.0,0,0.798,-0.285,2018-2026,HN public discussion proxy; not direct sales data
consumer_keurig,Keurig,Consumer Products,Success/Mature,single serve coffee,10,Purchase,30,0.3,7,2018,2020,0.3,0.2,0.429,1.0,0,0.783,-0.334,2018-2026,HN public discussion proxy; not direct sales data
consumer_keurig,Keurig,Consumer Products,Success/Mature,single serve coffee,11,Trial,1,1.0,1,,2020,0.3,0.2,0.429,1.0,,0.363,-0.285,2018-2026,HN public discussion proxy; not direct sales data
consumer_keurig,Keurig,Consumer Products,Success/Mature,single serve coffee,12,Installation / Onboarding,8,1.0,3,2020,2020,0.3,0.2,0.429,1.0,-2,0.521,-0.385,2018-2026,HN public discussion proxy; not direct sales data
consumer_keurig,Keurig,Consumer Products,Success/Mature,single serve coffee,13,Usage,48,0.2,6,2018,2023,0.3,0.2,0.429,1.0,0,0.942,0.136,2018-2026,HN public discussion proxy; not direct sales data
consumer_keurig,Keurig,Consumer Products,Success/Mature,single serve coffee,14,Failure / Friction,7,0.667,3,2020,2020,0.3,0.2,0.429,1.0,-2,0.467,0.04,2018-2026,HN public discussion proxy; not direct sales data
consumer_keurig,Keurig,Consumer Products,Success/Mature,single serve coffee,15,Support,12,0.75,3,2018,2020,0.3,0.2,0.429,1.0,0,0.806,-0.573,2018-2026,HN public discussion proxy; not direct sales data
consumer_keurig,Keurig,Consumer Products,Success/Mature,single serve coffee,16,Dissatisfaction,1,1.0,1,,2023,0.3,0.2,0.429,1.0,,0.555,-0.179,2018-2026,HN public discussion proxy; not direct sales data
consumer_keurig,Keurig,Consumer Products,Success/Mature,single serve coffee,17,Replacement,10,0.429,2,2018,2018,0.3,0.2,0.429,1.0,0,0.611,0.024,2018-2026,HN public discussion proxy; not direct sales data
consumer_keurig,Keurig,Consumer Products,Success/Mature,single serve coffee,18,Switching,1,0.667,0,,2018,0.3,0.2,0.429,1.0,,0.411,-0.073,2018-2026,HN public discussion proxy; not direct sales data
consumer_keurig,Keurig,Consumer Products,Success/Mature,single serve coffee,19,Upgrade,4,1.0,2,2023,2023,0.3,0.2,0.429,1.0,-5,0.578,-0.434,2018-2026,HN public discussion proxy; not direct sales data
consumer_keurig,Keurig,Consumer Products,Success/Mature,single serve coffee,20,Repeat Purchase,6,1.0,2,2022,2022,0.3,0.2,0.429,1.0,-4,0.596,0.153,2018-2026,HN public discussion proxy; not direct sales data
consumer_nintendo_switch,Nintendo Switch,Consumer Products,Success,game console,01,Problem Recognition,276,1.481,16,2018,2023,2.033,1.469,3.5,1.7,0,0.894,0.651,2018-2026,HN public discussion proxy; not direct sales data
consumer_nintendo_switch,Nintendo Switch,Consumer Products,Success,game console,02,Search,129,1.3,14,2018,2022,2.033,1.469,3.5,1.7,0,0.89,0.553,2018-2026,HN public discussion proxy; not direct sales data
consumer_nintendo_switch,Nintendo Switch,Consumer Products,Success,game console,03,Recommendation Seeking,65,0.846,10,2018,2022,2.033,1.469,3.5,1.7,0,0.629,0.604,2018-2026,HN public discussion proxy; not direct sales data
consumer_nintendo_switch,Nintendo Switch,Consumer Products,Success,game console,04,Solution Discovery,162,1.882,13,2018,2023,2.033,1.469,3.5,1.7,0,0.965,0.289,2018-2026,HN public discussion proxy; not direct sales data
consumer_nintendo_switch,Nintendo Switch,Consumer Products,Success,game console,05,Comparison,119,1.8,8,2018,2022,2.033,1.469,3.5,1.7,0,0.915,0.48,2018-2026,HN public discussion proxy; not direct sales data
consumer_nintendo_switch,Nintendo Switch,Consumer Products,Success,game console,06,Alternative Seeking,78,2.143,6,2019,2023,2.033,1.469,3.5,1.7,-1,0.891,0.523,2018-2026,HN public discussion proxy; not direct sales data
consumer_nintendo_switch,Nintendo Switch,Consumer Products,Success,game console,07,Vendor / Provider Search,72,2.125,8,2019,2023,2.033,1.469,3.5,1.7,-1,0.833,0.021,2018-2026,HN public discussion proxy; not direct sales data
consumer_nintendo_switch,Nintendo Switch,Consumer Products,Success,game console,08,Pricing / Quote,55,5.0,6,2019,2025,2.033,1.469,3.5,1.7,-1,0.65,0.176,2018-2026,HN public discussion proxy; not direct sales data
consumer_nintendo_switch,Nintendo Switch,Consumer Products,Success,game console,09,Purchase Intent,71,1.5,6,2018,2023,2.033,1.469,3.5,1.7,0,0.943,0.337,2018-2026,HN public discussion proxy; not direct sales data
consumer_nintendo_switch,Nintendo Switch,Consumer Products,Success,game console,10,Purchase,287,2.033,24,2018,2023,2.033,1.469,3.5,1.7,0,0.947,0.502,2018-2026,HN public discussion proxy; not direct sales data
consumer_nintendo_switch,Nintendo Switch,Consumer Products,Success,game console,11,Trial,53,1.0,4,2018,2023,2.033,1.469,3.5,1.7,0,0.612,0.488,2018-2026,HN public discussion proxy; not direct sales data
consumer_nintendo_switch,Nintendo Switch,Consumer Products,Success,game console,12,Installation / Onboarding,199,1.76,12,2018,2024,2.033,1.469,3.5,1.7,0,0.734,0.341,2018-2026,HN public discussion proxy; not direct sales data
consumer_nintendo_switch,Nintendo Switch,Consumer Products,Success,game console,13,Usage,494,1.469,34,2018,2023,2.033,1.469,3.5,1.7,0,0.981,0.358,2018-2026,HN public discussion proxy; not direct sales data
consumer_nintendo_switch,Nintendo Switch,Consumer Products,Success,game console,14,Failure / Friction,96,1.692,5,2018,2022,2.033,1.469,3.5,1.7,0,0.711,0.639,2018-2026,HN public discussion proxy; not direct sales data
consumer_nintendo_switch,Nintendo Switch,Consumer Products,Success,game console,15,Support,593,1.506,28,2018,2023,2.033,1.469,3.5,1.7,0,0.97,0.41,2018-2026,HN public discussion proxy; not direct sales data
consumer_nintendo_switch,Nintendo Switch,Consumer Products,Success,game console,16,Dissatisfaction,36,5.5,4,2020,2023,2.033,1.469,3.5,1.7,-2,0.7,0.159,2018-2026,HN public discussion proxy; not direct sales data
consumer_nintendo_switch,Nintendo Switch,Consumer Products,Success,game console,17,Replacement,50,3.5,9,2020,2023,2.033,1.469,3.5,1.7,-2,0.774,0.166,2018-2026,HN public discussion proxy; not direct sales data
consumer_nintendo_switch,Nintendo Switch,Consumer Products,Success,game console,18,Switching,18,1.0,4,2020,2024,2.033,1.469,3.5,1.7,-2,0.485,0.328,2018-2026,HN public discussion proxy; not direct sales data
consumer_nintendo_switch,Nintendo Switch,Consumer Products,Success,game console,19,Upgrade,122,2.0,12,2018,2023,2.033,1.469,3.5,1.7,0,0.852,0.221,2018-2026,HN public discussion proxy; not direct sales data
consumer_nintendo_switch,Nintendo Switch,Consumer Products,Success,game console,20,Repeat Purchase,82,1.7,7,2018,2023,2.033,1.469,3.5,1.7,0,0.973,0.311,2018-2026,HN public discussion proxy; not direct sales data
consumer_dyson_vacuum,Dyson Vacuum,Consumer Products,Success,premium vacuum cleaner,01,Problem Recognition,36,1.0,6,2018,2022,1.778,1.222,0.857,0.857,1,0.154,-0.47,2018-2026,HN public discussion proxy; not direct sales data
consumer_dyson_vacuum,Dyson Vacuum,Consumer Products,Success,premium vacuum cleaner,02,Search,17,0.429,3,2019,2019,1.778,1.222,0.857,0.857,0,0.434,0.629,2018-2026,HN public discussion proxy; not direct sales data
consumer_dyson_vacuum,Dyson Vacuum,Consumer Products,Success,premium vacuum cleaner,03,Recommendation Seeking,18,0.444,7,2019,2019,1.778,1.222,0.857,0.857,0,0.594,-0.084,2018-2026,HN public discussion proxy; not direct sales data
consumer_dyson_vacuum,Dyson Vacuum,Consumer Products,Success,premium vacuum cleaner,04,Solution Discovery,24,0.286,3,2018,2022,1.778,1.222,0.857,0.857,1,0.264,-0.082,2018-2026,HN public discussion proxy; not direct sales data
consumer_dyson_vacuum,Dyson Vacuum,Consumer Products,Success,premium vacuum cleaner,05,Comparison,12,0.6,3,2019,2019,1.778,1.222,0.857,0.857,0,0.521,-0.172,2018-2026,HN public discussion proxy; not direct sales data
consumer_dyson_vacuum,Dyson Vacuum,Consumer Products,Success,premium vacuum cleaner,06,Alternative Seeking,12,1.667,4,2020,2022,1.778,1.222,0.857,0.857,-1,-0.143,-0.08,2018-2026,HN public discussion proxy; not direct sales data
consumer_dyson_vacuum,Dyson Vacuum,Consumer Products,Success,premium vacuum cleaner,07,Vendor / Provider Search,4,1.0,1,,2019,1.778,1.222,0.857,0.857,,0.54,-0.485,2018-2026,HN public discussion proxy; not direct sales data
consumer_dyson_vacuum,Dyson Vacuum,Consumer Products,Success,premium vacuum cleaner,08,Pricing / Quote,8,1.0,2,2019,2019,1.778,1.222,0.857,0.857,0,0.638,-0.43,2018-2026,HN public discussion proxy; not direct sales data
consumer_dyson_vacuum,Dyson Vacuum,Consumer Products,Success,premium vacuum cleaner,09,Purchase Intent,4,1.333,2,2026,2026,1.778,1.222,0.857,0.857,-7,0.049,0.56,2018-2026,HN public discussion proxy; not direct sales data
consumer_dyson_vacuum,Dyson Vacuum,Consumer Products,Success,premium vacuum cleaner,10,Purchase,59,1.778,7,2019,2021,1.778,1.222,0.857,0.857,0,0.861,-0.291,2018-2026,HN public discussion proxy; not direct sales data
consumer_dyson_vacuum,Dyson Vacuum,Consumer Products,Success,premium vacuum cleaner,11,Trial,5,1.0,3,2021,2021,1.778,1.222,0.857,0.857,-2,0.435,-0.122,2018-2026,HN public discussion proxy; not direct sales data
consumer_dyson_vacuum,Dyson Vacuum,Consumer Products,Success,premium vacuum cleaner,12,Installation / Onboarding,9,2.0,1,2024,2025,1.778,1.222,0.857,0.857,-5,-0.204,-0.451,2018-2026,HN public discussion proxy; not direct sales data
consumer_dyson_vacuum,Dyson Vacuum,Consumer Products,Success,premium vacuum cleaner,13,Usage,38,1.222,3,2018,2024,1.778,1.222,0.857,0.857,1,0.2,0.089,2018-2026,HN public discussion proxy; not direct sales data
consumer_dyson_vacuum,Dyson Vacuum,Consumer Products,Success,premium vacuum cleaner,14,Failure / Friction,15,3.0,6,2022,2022,1.778,1.222,0.857,0.857,-3,-0.008,-0.604,2018-2026,HN public discussion proxy; not direct sales data
consumer_dyson_vacuum,Dyson Vacuum,Consumer Products,Success,premium vacuum cleaner,15,Support,14,0.667,2,2019,2019,1.778,1.222,0.857,0.857,0,0.39,0.192,2018-2026,HN public discussion proxy; not direct sales data
consumer_dyson_vacuum,Dyson Vacuum,Consumer Products,Success,premium vacuum cleaner,16,Dissatisfaction,1,1.0,1,,2023,1.778,1.222,0.857,0.857,,-0.212,-0.367,2018-2026,HN public discussion proxy; not direct sales data
consumer_dyson_vacuum,Dyson Vacuum,Consumer Products,Success,premium vacuum cleaner,17,Replacement,24,0.857,5,2019,2019,1.778,1.222,0.857,0.857,0,0.775,-0.1,2018-2026,HN public discussion proxy; not direct sales data
consumer_dyson_vacuum,Dyson Vacuum,Consumer Products,Success,premium vacuum cleaner,18,Switching,0,1.0,0,,2018,1.778,1.222,0.857,0.857,,,,2018-2026,HN public discussion proxy; not direct sales data
consumer_dyson_vacuum,Dyson Vacuum,Consumer Products,Success,premium vacuum cleaner,19,Upgrade,7,0.75,2,2019,2019,1.778,1.222,0.857,0.857,0,0.714,-0.2,2018-2026,HN public discussion proxy; not direct sales data
consumer_dyson_vacuum,Dyson Vacuum,Consumer Products,Success,premium vacuum cleaner,20,Repeat Purchase,15,0.857,2,2018,2019,1.778,1.222,0.857,0.857,1,0.14,0.02,2018-2026,HN public discussion proxy; not direct sales data
consumer_tile_tracker,Tile Tracker,Consumer Products,Mixed/Declined,item tracker,01,Problem Recognition,6245,1.166,217,2018,2022,0.872,1.022,1.397,1.283,0,0.534,0.257,2018-2026,HN public discussion proxy; not direct sales data
consumer_tile_tracker,Tile Tracker,Consumer Products,Mixed/Declined,item tracker,02,Search,2161,0.278,125,2018,2021,0.872,1.022,1.397,1.283,0,-0.064,0.387,2018-2026,HN public discussion proxy; not direct sales data
consumer_tile_tracker,Tile Tracker,Consumer Products,Mixed/Declined,item tracker,03,Recommendation Seeking,1054,3.797,179,2018,2022,0.872,1.022,1.397,1.283,0,0.127,-0.115,2018-2026,HN public discussion proxy; not direct sales data
consumer_tile_tracker,Tile Tracker,Consumer Products,Mixed/Declined,item tracker,04,Solution Discovery,3767,1.296,236,2018,2025,0.872,1.022,1.397,1.283,0,0.659,0.066,2018-2026,HN public discussion proxy; not direct sales data
consumer_tile_tracker,Tile Tracker,Consumer Products,Mixed/Declined,item tracker,05,Comparison,1541,1.659,79,2018,2025,0.872,1.022,1.397,1.283,0,0.327,-0.056,2018-2026,HN public discussion proxy; not direct sales data
consumer_tile_tracker,Tile Tracker,Consumer Products,Mixed/Declined,item tracker,06,Alternative Seeking,1120,0.795,75,2018,2022,0.872,1.022,1.397,1.283,0,0.159,0.627,2018-2026,HN public discussion proxy; not direct sales data
consumer_tile_tracker,Tile Tracker,Consumer Products,Mixed/Declined,item tracker,07,Vendor / Provider Search,586,1.351,20,2018,2022,0.872,1.022,1.397,1.283,0,0.535,0.446,2018-2026,HN public discussion proxy; not direct sales data
consumer_tile_tracker,Tile Tracker,Consumer Products,Mixed/Declined,item tracker,08,Pricing / Quote,679,1.882,32,2018,2025,0.872,1.022,1.397,1.283,0,0.259,-0.185,2018-2026,HN public discussion proxy; not direct sales data
consumer_tile_tracker,Tile Tracker,Consumer Products,Mixed/Declined,item tracker,09,Purchase Intent,516,1.03,27,2018,2023,0.872,1.022,1.397,1.283,0,0.558,0.295,2018-2026,HN public discussion proxy; not direct sales data
consumer_tile_tracker,Tile Tracker,Consumer Products,Mixed/Declined,item tracker,10,Purchase,953,0.872,32,2018,2022,0.872,1.022,1.397,1.283,0,0.669,0.215,2018-2026,HN public discussion proxy; not direct sales data
consumer_tile_tracker,Tile Tracker,Consumer Products,Mixed/Declined,item tracker,11,Trial,1078,1.611,41,2018,2021,0.872,1.022,1.397,1.283,0,0.49,0.119,2018-2026,HN public discussion proxy; not direct sales data
consumer_tile_tracker,Tile Tracker,Consumer Products,Mixed/Declined,item tracker,12,Installation / Onboarding,1427,1.714,117,2018,2025,0.872,1.022,1.397,1.283,0,-0.211,-0.263,2018-2026,HN public discussion proxy; not direct sales data
consumer_tile_tracker,Tile Tracker,Consumer Products,Mixed/Declined,item tracker,13,Usage,5634,1.022,695,2018,2022,0.872,1.022,1.397,1.283,0,0.992,-0.233,2018-2026,HN public discussion proxy; not direct sales data
consumer_tile_tracker,Tile Tracker,Consumer Products,Mixed/Declined,item tracker,14,Failure / Friction,1841,4.29,363,2018,2025,0.872,1.022,1.397,1.283,0,0.649,-0.197,2018-2026,HN public discussion proxy; not direct sales data
consumer_tile_tracker,Tile Tracker,Consumer Products,Mixed/Declined,item tracker,15,Support,2688,1.598,435,2018,2025,0.872,1.022,1.397,1.283,0,-0.265,-0.504,2018-2026,HN public discussion proxy; not direct sales data
consumer_tile_tracker,Tile Tracker,Consumer Products,Mixed/Declined,item tracker,16,Dissatisfaction,134,1.762,32,2018,2022,0.872,1.022,1.397,1.283,0,0.441,-0.293,2018-2026,HN public discussion proxy; not direct sales data
consumer_tile_tracker,Tile Tracker,Consumer Products,Mixed/Declined,item tracker,17,Replacement,371,1.397,24,2018,2021,0.872,1.022,1.397,1.283,0,0.359,0.19,2018-2026,HN public discussion proxy; not direct sales data
consumer_tile_tracker,Tile Tracker,Consumer Products,Mixed/Declined,item tracker,18,Switching,332,1.9,29,2018,2025,0.872,1.022,1.397,1.283,0,-0.027,-0.111,2018-2026,HN public discussion proxy; not direct sales data
consumer_tile_tracker,Tile Tracker,Consumer Products,Mixed/Declined,item tracker,19,Upgrade,589,1.035,26,2018,2021,0.872,1.022,1.397,1.283,0,0.363,0.844,2018-2026,HN public discussion proxy; not direct sales data
consumer_tile_tracker,Tile Tracker,Consumer Products,Mixed/Declined,item tracker,20,Repeat Purchase,355,1.283,14,2018,2022,0.872,1.022,1.397,1.283,0,0.519,0.139,2018-2026,HN public discussion proxy; not direct sales data
b2b_fractional_cfo,Fractional CFO,B2B Services,Service category,finance leadership service,01,Problem Recognition,228,0.438,35,2018,2022,0.625,0.62,1.0,2.333,0,0.067,0.394,2018-2026,HN public discussion proxy; not direct sales data
b2b_fractional_cfo,Fractional CFO,B2B Services,Service category,finance leadership service,02,Search,109,0.935,20,2018,2018,0.625,0.62,1.0,2.333,0,0.118,-0.603,2018-2026,HN public discussion proxy; not direct sales data
b2b_fractional_cfo,Fractional CFO,B2B Services,Service category,finance leadership service,03,Recommendation Seeking,44,0.833,5,2018,2023,0.625,0.62,1.0,2.333,0,-0.56,0.257,2018-2026,HN public discussion proxy; not direct sales data
b2b_fractional_cfo,Fractional CFO,B2B Services,Service category,finance leadership service,04,Solution Discovery,424,1.21,14,2018,2022,0.625,0.62,1.0,2.333,0,0.244,0.447,2018-2026,HN public discussion proxy; not direct sales data
b2b_fractional_cfo,Fractional CFO,B2B Services,Service category,finance leadership service,05,Comparison,44,2.0,7,2018,2023,0.625,0.62,1.0,2.333,0,0.14,-0.58,2018-2026,HN public discussion proxy; not direct sales data
b2b_fractional_cfo,Fractional CFO,B2B Services,Service category,finance leadership service,06,Alternative Seeking,78,2.0,11,2018,2022,0.625,0.62,1.0,2.333,0,0.373,0.203,2018-2026,HN public discussion proxy; not direct sales data
b2b_fractional_cfo,Fractional CFO,B2B Services,Service category,finance leadership service,07,Vendor / Provider Search,28,0.7,6,2019,2019,0.625,0.62,1.0,2.333,-1,-0.365,0.491,2018-2026,HN public discussion proxy; not direct sales data
b2b_fractional_cfo,Fractional CFO,B2B Services,Service category,finance leadership service,08,Pricing / Quote,31,1.625,7,2018,2026,0.625,0.62,1.0,2.333,0,-0.193,0.12,2018-2026,HN public discussion proxy; not direct sales data
b2b_fractional_cfo,Fractional CFO,B2B Services,Service category,finance leadership service,09,Purchase Intent,23,1.2,4,2019,2020,0.625,0.62,1.0,2.333,-1,0.459,-0.178,2018-2026,HN public discussion proxy; not direct sales data
b2b_fractional_cfo,Fractional CFO,B2B Services,Service category,finance leadership service,10,Purchase,29,0.625,3,2018,2021,0.625,0.62,1.0,2.333,0,-0.111,0.353,2018-2026,HN public discussion proxy; not direct sales data
b2b_fractional_cfo,Fractional CFO,B2B Services,Service category,finance leadership service,11,Trial,57,0.474,7,2018,2019,0.625,0.62,1.0,2.333,0,-0.194,0.698,2018-2026,HN public discussion proxy; not direct sales data
b2b_fractional_cfo,Fractional CFO,B2B Services,Service category,finance leadership service,12,Installation / Onboarding,29,0.25,4,2018,2019,0.625,0.62,1.0,2.333,0,-0.005,0.15,2018-2026,HN public discussion proxy; not direct sales data
b2b_fractional_cfo,Fractional CFO,B2B Services,Service category,finance leadership service,13,Usage,225,0.62,52,2018,2020,0.625,0.62,1.0,2.333,0,0.989,-0.687,2018-2026,HN public discussion proxy; not direct sales data
b2b_fractional_cfo,Fractional CFO,B2B Services,Service category,finance leadership service,14,Failure / Friction,197,0.569,17,2018,2021,0.625,0.62,1.0,2.333,0,0.38,0.219,2018-2026,HN public discussion proxy; not direct sales data
b2b_fractional_cfo,Fractional CFO,B2B Services,Service category,finance leadership service,15,Support,223,0.816,25,2018,2022,0.625,0.62,1.0,2.333,0,0.093,0.442,2018-2026,HN public discussion proxy; not direct sales data
b2b_fractional_cfo,Fractional CFO,B2B Services,Service category,finance leadership service,16,Dissatisfaction,11,0.5,3,2020,2020,0.625,0.62,1.0,2.333,-2,0.309,-0.568,2018-2026,HN public discussion proxy; not direct sales data
b2b_fractional_cfo,Fractional CFO,B2B Services,Service category,finance leadership service,17,Replacement,18,1.0,5,2019,2022,0.625,0.62,1.0,2.333,-1,0.345,-0.159,2018-2026,HN public discussion proxy; not direct sales data
b2b_fractional_cfo,Fractional CFO,B2B Services,Service category,finance leadership service,18,Switching,9,2.0,2,2021,2021,0.625,0.62,1.0,2.333,-3,-0.678,0.636,2018-2026,HN public discussion proxy; not direct sales data
b2b_fractional_cfo,Fractional CFO,B2B Services,Service category,finance leadership service,19,Upgrade,17,0.286,3,2019,2019,0.625,0.62,1.0,2.333,-1,-0.336,0.686,2018-2026,HN public discussion proxy; not direct sales data
b2b_fractional_cfo,Fractional CFO,B2B Services,Service category,finance leadership service,20,Repeat Purchase,13,2.333,5,2021,2026,0.625,0.62,1.0,2.333,-3,0.041,0.653,2018-2026,HN public discussion proxy; not direct sales data
b2b_dev_shop,Software Development Agency,B2B Services,Service category,outsourced software development,01,Problem Recognition,185,1.091,9,2018,2022,0.625,1.361,0.667,1.0,0,0.087,0.254,2018-2026,HN public discussion proxy; not direct sales data
b2b_dev_shop,Software Development Agency,B2B Services,Service category,outsourced software development,02,Search,268,0.754,19,2018,2023,0.625,1.361,0.667,1.0,0,0.338,-0.447,2018-2026,HN public discussion proxy; not direct sales data
b2b_dev_shop,Software Development Agency,B2B Services,Service category,outsourced software development,03,Recommendation Seeking,33,1.25,5,2020,2024,0.625,1.361,0.667,1.0,-2,-0.116,0.295,2018-2026,HN public discussion proxy; not direct sales data
b2b_dev_shop,Software Development Agency,B2B Services,Service category,outsourced software development,04,Solution Discovery,204,1.727,17,2018,2022,0.625,1.361,0.667,1.0,0,0.046,-0.086,2018-2026,HN public discussion proxy; not direct sales data
b2b_dev_shop,Software Development Agency,B2B Services,Service category,outsourced software development,05,Comparison,22,4.0,8,2020,2025,0.625,1.361,0.667,1.0,-2,0.736,-0.349,2018-2026,HN public discussion proxy; not direct sales data
b2b_dev_shop,Software Development Agency,B2B Services,Service category,outsourced software development,06,Alternative Seeking,30,3.0,7,2018,2021,0.625,1.361,0.667,1.0,0,0.331,0.332,2018-2026,HN public discussion proxy; not direct sales data
b2b_dev_shop,Software Development Agency,B2B Services,Service category,outsourced software development,07,Vendor / Provider Search,30,2.75,2,2019,2024,0.625,1.361,0.667,1.0,-1,0.184,0.138,2018-2026,HN public discussion proxy; not direct sales data
b2b_dev_shop,Software Development Agency,B2B Services,Service category,outsourced software development,08,Pricing / Quote,10,1.25,2,2018,2024,0.625,1.361,0.667,1.0,0,-0.725,0.57,2018-2026,HN public discussion proxy; not direct sales data
b2b_dev_shop,Software Development Agency,B2B Services,Service category,outsourced software development,09,Purchase Intent,16,1.0,3,2018,2022,0.625,1.361,0.667,1.0,0,0.019,0.025,2018-2026,HN public discussion proxy; not direct sales data
b2b_dev_shop,Software Development Agency,B2B Services,Service category,outsourced software development,10,Purchase,15,0.625,2,2018,2019,0.625,1.361,0.667,1.0,0,0.36,-0.731,2018-2026,HN public discussion proxy; not direct sales data
b2b_dev_shop,Software Development Agency,B2B Services,Service category,outsourced software development,11,Trial,14,2.667,5,2021,2025,0.625,1.361,0.667,1.0,-3,0.838,-0.522,2018-2026,HN public discussion proxy; not direct sales data
b2b_dev_shop,Software Development Agency,B2B Services,Service category,outsourced software development,12,Installation / Onboarding,20,1.167,3,2018,2020,0.625,1.361,0.667,1.0,0,-0.262,0.622,2018-2026,HN public discussion proxy; not direct sales data
b2b_dev_shop,Software Development Agency,B2B Services,Service category,outsourced software development,13,Usage,188,1.361,16,2018,2025,0.625,1.361,0.667,1.0,0,0.988,-0.46,2018-2026,HN public discussion proxy; not direct sales data
b2b_dev_shop,Software Development Agency,B2B Services,Service category,outsourced software development,14,Failure / Friction,150,1.111,12,2018,2022,0.625,1.361,0.667,1.0,0,0.408,-0.091,2018-2026,HN public discussion proxy; not direct sales data
b2b_dev_shop,Software Development Agency,B2B Services,Service category,outsourced software development,15,Support,134,1.526,11,2018,2022,0.625,1.361,0.667,1.0,0,0.578,-0.429,2018-2026,HN public discussion proxy; not direct sales data
b2b_dev_shop,Software Development Agency,B2B Services,Service category,outsourced software development,16,Dissatisfaction,2,1.0,1,,2021,0.625,1.361,0.667,1.0,,0.503,-0.023,2018-2026,HN public discussion proxy; not direct sales data
b2b_dev_shop,Software Development Agency,B2B Services,Service category,outsourced software development,17,Replacement,4,0.667,1,,2018,0.625,1.361,0.667,1.0,,0.011,-0.157,2018-2026,HN public discussion proxy; not direct sales data
b2b_dev_shop,Software Development Agency,B2B Services,Service category,outsourced software development,18,Switching,6,0.75,2,2018,2018,0.625,1.361,0.667,1.0,0,0.02,-0.415,2018-2026,HN public discussion proxy; not direct sales data
b2b_dev_shop,Software Development Agency,B2B Services,Service category,outsourced software development,19,Upgrade,16,0.5,3,2018,2018,0.625,1.361,0.667,1.0,0,-0.235,0.481,2018-2026,HN public discussion proxy; not direct sales data
b2b_dev_shop,Software Development Agency,B2B Services,Service category,outsourced software development,20,Repeat Purchase,6,1.0,2,2018,2018,0.625,1.361,0.667,1.0,0,-0.808,0.639,2018-2026,HN public discussion proxy; not direct sales data
b2b_cybersecurity_consulting,Cybersecurity Consulting,B2B Services,Service category,security consulting,01,Problem Recognition,33,0.667,4,2018,2022,0.5,1.125,1.0,1.0,0,-0.291,0.668,2018-2026,HN public discussion proxy; not direct sales data
b2b_cybersecurity_consulting,Cybersecurity Consulting,B2B Services,Service category,security consulting,02,Search,65,3.0,9,2020,2021,0.5,1.125,1.0,1.0,-2,-0.411,0.006,2018-2026,HN public discussion proxy; not direct sales data
b2b_cybersecurity_consulting,Cybersecurity Consulting,B2B Services,Service category,security consulting,03,Recommendation Seeking,8,1.667,3,2020,2025,0.5,1.125,1.0,1.0,-2,0.079,-0.516,2018-2026,HN public discussion proxy; not direct sales data
b2b_cybersecurity_consulting,Cybersecurity Consulting,B2B Services,Service category,security consulting,04,Solution Discovery,28,3.667,6,2020,2022,0.5,1.125,1.0,1.0,-2,-0.275,0.153,2018-2026,HN public discussion proxy; not direct sales data
b2b_cybersecurity_consulting,Cybersecurity Consulting,B2B Services,Service category,security consulting,05,Comparison,5,0.75,1,2018,2018,0.5,1.125,1.0,1.0,0,-0.115,0.061,2018-2026,HN public discussion proxy; not direct sales data
b2b_cybersecurity_consulting,Cybersecurity Consulting,B2B Services,Service category,security consulting,06,Alternative Seeking,4,1.5,2,2022,2022,0.5,1.125,1.0,1.0,-4,0.115,0.448,2018-2026,HN public discussion proxy; not direct sales data
b2b_cybersecurity_consulting,Cybersecurity Consulting,B2B Services,Service category,security consulting,07,Vendor / Provider Search,9,1.5,2,2023,2023,0.5,1.125,1.0,1.0,-5,0.289,0.124,2018-2026,HN public discussion proxy; not direct sales data
b2b_cybersecurity_consulting,Cybersecurity Consulting,B2B Services,Service category,security consulting,08,Pricing / Quote,2,1.0,1,,2020,0.5,1.125,1.0,1.0,,0.189,-0.646,2018-2026,HN public discussion proxy; not direct sales data
b2b_cybersecurity_consulting,Cybersecurity Consulting,B2B Services,Service category,security consulting,09,Purchase Intent,2,0.667,1,,2019,0.5,1.125,1.0,1.0,,0.378,0.547,2018-2026,HN public discussion proxy; not direct sales data
b2b_cybersecurity_consulting,Cybersecurity Consulting,B2B Services,Service category,security consulting,10,Purchase,3,0.5,1,2018,2018,0.5,1.125,1.0,1.0,0,-0.118,-0.17,2018-2026,HN public discussion proxy; not direct sales data
b2b_cybersecurity_consulting,Cybersecurity Consulting,B2B Services,Service category,security consulting,11,Trial,4,1.333,1,,2018,0.5,1.125,1.0,1.0,,-0.158,-0.6,2018-2026,HN public discussion proxy; not direct sales data
b2b_cybersecurity_consulting,Cybersecurity Consulting,B2B Services,Service category,security consulting,12,Installation / Onboarding,9,0.8,1,2019,2019,0.5,1.125,1.0,1.0,-1,0.0,0.689,2018-2026,HN public discussion proxy; not direct sales data
b2b_cybersecurity_consulting,Cybersecurity Consulting,B2B Services,Service category,security consulting,13,Usage,33,1.125,4,2019,2023,0.5,1.125,1.0,1.0,-1,0.914,-0.138,2018-2026,HN public discussion proxy; not direct sales data
b2b_cybersecurity_consulting,Cybersecurity Consulting,B2B Services,Service category,security consulting,14,Failure / Friction,19,0.571,3,2018,2023,0.5,1.125,1.0,1.0,0,0.794,-0.184,2018-2026,HN public discussion proxy; not direct sales data
b2b_cybersecurity_consulting,Cybersecurity Consulting,B2B Services,Service category,security consulting,15,Support,36,2.667,11,2020,2021,0.5,1.125,1.0,1.0,-2,-0.642,0.148,2018-2026,HN public discussion proxy; not direct sales data
b2b_cybersecurity_consulting,Cybersecurity Consulting,B2B Services,Service category,security consulting,16,Dissatisfaction,0,1.0,0,,2018,0.5,1.125,1.0,1.0,,,,2018-2026,HN public discussion proxy; not direct sales data
b2b_cybersecurity_consulting,Cybersecurity Consulting,B2B Services,Service category,security consulting,17,Replacement,0,1.0,0,,2018,0.5,1.125,1.0,1.0,,,,2018-2026,HN public discussion proxy; not direct sales data
b2b_cybersecurity_consulting,Cybersecurity Consulting,B2B Services,Service category,security consulting,18,Switching,0,1.0,0,,2018,0.5,1.125,1.0,1.0,,,,2018-2026,HN public discussion proxy; not direct sales data
b2b_cybersecurity_consulting,Cybersecurity Consulting,B2B Services,Service category,security consulting,19,Upgrade,3,1.0,2,2020,2020,0.5,1.125,1.0,1.0,-2,0.471,-0.788,2018-2026,HN public discussion proxy; not direct sales data
b2b_cybersecurity_consulting,Cybersecurity Consulting,B2B Services,Service category,security consulting,20,Repeat Purchase,0,1.0,0,,2018,0.5,1.125,1.0,1.0,,,,2018-2026,HN public discussion proxy; not direct sales data
b2b_hr_outsourcing,HR Outsourcing,B2B Services,Service category,outsourced HR operations,01,Problem Recognition,22,1.5,3,2020,2022,1.0,0.857,1.5,1.5,,0.111,-0.055,2018-2026,HN public discussion proxy; not direct sales data
b2b_hr_outsourcing,HR Outsourcing,B2B Services,Service category,outsourced HR operations,02,Search,18,0.8,3,2019,2021,1.0,0.857,1.5,1.5,,-0.224,0.46,2018-2026,HN public discussion proxy; not direct sales data
b2b_hr_outsourcing,HR Outsourcing,B2B Services,Service category,outsourced HR operations,03,Recommendation Seeking,3,0.667,1,,2019,1.0,0.857,1.5,1.5,,0.277,-0.518,2018-2026,HN public discussion proxy; not direct sales data
b2b_hr_outsourcing,HR Outsourcing,B2B Services,Service category,outsourced HR operations,04,Solution Discovery,12,0.667,3,2018,2021,1.0,0.857,1.5,1.5,,0.336,0.213,2018-2026,HN public discussion proxy; not direct sales data
b2b_hr_outsourcing,HR Outsourcing,B2B Services,Service category,outsourced HR operations,05,Comparison,7,0.4,1,2018,2018,1.0,0.857,1.5,1.5,,-0.609,0.185,2018-2026,HN public discussion proxy; not direct sales data
b2b_hr_outsourcing,HR Outsourcing,B2B Services,Service category,outsourced HR operations,06,Alternative Seeking,8,0.286,5,2019,2019,1.0,0.857,1.5,1.5,,0.412,-0.423,2018-2026,HN public discussion proxy; not direct sales data
b2b_hr_outsourcing,HR Outsourcing,B2B Services,Service category,outsourced HR operations,07,Vendor / Provider Search,3,0.667,1,,2018,1.0,0.857,1.5,1.5,,0.158,0.11,2018-2026,HN public discussion proxy; not direct sales data
b2b_hr_outsourcing,HR Outsourcing,B2B Services,Service category,outsourced HR operations,08,Pricing / Quote,2,1.0,1,,2021,1.0,0.857,1.5,1.5,,-0.06,0.316,2018-2026,HN public discussion proxy; not direct sales data
b2b_hr_outsourcing,HR Outsourcing,B2B Services,Service category,outsourced HR operations,09,Purchase Intent,2,2.0,1,,2025,1.0,0.857,1.5,1.5,,0.344,-0.069,2018-2026,HN public discussion proxy; not direct sales data
b2b_hr_outsourcing,HR Outsourcing,B2B Services,Service category,outsourced HR operations,10,Purchase,3,1.0,1,,2019,1.0,0.857,1.5,1.5,,0.87,-0.267,2018-2026,HN public discussion proxy; not direct sales data
b2b_hr_outsourcing,HR Outsourcing,B2B Services,Service category,outsourced HR operations,11,Trial,5,1.0,2,2021,2021,1.0,0.857,1.5,1.5,,-0.417,0.709,2018-2026,HN public discussion proxy; not direct sales data
b2b_hr_outsourcing,HR Outsourcing,B2B Services,Service category,outsourced HR operations,12,Installation / Onboarding,2,1.5,1,,2020,1.0,0.857,1.5,1.5,,0.075,-0.386,2018-2026,HN public discussion proxy; not direct sales data
b2b_hr_outsourcing,HR Outsourcing,B2B Services,Service category,outsourced HR operations,13,Usage,13,0.857,3,2019,2019,1.0,0.857,1.5,1.5,,0.869,-0.587,2018-2026,HN public discussion proxy; not direct sales data
b2b_hr_outsourcing,HR Outsourcing,B2B Services,Service category,outsourced HR operations,14,Failure / Friction,34,0.429,8,2018,2019,1.0,0.857,1.5,1.5,,0.393,-0.336,2018-2026,HN public discussion proxy; not direct sales data
b2b_hr_outsourcing,HR Outsourcing,B2B Services,Service category,outsourced HR operations,15,Support,12,2.333,5,2020,2025,1.0,0.857,1.5,1.5,,0.32,-0.531,2018-2026,HN public discussion proxy; not direct sales data
b2b_hr_outsourcing,HR Outsourcing,B2B Services,Service category,outsourced HR operations,16,Dissatisfaction,0,1.0,0,,2018,1.0,0.857,1.5,1.5,,,,2018-2026,HN public discussion proxy; not direct sales data
b2b_hr_outsourcing,HR Outsourcing,B2B Services,Service category,outsourced HR operations,17,Replacement,3,1.5,2,2022,2022,1.0,0.857,1.5,1.5,,0.28,0.115,2018-2026,HN public discussion proxy; not direct sales data
b2b_hr_outsourcing,HR Outsourcing,B2B Services,Service category,outsourced HR operations,18,Switching,0,1.0,0,,2018,1.0,0.857,1.5,1.5,,,,2018-2026,HN public discussion proxy; not direct sales data
b2b_hr_outsourcing,HR Outsourcing,B2B Services,Service category,outsourced HR operations,19,Upgrade,0,1.0,0,,2018,1.0,0.857,1.5,1.5,,,,2018-2026,HN public discussion proxy; not direct sales data
b2b_hr_outsourcing,HR Outsourcing,B2B Services,Service category,outsourced HR operations,20,Repeat Purchase,1,1.5,1,,2025,1.0,0.857,1.5,1.5,,0.494,-0.069,2018-2026,HN public discussion proxy; not direct sales data
b2b_logistics_broker,Logistics Broker,B2B Services,Service category,freight and logistics brokerage,01,Problem Recognition,76,1.0,4,2018,2022,1.0,1.667,1.5,1.5,2,0.69,0.135,2018-2026,HN public discussion proxy; not direct sales data
b2b_logistics_broker,Logistics Broker,B2B Services,Service category,freight and logistics brokerage,02,Search,20,1.167,4,2019,2022,1.0,1.667,1.5,1.5,1,0.566,-0.496,2018-2026,HN public discussion proxy; not direct sales data
b2b_logistics_broker,Logistics Broker,B2B Services,Service category,freight and logistics brokerage,03,Recommendation Seeking,12,0.75,1,2020,2020,1.0,1.667,1.5,1.5,0,0.213,0.944,2018-2026,HN public discussion proxy; not direct sales data
b2b_logistics_broker,Logistics Broker,B2B Services,Service category,freight and logistics brokerage,04,Solution Discovery,36,1.556,3,2018,2025,1.0,1.667,1.5,1.5,2,0.221,0.033,2018-2026,HN public discussion proxy; not direct sales data
b2b_logistics_broker,Logistics Broker,B2B Services,Service category,freight and logistics brokerage,05,Comparison,12,1.4,3,2019,2019,1.0,1.667,1.5,1.5,1,0.33,-0.55,2018-2026,HN public discussion proxy; not direct sales data
b2b_logistics_broker,Logistics Broker,B2B Services,Service category,freight and logistics brokerage,06,Alternative Seeking,14,0.5,3,2019,2023,1.0,1.667,1.5,1.5,1,-0.043,0.204,2018-2026,HN public discussion proxy; not direct sales data
b2b_logistics_broker,Logistics Broker,B2B Services,Service category,freight and logistics brokerage,07,Vendor / Provider Search,7,1.333,2,2020,2020,1.0,1.667,1.5,1.5,0,0.467,-0.266,2018-2026,HN public discussion proxy; not direct sales data
b2b_logistics_broker,Logistics Broker,B2B Services,Service category,freight and logistics brokerage,08,Pricing / Quote,13,3.0,3,2020,2022,1.0,1.667,1.5,1.5,0,0.683,0.104,2018-2026,HN public discussion proxy; not direct sales data
b2b_logistics_broker,Logistics Broker,B2B Services,Service category,freight and logistics brokerage,09,Purchase Intent,8,1.0,2,2020,2020,1.0,1.667,1.5,1.5,0,-0.546,0.652,2018-2026,HN public discussion proxy; not direct sales data
b2b_logistics_broker,Logistics Broker,B2B Services,Service category,freight and logistics brokerage,10,Purchase,13,1.0,2,2020,2021,1.0,1.667,1.5,1.5,0,0.014,0.347,2018-2026,HN public discussion proxy; not direct sales data
b2b_logistics_broker,Logistics Broker,B2B Services,Service category,freight and logistics brokerage,11,Trial,16,1.25,3,2019,2021,1.0,1.667,1.5,1.5,1,0.342,0.581,2018-2026,HN public discussion proxy; not direct sales data
b2b_logistics_broker,Logistics Broker,B2B Services,Service category,freight and logistics brokerage,12,Installation / Onboarding,12,0.8,1,2019,2020,1.0,1.667,1.5,1.5,1,-0.152,0.461,2018-2026,HN public discussion proxy; not direct sales data
b2b_logistics_broker,Logistics Broker,B2B Services,Service category,freight and logistics brokerage,13,Usage,49,1.667,12,2018,2025,1.0,1.667,1.5,1.5,2,0.954,-0.5,2018-2026,HN public discussion proxy; not direct sales data
b2b_logistics_broker,Logistics Broker,B2B Services,Service category,freight and logistics brokerage,14,Failure / Friction,37,1.8,5,2019,2020,1.0,1.667,1.5,1.5,1,0.027,0.807,2018-2026,HN public discussion proxy; not direct sales data
b2b_logistics_broker,Logistics Broker,B2B Services,Service category,freight and logistics brokerage,15,Support,49,1.083,4,2018,2023,1.0,1.667,1.5,1.5,2,0.434,-0.484,2018-2026,HN public discussion proxy; not direct sales data
b2b_logistics_broker,Logistics Broker,B2B Services,Service category,freight and logistics brokerage,16,Dissatisfaction,2,0.5,2,2019,2019,1.0,1.667,1.5,1.5,1,-0.075,-0.357,2018-2026,HN public discussion proxy; not direct sales data
b2b_logistics_broker,Logistics Broker,B2B Services,Service category,freight and logistics brokerage,17,Replacement,13,1.5,3,2019,2022,1.0,1.667,1.5,1.5,1,-0.139,0.193,2018-2026,HN public discussion proxy; not direct sales data
b2b_logistics_broker,Logistics Broker,B2B Services,Service category,freight and logistics brokerage,18,Switching,2,1.5,1,,2023,1.0,1.667,1.5,1.5,,-0.05,-0.455,2018-2026,HN public discussion proxy; not direct sales data
b2b_logistics_broker,Logistics Broker,B2B Services,Service category,freight and logistics brokerage,19,Upgrade,7,1.0,3,2023,2023,1.0,1.667,1.5,1.5,-3,-0.065,-0.261,2018-2026,HN public discussion proxy; not direct sales data
b2b_logistics_broker,Logistics Broker,B2B Services,Service category,freight and logistics brokerage,20,Repeat Purchase,5,1.5,1,,2021,1.0,1.667,1.5,1.5,,0.726,0.059,2018-2026,HN public discussion proxy; not direct sales data
pro_therapy_service,Therapy Service,Professional Services,Service category,mental health service,01,Problem Recognition,241,0.918,21,2018,2022,1.0,0.357,1.2,2.75,0,0.001,0.327,2018-2026,HN public discussion proxy; not direct sales data
pro_therapy_service,Therapy Service,Professional Services,Service category,mental health service,02,Search,95,1.0,7,2018,2021,1.0,0.357,1.2,2.75,0,0.404,0.224,2018-2026,HN public discussion proxy; not direct sales data
pro_therapy_service,Therapy Service,Professional Services,Service category,mental health service,03,Recommendation Seeking,86,0.476,5,2018,2022,1.0,0.357,1.2,2.75,0,0.78,0.751,2018-2026,HN public discussion proxy; not direct sales data
pro_therapy_service,Therapy Service,Professional Services,Service category,mental health service,04,Solution Discovery,146,0.677,14,2018,2020,1.0,0.357,1.2,2.75,0,0.754,0.238,2018-2026,HN public discussion proxy; not direct sales data
pro_therapy_service,Therapy Service,Professional Services,Service category,mental health service,05,Comparison,45,1.375,2,2018,2022,1.0,0.357,1.2,2.75,0,0.015,0.457,2018-2026,HN public discussion proxy; not direct sales data
pro_therapy_service,Therapy Service,Professional Services,Service category,mental health service,06,Alternative Seeking,83,0.875,7,2018,2021,1.0,0.357,1.2,2.75,0,0.537,-0.287,2018-2026,HN public discussion proxy; not direct sales data
pro_therapy_service,Therapy Service,Professional Services,Service category,mental health service,07,Vendor / Provider Search,29,1.0,6,2018,2025,1.0,0.357,1.2,2.75,0,-0.008,-0.587,2018-2026,HN public discussion proxy; not direct sales data
pro_therapy_service,Therapy Service,Professional Services,Service category,mental health service,08,Pricing / Quote,45,1.1,7,2019,2022,1.0,0.357,1.2,2.75,-1,0.234,0.484,2018-2026,HN public discussion proxy; not direct sales data
pro_therapy_service,Therapy Service,Professional Services,Service category,mental health service,09,Purchase Intent,42,1.1,6,2019,2019,1.0,0.357,1.2,2.75,-1,0.323,0.133,2018-2026,HN public discussion proxy; not direct sales data
pro_therapy_service,Therapy Service,Professional Services,Service category,mental health service,10,Purchase,25,1.0,6,2018,2023,1.0,0.357,1.2,2.75,0,0.381,0.003,2018-2026,HN public discussion proxy; not direct sales data
pro_therapy_service,Therapy Service,Professional Services,Service category,mental health service,11,Trial,50,0.5,3,2018,2019,1.0,0.357,1.2,2.75,0,0.451,0.323,2018-2026,HN public discussion proxy; not direct sales data
pro_therapy_service,Therapy Service,Professional Services,Service category,mental health service,12,Installation / Onboarding,39,3.5,8,2019,2021,1.0,0.357,1.2,2.75,-1,-0.271,-0.338,2018-2026,HN public discussion proxy; not direct sales data
pro_therapy_service,Therapy Service,Professional Services,Service category,mental health service,13,Usage,215,0.357,16,2018,2023,1.0,0.357,1.2,2.75,0,0.945,0.395,2018-2026,HN public discussion proxy; not direct sales data
pro_therapy_service,Therapy Service,Professional Services,Service category,mental health service,14,Failure / Friction,135,1.812,13,2018,2021,1.0,0.357,1.2,2.75,0,0.149,-0.255,2018-2026,HN public discussion proxy; not direct sales data
pro_therapy_service,Therapy Service,Professional Services,Service category,mental health service,15,Support,227,1.275,17,2018,2021,1.0,0.357,1.2,2.75,0,0.378,-0.254,2018-2026,HN public discussion proxy; not direct sales data
pro_therapy_service,Therapy Service,Professional Services,Service category,mental health service,16,Dissatisfaction,4,1.0,1,,2019,1.0,0.357,1.2,2.75,,0.19,-0.712,2018-2026,HN public discussion proxy; not direct sales data
pro_therapy_service,Therapy Service,Professional Services,Service category,mental health service,17,Replacement,21,1.2,3,2018,2021,1.0,0.357,1.2,2.75,0,0.232,0.115,2018-2026,HN public discussion proxy; not direct sales data
pro_therapy_service,Therapy Service,Professional Services,Service category,mental health service,18,Switching,14,1.25,2,2020,2024,1.0,0.357,1.2,2.75,-2,0.398,-0.811,2018-2026,HN public discussion proxy; not direct sales data
pro_therapy_service,Therapy Service,Professional Services,Service category,mental health service,19,Upgrade,20,1.667,2,2020,2021,1.0,0.357,1.2,2.75,-2,0.364,0.158,2018-2026,HN public discussion proxy; not direct sales data
pro_therapy_service,Therapy Service,Professional Services,Service category,mental health service,20,Repeat Purchase,27,2.75,3,2018,2025,1.0,0.357,1.2,2.75,0,0.04,-0.556,2018-2026,HN public discussion proxy; not direct sales data
pro_financial_advisor,Financial Advisor,Professional Services,Service category,financial planning,01,Problem Recognition,185,0.442,9,2018,2022,0.875,0.864,0.75,0.5,0,0.697,0.679,2018-2026,HN public discussion proxy; not direct sales data
pro_financial_advisor,Financial Advisor,Professional Services,Service category,financial planning,02,Search,238,0.6,9,2018,2019,0.875,0.864,0.75,0.5,0,0.795,0.329,2018-2026,HN public discussion proxy; not direct sales data
pro_financial_advisor,Financial Advisor,Professional Services,Service category,financial planning,03,Recommendation Seeking,161,1.097,12,2018,2020,0.875,0.864,0.75,0.5,0,0.52,-0.18,2018-2026,HN public discussion proxy; not direct sales data
pro_financial_advisor,Financial Advisor,Professional Services,Service category,financial planning,04,Solution Discovery,268,1.075,13,2018,2022,0.875,0.864,0.75,0.5,0,0.722,0.237,2018-2026,HN public discussion proxy; not direct sales data
pro_financial_advisor,Financial Advisor,Professional Services,Service category,financial planning,05,Comparison,59,1.231,4,2018,2020,0.875,0.864,0.75,0.5,0,-0.151,0.157,2018-2026,HN public discussion proxy; not direct sales data
pro_financial_advisor,Financial Advisor,Professional Services,Service category,financial planning,06,Alternative Seeking,72,0.381,5,2018,2020,0.875,0.864,0.75,0.5,0,0.401,0.905,2018-2026,HN public discussion proxy; not direct sales data
pro_financial_advisor,Financial Advisor,Professional Services,Service category,financial planning,07,Vendor / Provider Search,22,0.429,3,2018,2020,0.875,0.864,0.75,0.5,0,0.43,0.237,2018-2026,HN public discussion proxy; not direct sales data
pro_financial_advisor,Financial Advisor,Professional Services,Service category,financial planning,08,Pricing / Quote,46,0.75,9,2018,2023,0.875,0.864,0.75,0.5,0,0.205,-0.112,2018-2026,HN public discussion proxy; not direct sales data
pro_financial_advisor,Financial Advisor,Professional Services,Service category,financial planning,09,Purchase Intent,76,0.474,9,2018,2021,0.875,0.864,0.75,0.5,0,0.568,0.713,2018-2026,HN public discussion proxy; not direct sales data
pro_financial_advisor,Financial Advisor,Professional Services,Service category,financial planning,10,Purchase,56,0.875,5,2018,2018,0.875,0.864,0.75,0.5,0,0.254,0.149,2018-2026,HN public discussion proxy; not direct sales data
pro_financial_advisor,Financial Advisor,Professional Services,Service category,financial planning,11,Trial,61,1.231,4,2018,2020,0.875,0.864,0.75,0.5,0,-0.243,0.718,2018-2026,HN public discussion proxy; not direct sales data
pro_financial_advisor,Financial Advisor,Professional Services,Service category,financial planning,12,Installation / Onboarding,11,1.333,2,2021,2021,0.875,0.864,0.75,0.5,-3,0.047,0.458,2018-2026,HN public discussion proxy; not direct sales data
pro_financial_advisor,Financial Advisor,Professional Services,Service category,financial planning,13,Usage,190,0.864,7,2018,2020,0.875,0.864,0.75,0.5,0,0.693,-0.17,2018-2026,HN public discussion proxy; not direct sales data
pro_financial_advisor,Financial Advisor,Professional Services,Service category,financial planning,14,Failure / Friction,149,0.528,7,2018,2023,0.875,0.864,0.75,0.5,0,0.764,0.265,2018-2026,HN public discussion proxy; not direct sales data
pro_financial_advisor,Financial Advisor,Professional Services,Service category,financial planning,15,Support,196,1.686,9,2018,2023,0.875,0.864,0.75,0.5,0,-0.306,-0.881,2018-2026,HN public discussion proxy; not direct sales data
pro_financial_advisor,Financial Advisor,Professional Services,Service category,financial planning,16,Dissatisfaction,8,1.0,2,2020,2022,0.875,0.864,0.75,0.5,-2,0.355,0.579,2018-2026,HN public discussion proxy; not direct sales data
pro_financial_advisor,Financial Advisor,Professional Services,Service category,financial planning,17,Replacement,12,0.75,2,2019,2023,0.875,0.864,0.75,0.5,-1,0.296,0.226,2018-2026,HN public discussion proxy; not direct sales data
pro_financial_advisor,Financial Advisor,Professional Services,Service category,financial planning,18,Switching,5,0.75,2,2021,2021,0.875,0.864,0.75,0.5,-3,0.217,0.188,2018-2026,HN public discussion proxy; not direct sales data
pro_financial_advisor,Financial Advisor,Professional Services,Service category,financial planning,19,Upgrade,9,1.0,2,2018,2018,0.875,0.864,0.75,0.5,0,0.059,0.466,2018-2026,HN public discussion proxy; not direct sales data
pro_financial_advisor,Financial Advisor,Professional Services,Service category,financial planning,20,Repeat Purchase,39,0.5,5,2018,2022,0.875,0.864,0.75,0.5,0,0.73,0.303,2018-2026,HN public discussion proxy; not direct sales data
pro_real_estate_agent,Real Estate Agent,Professional Services,Service category,home buying/selling service,01,Problem Recognition,1579,1.68,66,2018,2026,0.737,2.458,2.182,0.656,0,0.915,0.399,2018-2026,HN public discussion proxy; not direct sales data
pro_real_estate_agent,Real Estate Agent,Professional Services,Service category,home buying/selling service,02,Search,621,1.621,33,2018,2026,0.737,2.458,2.182,0.656,0,0.772,0.501,2018-2026,HN public discussion proxy; not direct sales data
pro_real_estate_agent,Real Estate Agent,Professional Services,Service category,home buying/selling service,03,Recommendation Seeking,175,1.591,10,2018,2024,0.737,2.458,2.182,0.656,0,0.487,0.41,2018-2026,HN public discussion proxy; not direct sales data
pro_real_estate_agent,Real Estate Agent,Professional Services,Service category,home buying/selling service,04,Solution Discovery,736,2.038,49,2018,2026,0.737,2.458,2.182,0.656,0,0.717,0.363,2018-2026,HN public discussion proxy; not direct sales data
pro_real_estate_agent,Real Estate Agent,Professional Services,Service category,home buying/selling service,05,Comparison,355,3.027,18,2018,2026,0.737,2.458,2.182,0.656,0,0.9,0.573,2018-2026,HN public discussion proxy; not direct sales data
pro_real_estate_agent,Real Estate Agent,Professional Services,Service category,home buying/selling service,06,Alternative Seeking,248,1.18,18,2018,2021,0.737,2.458,2.182,0.656,0,0.492,-0.045,2018-2026,HN public discussion proxy; not direct sales data
pro_real_estate_agent,Real Estate Agent,Professional Services,Service category,home buying/selling service,07,Vendor / Provider Search,113,1.944,9,2018,2026,0.737,2.458,2.182,0.656,0,0.659,0.471,2018-2026,HN public discussion proxy; not direct sales data
pro_real_estate_agent,Real Estate Agent,Professional Services,Service category,home buying/selling service,08,Pricing / Quote,193,3.4,11,2018,2025,0.737,2.458,2.182,0.656,0,0.854,0.645,2018-2026,HN public discussion proxy; not direct sales data
pro_real_estate_agent,Real Estate Agent,Professional Services,Service category,home buying/selling service,09,Purchase Intent,234,0.706,23,2018,2023,0.737,2.458,2.182,0.656,0,0.083,-0.202,2018-2026,HN public discussion proxy; not direct sales data
pro_real_estate_agent,Real Estate Agent,Professional Services,Service category,home buying/selling service,10,Purchase,299,0.737,20,2018,2021,0.737,2.458,2.182,0.656,0,0.18,-0.144,2018-2026,HN public discussion proxy; not direct sales data
pro_real_estate_agent,Real Estate Agent,Professional Services,Service category,home buying/selling service,11,Trial,230,3.68,23,2018,2026,0.737,2.458,2.182,0.656,0,0.865,0.36,2018-2026,HN public discussion proxy; not direct sales data
pro_real_estate_agent,Real Estate Agent,Professional Services,Service category,home buying/selling service,12,Installation / Onboarding,216,3.759,39,2018,2026,0.737,2.458,2.182,0.656,0,0.646,0.439,2018-2026,HN public discussion proxy; not direct sales data
pro_real_estate_agent,Real Estate Agent,Professional Services,Service category,home buying/selling service,13,Usage,1123,2.458,58,2018,2026,0.737,2.458,2.182,0.656,0,0.923,0.388,2018-2026,HN public discussion proxy; not direct sales data
pro_real_estate_agent,Real Estate Agent,Professional Services,Service category,home buying/selling service,14,Failure / Friction,561,2.137,40,2018,2026,0.737,2.458,2.182,0.656,0,0.707,0.292,2018-2026,HN public discussion proxy; not direct sales data
pro_real_estate_agent,Real Estate Agent,Professional Services,Service category,home buying/selling service,15,Support,727,2.167,43,2018,2025,0.737,2.458,2.182,0.656,0,0.853,0.477,2018-2026,HN public discussion proxy; not direct sales data
pro_real_estate_agent,Real Estate Agent,Professional Services,Service category,home buying/selling service,16,Dissatisfaction,43,1.125,5,2018,2021,0.737,2.458,2.182,0.656,0,0.413,-0.115,2018-2026,HN public discussion proxy; not direct sales data
pro_real_estate_agent,Real Estate Agent,Professional Services,Service category,home buying/selling service,17,Replacement,70,2.182,5,2018,2025,0.737,2.458,2.182,0.656,0,0.821,0.492,2018-2026,HN public discussion proxy; not direct sales data
pro_real_estate_agent,Real Estate Agent,Professional Services,Service category,home buying/selling service,18,Switching,41,4.5,4,2018,2025,0.737,2.458,2.182,0.656,0,0.585,0.699,2018-2026,HN public discussion proxy; not direct sales data
pro_real_estate_agent,Real Estate Agent,Professional Services,Service category,home buying/selling service,19,Upgrade,71,4.6,5,2019,2024,0.737,2.458,2.182,0.656,-1,0.753,0.709,2018-2026,HN public discussion proxy; not direct sales data
pro_real_estate_agent,Real Estate Agent,Professional Services,Service category,home buying/selling service,20,Repeat Purchase,161,0.656,10,2018,2022,0.737,2.458,2.182,0.656,0,0.029,-0.001,2018-2026,HN public discussion proxy; not direct sales data
pro_tutoring_service,Tutoring Service,Professional Services,Service category,education support,01,Problem Recognition,196,1.206,9,2018,2022,1.25,1.1,0.667,1.333,4,0.722,0.047,2018-2026,HN public discussion proxy; not direct sales data
pro_tutoring_service,Tutoring Service,Professional Services,Service category,education support,02,Search,83,0.8,6,2018,2023,1.25,1.1,0.667,1.333,4,0.575,-0.167,2018-2026,HN public discussion proxy; not direct sales data
pro_tutoring_service,Tutoring Service,Professional Services,Service category,education support,03,Recommendation Seeking,61,0.875,8,2018,2023,1.25,1.1,0.667,1.333,4,0.424,-0.394,2018-2026,HN public discussion proxy; not direct sales data
pro_tutoring_service,Tutoring Service,Professional Services,Service category,education support,04,Solution Discovery,80,1.05,8,2018,2021,1.25,1.1,0.667,1.333,4,0.211,-0.018,2018-2026,HN public discussion proxy; not direct sales data
pro_tutoring_service,Tutoring Service,Professional Services,Service category,education support,05,Comparison,63,1.857,5,2019,2021,1.25,1.1,0.667,1.333,3,0.898,0.26,2018-2026,HN public discussion proxy; not direct sales data
pro_tutoring_service,Tutoring Service,Professional Services,Service category,education support,06,Alternative Seeking,38,1.833,6,2018,2022,1.25,1.1,0.667,1.333,4,0.399,-0.212,2018-2026,HN public discussion proxy; not direct sales data
pro_tutoring_service,Tutoring Service,Professional Services,Service category,education support,07,Vendor / Provider Search,25,1.5,6,2020,2024,1.25,1.1,0.667,1.333,2,0.36,0.216,2018-2026,HN public discussion proxy; not direct sales data
pro_tutoring_service,Tutoring Service,Professional Services,Service category,education support,08,Pricing / Quote,24,1.4,5,2018,2020,1.25,1.1,0.667,1.333,4,0.576,-0.386,2018-2026,HN public discussion proxy; not direct sales data
pro_tutoring_service,Tutoring Service,Professional Services,Service category,education support,09,Purchase Intent,14,2.0,1,2020,2020,1.25,1.1,0.667,1.333,2,0.495,-0.102,2018-2026,HN public discussion proxy; not direct sales data
pro_tutoring_service,Tutoring Service,Professional Services,Service category,education support,10,Purchase,14,1.25,3,2022,2022,1.25,1.1,0.667,1.333,0,-0.177,0.511,2018-2026,HN public discussion proxy; not direct sales data
pro_tutoring_service,Tutoring Service,Professional Services,Service category,education support,11,Trial,17,1.2,2,2019,2023,1.25,1.1,0.667,1.333,3,0.225,-0.515,2018-2026,HN public discussion proxy; not direct sales data
pro_tutoring_service,Tutoring Service,Professional Services,Service category,education support,12,Installation / Onboarding,78,0.556,7,2018,2022,1.25,1.1,0.667,1.333,4,0.598,0.866,2018-2026,HN public discussion proxy; not direct sales data
pro_tutoring_service,Tutoring Service,Professional Services,Service category,education support,13,Usage,262,1.1,16,2018,2021,1.25,1.1,0.667,1.333,4,0.997,0.235,2018-2026,HN public discussion proxy; not direct sales data
pro_tutoring_service,Tutoring Service,Professional Services,Service category,education support,14,Failure / Friction,86,2.077,17,2018,2022,1.25,1.1,0.667,1.333,4,0.137,-0.263,2018-2026,HN public discussion proxy; not direct sales data
pro_tutoring_service,Tutoring Service,Professional Services,Service category,education support,15,Support,90,1.208,13,2018,2025,1.25,1.1,0.667,1.333,4,0.083,-0.391,2018-2026,HN public discussion proxy; not direct sales data
pro_tutoring_service,Tutoring Service,Professional Services,Service category,education support,16,Dissatisfaction,3,1.0,1,,2021,1.25,1.1,0.667,1.333,,0.488,-0.111,2018-2026,HN public discussion proxy; not direct sales data
pro_tutoring_service,Tutoring Service,Professional Services,Service category,education support,17,Replacement,7,0.667,3,2021,2023,1.25,1.1,0.667,1.333,1,0.583,-0.085,2018-2026,HN public discussion proxy; not direct sales data
pro_tutoring_service,Tutoring Service,Professional Services,Service category,education support,18,Switching,3,1.5,1,,2020,1.25,1.1,0.667,1.333,,0.529,-0.161,2018-2026,HN public discussion proxy; not direct sales data
pro_tutoring_service,Tutoring Service,Professional Services,Service category,education support,19,Upgrade,22,5.0,3,2020,2021,1.25,1.1,0.667,1.333,2,0.15,0.027,2018-2026,HN public discussion proxy; not direct sales data
pro_tutoring_service,Tutoring Service,Professional Services,Service category,education support,20,Repeat Purchase,8,1.333,1,2022,2022,1.25,1.1,0.667,1.333,0,0.356,0.068,2018-2026,HN public discussion proxy; not direct sales data
pro_personal_trainer,Personal Trainer,Professional Services,Service category,fitness coaching,01,Problem Recognition,739,1.168,49,2018,2022,1.222,1.532,1.6,1.0,0,0.684,0.613,2018-2026,HN public discussion proxy; not direct sales data
pro_personal_trainer,Personal Trainer,Professional Services,Service category,fitness coaching,02,Search,249,1.131,14,2018,2025,1.222,1.532,1.6,1.0,0,-0.424,0.064,2018-2026,HN public discussion proxy; not direct sales data
pro_personal_trainer,Personal Trainer,Professional Services,Service category,fitness coaching,03,Recommendation Seeking,208,1.114,10,2018,2023,1.222,1.532,1.6,1.0,0,0.677,0.213,2018-2026,HN public discussion proxy; not direct sales data
pro_personal_trainer,Personal Trainer,Professional Services,Service category,fitness coaching,04,Solution Discovery,502,1.939,28,2018,2023,1.222,1.532,1.6,1.0,0,0.561,0.285,2018-2026,HN public discussion proxy; not direct sales data
pro_personal_trainer,Personal Trainer,Professional Services,Service category,fitness coaching,05,Comparison,179,1.548,4,2018,2023,1.222,1.532,1.6,1.0,0,0.635,0.455,2018-2026,HN public discussion proxy; not direct sales data
pro_personal_trainer,Personal Trainer,Professional Services,Service category,fitness coaching,06,Alternative Seeking,123,0.581,15,2018,2022,1.222,1.532,1.6,1.0,0,0.379,0.563,2018-2026,HN public discussion proxy; not direct sales data
pro_personal_trainer,Personal Trainer,Professional Services,Service category,fitness coaching,07,Vendor / Provider Search,27,2.75,4,2020,2021,1.222,1.532,1.6,1.0,-2,-0.437,0.427,2018-2026,HN public discussion proxy; not direct sales data
pro_personal_trainer,Personal Trainer,Professional Services,Service category,fitness coaching,08,Pricing / Quote,41,4.2,8,2018,2026,1.222,1.532,1.6,1.0,0,0.02,0.685,2018-2026,HN public discussion proxy; not direct sales data
pro_personal_trainer,Personal Trainer,Professional Services,Service category,fitness coaching,09,Purchase Intent,38,1.0,6,2018,2022,1.222,1.532,1.6,1.0,0,0.325,0.286,2018-2026,HN public discussion proxy; not direct sales data
pro_personal_trainer,Personal Trainer,Professional Services,Service category,fitness coaching,10,Purchase,93,1.222,9,2018,2023,1.222,1.532,1.6,1.0,0,0.665,-0.46,2018-2026,HN public discussion proxy; not direct sales data
pro_personal_trainer,Personal Trainer,Professional Services,Service category,fitness coaching,11,Trial,115,2.053,11,2018,2025,1.222,1.532,1.6,1.0,0,0.094,0.384,2018-2026,HN public discussion proxy; not direct sales data
pro_personal_trainer,Personal Trainer,Professional Services,Service category,fitness coaching,12,Installation / Onboarding,95,2.214,10,2018,2025,1.222,1.532,1.6,1.0,0,0.414,0.052,2018-2026,HN public discussion proxy; not direct sales data
pro_personal_trainer,Personal Trainer,Professional Services,Service category,fitness coaching,13,Usage,669,1.532,56,2018,2023,1.222,1.532,1.6,1.0,0,0.997,0.026,2018-2026,HN public discussion proxy; not direct sales data
pro_personal_trainer,Personal Trainer,Professional Services,Service category,fitness coaching,14,Failure / Friction,448,1.24,15,2018,2022,1.222,1.532,1.6,1.0,0,0.329,0.535,2018-2026,HN public discussion proxy; not direct sales data
pro_personal_trainer,Personal Trainer,Professional Services,Service category,fitness coaching,15,Support,390,1.296,15,2018,2023,1.222,1.532,1.6,1.0,0,0.659,0.232,2018-2026,HN public discussion proxy; not direct sales data
pro_personal_trainer,Personal Trainer,Professional Services,Service category,fitness coaching,16,Dissatisfaction,30,0.8,4,2018,2023,1.222,1.532,1.6,1.0,0,0.443,0.309,2018-2026,HN public discussion proxy; not direct sales data
pro_personal_trainer,Personal Trainer,Professional Services,Service category,fitness coaching,17,Replacement,34,1.6,6,2018,2025,1.222,1.532,1.6,1.0,0,0.203,0.161,2018-2026,HN public discussion proxy; not direct sales data
pro_personal_trainer,Personal Trainer,Professional Services,Service category,fitness coaching,18,Switching,17,1.0,3,2019,2019,1.222,1.532,1.6,1.0,-1,0.046,-0.221,2018-2026,HN public discussion proxy; not direct sales data
pro_personal_trainer,Personal Trainer,Professional Services,Service category,fitness coaching,19,Upgrade,30,1.5,5,2018,2021,1.222,1.532,1.6,1.0,0,0.179,-0.146,2018-2026,HN public discussion proxy; not direct sales data
pro_personal_trainer,Personal Trainer,Professional Services,Service category,fitness coaching,20,Repeat Purchase,44,1.0,8,2018,2022,1.222,1.532,1.6,1.0,0,0.339,0.524,2018-2026,HN public discussion proxy; not direct sales data
dev_github_actions,GitHub Actions,Developer Tools,Success,CI/CD automation,01,Problem Recognition,1297,7.165,130,2019,2026,2.778,5.489,11.667,2.667,-1,0.914,0.694,2018-2026,HN public discussion proxy; not direct sales data
dev_github_actions,GitHub Actions,Developer Tools,Success,CI/CD automation,02,Search,964,6.787,67,2019,2026,2.778,5.489,11.667,2.667,-1,0.926,0.813,2018-2026,HN public discussion proxy; not direct sales data
dev_github_actions,GitHub Actions,Developer Tools,Success,CI/CD automation,03,Recommendation Seeking,490,3.929,21,2018,2025,2.778,5.489,11.667,2.667,0,0.949,0.899,2018-2026,HN public discussion proxy; not direct sales data
dev_github_actions,GitHub Actions,Developer Tools,Success,CI/CD automation,04,Solution Discovery,1050,6.194,77,2018,2026,2.778,5.489,11.667,2.667,0,0.926,0.773,2018-2026,HN public discussion proxy; not direct sales data
dev_github_actions,GitHub Actions,Developer Tools,Success,CI/CD automation,05,Comparison,645,8.848,69,2019,2026,2.778,5.489,11.667,2.667,-1,0.936,0.728,2018-2026,HN public discussion proxy; not direct sales data
dev_github_actions,GitHub Actions,Developer Tools,Success,CI/CD automation,06,Alternative Seeking,470,6.679,42,2018,2025,2.778,5.489,11.667,2.667,0,0.96,0.706,2018-2026,HN public discussion proxy; not direct sales data
dev_github_actions,GitHub Actions,Developer Tools,Success,CI/CD automation,07,Vendor / Provider Search,239,7.429,30,2019,2025,2.778,5.489,11.667,2.667,-1,0.953,0.702,2018-2026,HN public discussion proxy; not direct sales data
dev_github_actions,GitHub Actions,Developer Tools,Success,CI/CD automation,08,Pricing / Quote,223,6.625,53,2019,2025,2.778,5.489,11.667,2.667,-1,0.838,0.487,2018-2026,HN public discussion proxy; not direct sales data
dev_github_actions,GitHub Actions,Developer Tools,Success,CI/CD automation,09,Purchase Intent,38,5.0,4,2020,2022,2.778,5.489,11.667,2.667,-2,0.672,0.468,2018-2026,HN public discussion proxy; not direct sales data
dev_github_actions,GitHub Actions,Developer Tools,Success,CI/CD automation,10,Purchase,86,2.778,9,2018,2024,2.778,5.489,11.667,2.667,0,0.549,0.801,2018-2026,HN public discussion proxy; not direct sales data
dev_github_actions,GitHub Actions,Developer Tools,Success,CI/CD automation,11,Trial,214,7.824,55,2022,2026,2.778,5.489,11.667,2.667,-4,0.579,0.694,2018-2026,HN public discussion proxy; not direct sales data
dev_github_actions,GitHub Actions,Developer Tools,Success,CI/CD automation,12,Installation / Onboarding,945,15.742,118,2020,2026,2.778,5.489,11.667,2.667,-2,0.795,0.742,2018-2026,HN public discussion proxy; not direct sales data
dev_github_actions,GitHub Actions,Developer Tools,Success,CI/CD automation,13,Usage,3615,5.489,242,2018,2025,2.778,5.489,11.667,2.667,0,0.999,0.81,2018-2026,HN public discussion proxy; not direct sales data
dev_github_actions,GitHub Actions,Developer Tools,Success,CI/CD automation,14,Failure / Friction,735,6.705,40,2019,2026,2.778,5.489,11.667,2.667,-1,0.918,0.822,2018-2026,HN public discussion proxy; not direct sales data
dev_github_actions,GitHub Actions,Developer Tools,Success,CI/CD automation,15,Support,1877,6.041,178,2019,2025,2.778,5.489,11.667,2.667,-1,0.983,0.76,2018-2026,HN public discussion proxy; not direct sales data
dev_github_actions,GitHub Actions,Developer Tools,Success,CI/CD automation,16,Dissatisfaction,49,2.2,7,2019,2021,2.778,5.489,11.667,2.667,-1,0.282,0.333,2018-2026,HN public discussion proxy; not direct sales data
dev_github_actions,GitHub Actions,Developer Tools,Success,CI/CD automation,17,Replacement,132,11.667,15,2020,2026,2.778,5.489,11.667,2.667,-2,0.883,0.719,2018-2026,HN public discussion proxy; not direct sales data
dev_github_actions,GitHub Actions,Developer Tools,Success,CI/CD automation,18,Switching,84,5.571,9,2019,2026,2.778,5.489,11.667,2.667,-1,0.84,0.619,2018-2026,HN public discussion proxy; not direct sales data
dev_github_actions,GitHub Actions,Developer Tools,Success,CI/CD automation,19,Upgrade,154,4.429,22,2019,2025,2.778,5.489,11.667,2.667,-1,0.906,0.612,2018-2026,HN public discussion proxy; not direct sales data
dev_github_actions,GitHub Actions,Developer Tools,Success,CI/CD automation,20,Repeat Purchase,24,2.667,2,2020,2021,2.778,5.489,11.667,2.667,-2,0.728,0.714,2018-2026,HN public discussion proxy; not direct sales data
dev_gitlab,GitLab,Developer Tools,Success,DevOps platform,01,Problem Recognition,1795,0.882,45,2018,2022,0.437,0.612,1.111,0.6,0,0.742,0.515,2018-2026,HN public discussion proxy; not direct sales data
dev_gitlab,GitLab,Developer Tools,Success,DevOps platform,02,Search,1420,0.609,39,2018,2020,0.437,0.612,1.111,0.6,0,0.955,0.882,2018-2026,HN public discussion proxy; not direct sales data
dev_gitlab,GitLab,Developer Tools,Success,DevOps platform,03,Recommendation Seeking,636,0.792,25,2018,2022,0.437,0.612,1.111,0.6,0,0.833,0.518,2018-2026,HN public discussion proxy; not direct sales data
dev_gitlab,GitLab,Developer Tools,Success,DevOps platform,04,Solution Discovery,1551,0.823,37,2018,2022,0.437,0.612,1.111,0.6,0,0.894,0.648,2018-2026,HN public discussion proxy; not direct sales data
dev_gitlab,GitLab,Developer Tools,Success,DevOps platform,05,Comparison,898,0.535,62,2018,2021,0.437,0.612,1.111,0.6,0,0.845,0.67,2018-2026,HN public discussion proxy; not direct sales data
dev_gitlab,GitLab,Developer Tools,Success,DevOps platform,06,Alternative Seeking,1228,0.886,76,2018,2022,0.437,0.612,1.111,0.6,0,0.601,0.424,2018-2026,HN public discussion proxy; not direct sales data
dev_gitlab,GitLab,Developer Tools,Success,DevOps platform,07,Vendor / Provider Search,309,0.889,17,2018,2023,0.437,0.612,1.111,0.6,0,0.689,0.037,2018-2026,HN public discussion proxy; not direct sales data
dev_gitlab,GitLab,Developer Tools,Success,DevOps platform,08,Pricing / Quote,524,0.571,24,2018,2022,0.437,0.612,1.111,0.6,0,0.892,0.61,2018-2026,HN public discussion proxy; not direct sales data
dev_gitlab,GitLab,Developer Tools,Success,DevOps platform,09,Purchase Intent,80,0.421,5,2018,2021,0.437,0.612,1.111,0.6,0,0.774,0.76,2018-2026,HN public discussion proxy; not direct sales data
dev_gitlab,GitLab,Developer Tools,Success,DevOps platform,10,Purchase,253,0.437,3,2018,2021,0.437,0.612,1.111,0.6,0,0.888,0.975,2018-2026,HN public discussion proxy; not direct sales data
dev_gitlab,GitLab,Developer Tools,Success,DevOps platform,11,Trial,187,0.569,9,2018,2019,0.437,0.612,1.111,0.6,0,0.767,0.62,2018-2026,HN public discussion proxy; not direct sales data
dev_gitlab,GitLab,Developer Tools,Success,DevOps platform,12,Installation / Onboarding,1263,0.596,32,2018,2022,0.437,0.612,1.111,0.6,0,0.827,0.709,2018-2026,HN public discussion proxy; not direct sales data
dev_gitlab,GitLab,Developer Tools,Success,DevOps platform,13,Usage,4671,0.612,80,2018,2020,0.437,0.612,1.111,0.6,0,1.0,0.823,2018-2026,HN public discussion proxy; not direct sales data
dev_gitlab,GitLab,Developer Tools,Success,DevOps platform,14,Failure / Friction,1051,0.697,45,2018,2021,0.437,0.612,1.111,0.6,0,0.906,0.668,2018-2026,HN public discussion proxy; not direct sales data
dev_gitlab,GitLab,Developer Tools,Success,DevOps platform,15,Support,3405,0.76,80,2018,2022,0.437,0.612,1.111,0.6,0,0.94,0.656,2018-2026,HN public discussion proxy; not direct sales data
dev_gitlab,GitLab,Developer Tools,Success,DevOps platform,16,Dissatisfaction,81,0.212,14,2018,2022,0.437,0.612,1.111,0.6,0,0.513,0.448,2018-2026,HN public discussion proxy; not direct sales data
dev_gitlab,GitLab,Developer Tools,Success,DevOps platform,17,Replacement,186,1.111,8,2018,2023,0.437,0.612,1.111,0.6,0,0.459,-0.134,2018-2026,HN public discussion proxy; not direct sales data
dev_gitlab,GitLab,Developer Tools,Success,DevOps platform,18,Switching,133,0.703,10,2018,2019,0.437,0.612,1.111,0.6,0,0.688,0.73,2018-2026,HN public discussion proxy; not direct sales data
dev_gitlab,GitLab,Developer Tools,Success,DevOps platform,19,Upgrade,461,0.638,36,2018,2022,0.437,0.612,1.111,0.6,0,0.754,0.539,2018-2026,HN public discussion proxy; not direct sales data
dev_gitlab,GitLab,Developer Tools,Success,DevOps platform,20,Repeat Purchase,43,0.6,4,2018,2020,0.437,0.612,1.111,0.6,0,0.882,0.504,2018-2026,HN public discussion proxy; not direct sales data
dev_postman,Postman,Developer Tools,Success,API development,01,Problem Recognition,75,5.0,14,2020,2024,1.5,2.917,3.0,1.0,3,0.595,0.638,2018-2026,HN public discussion proxy; not direct sales data
dev_postman,Postman,Developer Tools,Success,API development,02,Search,113,2.182,10,2018,2023,1.5,2.917,3.0,1.0,5,0.409,0.137,2018-2026,HN public discussion proxy; not direct sales data
dev_postman,Postman,Developer Tools,Success,API development,03,Recommendation Seeking,24,1.333,4,2018,2023,1.5,2.917,3.0,1.0,5,-0.096,-0.216,2018-2026,HN public discussion proxy; not direct sales data
dev_postman,Postman,Developer Tools,Success,API development,04,Solution Discovery,85,2.083,8,2018,2025,1.5,2.917,3.0,1.0,5,0.557,-0.01,2018-2026,HN public discussion proxy; not direct sales data
dev_postman,Postman,Developer Tools,Success,API development,05,Comparison,72,3.25,6,2018,2026,1.5,2.917,3.0,1.0,5,0.669,0.135,2018-2026,HN public discussion proxy; not direct sales data
dev_postman,Postman,Developer Tools,Success,API development,06,Alternative Seeking,119,4.0,12,2018,2025,1.5,2.917,3.0,1.0,5,0.654,0.093,2018-2026,HN public discussion proxy; not direct sales data
dev_postman,Postman,Developer Tools,Success,API development,07,Vendor / Provider Search,14,1.75,3,2019,2026,1.5,2.917,3.0,1.0,4,0.128,0.02,2018-2026,HN public discussion proxy; not direct sales data
dev_postman,Postman,Developer Tools,Success,API development,08,Pricing / Quote,28,5.0,9,2020,2026,1.5,2.917,3.0,1.0,3,0.043,0.558,2018-2026,HN public discussion proxy; not direct sales data
dev_postman,Postman,Developer Tools,Success,API development,09,Purchase Intent,0,1.0,0,,2018,1.5,2.917,3.0,1.0,,,,2018-2026,HN public discussion proxy; not direct sales data
dev_postman,Postman,Developer Tools,Success,API development,10,Purchase,7,1.5,3,2023,2023,1.5,2.917,3.0,1.0,0,0.102,0.133,2018-2026,HN public discussion proxy; not direct sales data
dev_postman,Postman,Developer Tools,Success,API development,11,Trial,18,6.0,6,2021,2026,1.5,2.917,3.0,1.0,2,0.259,0.468,2018-2026,HN public discussion proxy; not direct sales data
dev_postman,Postman,Developer Tools,Success,API development,12,Installation / Onboarding,48,2.833,3,2019,2025,1.5,2.917,3.0,1.0,4,0.684,0.24,2018-2026,HN public discussion proxy; not direct sales data
dev_postman,Postman,Developer Tools,Success,API development,13,Usage,273,2.917,27,2018,2021,1.5,2.917,3.0,1.0,5,0.99,0.506,2018-2026,HN public discussion proxy; not direct sales data
dev_postman,Postman,Developer Tools,Success,API development,14,Failure / Friction,70,3.6,13,2019,2022,1.5,2.917,3.0,1.0,4,0.845,0.219,2018-2026,HN public discussion proxy; not direct sales data
dev_postman,Postman,Developer Tools,Success,API development,15,Support,184,3.765,21,2018,2025,1.5,2.917,3.0,1.0,5,0.715,0.068,2018-2026,HN public discussion proxy; not direct sales data
dev_postman,Postman,Developer Tools,Success,API development,16,Dissatisfaction,3,1.5,1,,2022,1.5,2.917,3.0,1.0,,0.582,-0.257,2018-2026,HN public discussion proxy; not direct sales data
dev_postman,Postman,Developer Tools,Success,API development,17,Replacement,18,3.0,4,2022,2025,1.5,2.917,3.0,1.0,1,0.66,-0.138,2018-2026,HN public discussion proxy; not direct sales data
dev_postman,Postman,Developer Tools,Success,API development,18,Switching,13,3.0,3,2022,2025,1.5,2.917,3.0,1.0,1,0.435,-0.209,2018-2026,HN public discussion proxy; not direct sales data
dev_postman,Postman,Developer Tools,Success,API development,19,Upgrade,7,1.0,2,2020,2023,1.5,2.917,3.0,1.0,3,0.194,0.145,2018-2026,HN public discussion proxy; not direct sales data
dev_postman,Postman,Developer Tools,Success,API development,20,Repeat Purchase,0,1.0,0,,2018,1.5,2.917,3.0,1.0,,,,2018-2026,HN public discussion proxy; not direct sales data
dev_datadog,Datadog,Developer Tools,Success,observability,01,Problem Recognition,454,2.762,26,2018,2023,1.6,2.0,2.0,1.5,1,0.841,0.56,2018-2026,HN public discussion proxy; not direct sales data
dev_datadog,Datadog,Developer Tools,Success,observability,02,Search,565,1.835,24,2018,2025,1.6,2.0,2.0,1.5,1,0.785,0.342,2018-2026,HN public discussion proxy; not direct sales data
dev_datadog,Datadog,Developer Tools,Success,observability,03,Recommendation Seeking,133,2.214,24,2019,2023,1.6,2.0,2.0,1.5,0,0.754,0.542,2018-2026,HN public discussion proxy; not direct sales data
dev_datadog,Datadog,Developer Tools,Success,observability,04,Solution Discovery,503,2.678,28,2018,2025,1.6,2.0,2.0,1.5,1,0.869,0.55,2018-2026,HN public discussion proxy; not direct sales data
dev_datadog,Datadog,Developer Tools,Success,observability,05,Comparison,150,2.095,13,2018,2023,1.6,2.0,2.0,1.5,1,0.652,0.456,2018-2026,HN public discussion proxy; not direct sales data
dev_datadog,Datadog,Developer Tools,Success,observability,06,Alternative Seeking,292,2.905,50,2019,2023,1.6,2.0,2.0,1.5,0,0.878,0.666,2018-2026,HN public discussion proxy; not direct sales data
dev_datadog,Datadog,Developer Tools,Success,observability,07,Vendor / Provider Search,201,2.87,29,2018,2023,1.6,2.0,2.0,1.5,1,0.767,0.441,2018-2026,HN public discussion proxy; not direct sales data
dev_datadog,Datadog,Developer Tools,Success,observability,08,Pricing / Quote,177,2.588,23,2018,2023,1.6,2.0,2.0,1.5,1,0.874,0.585,2018-2026,HN public discussion proxy; not direct sales data
dev_datadog,Datadog,Developer Tools,Success,observability,09,Purchase Intent,13,1.0,4,2020,2020,1.6,2.0,2.0,1.5,-1,0.2,0.077,2018-2026,HN public discussion proxy; not direct sales data
dev_datadog,Datadog,Developer Tools,Success,observability,10,Purchase,40,1.6,6,2019,2024,1.6,2.0,2.0,1.5,0,0.687,0.528,2018-2026,HN public discussion proxy; not direct sales data
dev_datadog,Datadog,Developer Tools,Success,observability,11,Trial,179,1.233,12,2018,2021,1.6,2.0,2.0,1.5,1,0.156,0.25,2018-2026,HN public discussion proxy; not direct sales data
dev_datadog,Datadog,Developer Tools,Success,observability,12,Installation / Onboarding,124,1.95,20,2018,2023,1.6,2.0,2.0,1.5,1,0.553,0.349,2018-2026,HN public discussion proxy; not direct sales data
dev_datadog,Datadog,Developer Tools,Success,observability,13,Usage,915,2.0,37,2018,2023,1.6,2.0,2.0,1.5,1,0.995,0.64,2018-2026,HN public discussion proxy; not direct sales data
dev_datadog,Datadog,Developer Tools,Success,observability,14,Failure / Friction,175,2.35,8,2018,2025,1.6,2.0,2.0,1.5,1,0.95,0.631,2018-2026,HN public discussion proxy; not direct sales data
dev_datadog,Datadog,Developer Tools,Success,observability,15,Support,627,1.618,29,2018,2023,1.6,2.0,2.0,1.5,1,0.94,0.747,2018-2026,HN public discussion proxy; not direct sales data
dev_datadog,Datadog,Developer Tools,Success,observability,16,Dissatisfaction,12,1.0,5,2021,2023,1.6,2.0,2.0,1.5,-2,0.583,0.459,2018-2026,HN public discussion proxy; not direct sales data
dev_datadog,Datadog,Developer Tools,Success,observability,17,Replacement,33,2.0,7,2018,2023,1.6,2.0,2.0,1.5,1,0.672,0.616,2018-2026,HN public discussion proxy; not direct sales data
dev_datadog,Datadog,Developer Tools,Success,observability,18,Switching,31,5.0,7,2020,2023,1.6,2.0,2.0,1.5,-1,0.811,0.61,2018-2026,HN public discussion proxy; not direct sales data
dev_datadog,Datadog,Developer Tools,Success,observability,19,Upgrade,45,2.429,5,2018,2022,1.6,2.0,2.0,1.5,1,0.625,0.535,2018-2026,HN public discussion proxy; not direct sales data
dev_datadog,Datadog,Developer Tools,Success,observability,20,Repeat Purchase,5,1.5,2,2023,2023,1.6,2.0,2.0,1.5,-4,0.623,0.537,2018-2026,HN public discussion proxy; not direct sales data
dev_sentry,Sentry,Developer Tools,Success,error monitoring,01,Problem Recognition,19,2.667,4,2020,2020,0.667,1.3,1.0,1.5,,-0.003,0.405,2018-2026,HN public discussion proxy; not direct sales data
dev_sentry,Sentry,Developer Tools,Success,error monitoring,02,Search,10,1.0,2,2021,2021,0.667,1.3,1.0,1.5,,-0.338,0.268,2018-2026,HN public discussion proxy; not direct sales data
dev_sentry,Sentry,Developer Tools,Success,error monitoring,03,Recommendation Seeking,6,1.0,2,2021,2021,0.667,1.3,1.0,1.5,,0.795,0.313,2018-2026,HN public discussion proxy; not direct sales data
dev_sentry,Sentry,Developer Tools,Success,error monitoring,04,Solution Discovery,28,2.333,5,2019,2025,0.667,1.3,1.0,1.5,,0.506,-0.008,2018-2026,HN public discussion proxy; not direct sales data
dev_sentry,Sentry,Developer Tools,Success,error monitoring,05,Comparison,7,0.75,2,2019,2019,0.667,1.3,1.0,1.5,,0.509,-0.016,2018-2026,HN public discussion proxy; not direct sales data
dev_sentry,Sentry,Developer Tools,Success,error monitoring,06,Alternative Seeking,8,1.333,2,2022,2022,0.667,1.3,1.0,1.5,,0.536,0.062,2018-2026,HN public discussion proxy; not direct sales data
dev_sentry,Sentry,Developer Tools,Success,error monitoring,07,Vendor / Provider Search,3,1.5,1,,2023,0.667,1.3,1.0,1.5,,-0.344,-0.347,2018-2026,HN public discussion proxy; not direct sales data
dev_sentry,Sentry,Developer Tools,Success,error monitoring,08,Pricing / Quote,3,2.0,1,,2023,0.667,1.3,1.0,1.5,,0.069,-0.347,2018-2026,HN public discussion proxy; not direct sales data
dev_sentry,Sentry,Developer Tools,Success,error monitoring,09,Purchase Intent,1,1.0,1,,2021,0.667,1.3,1.0,1.5,,0.138,0.764,2018-2026,HN public discussion proxy; not direct sales data
dev_sentry,Sentry,Developer Tools,Success,error monitoring,10,Purchase,3,0.667,1,,2018,0.667,1.3,1.0,1.5,,-0.034,-0.014,2018-2026,HN public discussion proxy; not direct sales data
dev_sentry,Sentry,Developer Tools,Success,error monitoring,11,Trial,7,1.5,4,2018,2026,0.667,1.3,1.0,1.5,,0.008,0.461,2018-2026,HN public discussion proxy; not direct sales data
dev_sentry,Sentry,Developer Tools,Success,error monitoring,12,Installation / Onboarding,10,2.5,3,2021,2024,0.667,1.3,1.0,1.5,,0.216,0.44,2018-2026,HN public discussion proxy; not direct sales data
dev_sentry,Sentry,Developer Tools,Success,error monitoring,13,Usage,42,1.3,4,2018,2022,0.667,1.3,1.0,1.5,,0.977,-0.125,2018-2026,HN public discussion proxy; not direct sales data
dev_sentry,Sentry,Developer Tools,Success,error monitoring,14,Failure / Friction,18,2.0,4,2020,2021,0.667,1.3,1.0,1.5,,0.229,0.587,2018-2026,HN public discussion proxy; not direct sales data
dev_sentry,Sentry,Developer Tools,Success,error monitoring,15,Support,29,0.889,5,2018,2022,0.667,1.3,1.0,1.5,,0.433,-0.698,2018-2026,HN public discussion proxy; not direct sales data
dev_sentry,Sentry,Developer Tools,Success,error monitoring,16,Dissatisfaction,3,1.0,1,,2020,0.667,1.3,1.0,1.5,,0.172,-0.466,2018-2026,HN public discussion proxy; not direct sales data
dev_sentry,Sentry,Developer Tools,Success,error monitoring,17,Replacement,0,1.0,0,,2018,0.667,1.3,1.0,1.5,,,,2018-2026,HN public discussion proxy; not direct sales data
dev_sentry,Sentry,Developer Tools,Success,error monitoring,18,Switching,1,1.5,1,,2026,0.667,1.3,1.0,1.5,,0.138,,2018-2026,HN public discussion proxy; not direct sales data
dev_sentry,Sentry,Developer Tools,Success,error monitoring,19,Upgrade,3,1.0,1,2022,2022,0.667,1.3,1.0,1.5,,0.779,0.147,2018-2026,HN public discussion proxy; not direct sales data
dev_sentry,Sentry,Developer Tools,Success,error monitoring,20,Repeat Purchase,1,1.5,1,,2025,0.667,1.3,1.0,1.5,,0.138,0.103,2018-2026,HN public discussion proxy; not direct sales data
dev_firebase,Firebase,Developer Tools,Success,app backend platform,01,Problem Recognition,713,1.774,78,2018,2022,0.387,1.017,1.308,0.667,0,0.339,-0.663,2018-2026,HN public discussion proxy; not direct sales data
dev_firebase,Firebase,Developer Tools,Success,app backend platform,02,Search,997,1.939,74,2018,2021,0.387,1.017,1.308,0.667,0,0.413,0.014,2018-2026,HN public discussion proxy; not direct sales data
dev_firebase,Firebase,Developer Tools,Success,app backend platform,03,Recommendation Seeking,352,0.719,37,2018,2020,0.387,1.017,1.308,0.667,0,0.59,0.214,2018-2026,HN public discussion proxy; not direct sales data
dev_firebase,Firebase,Developer Tools,Success,app backend platform,04,Solution Discovery,944,1.578,64,2018,2022,0.387,1.017,1.308,0.667,0,0.625,-0.42,2018-2026,HN public discussion proxy; not direct sales data
dev_firebase,Firebase,Developer Tools,Success,app backend platform,05,Comparison,332,1.979,22,2018,2025,0.387,1.017,1.308,0.667,0,0.105,-0.752,2018-2026,HN public discussion proxy; not direct sales data
dev_firebase,Firebase,Developer Tools,Success,app backend platform,06,Alternative Seeking,552,1.774,66,2018,2020,0.387,1.017,1.308,0.667,0,0.641,0.072,2018-2026,HN public discussion proxy; not direct sales data
dev_firebase,Firebase,Developer Tools,Success,app backend platform,07,Vendor / Provider Search,229,0.617,24,2018,2019,0.387,1.017,1.308,0.667,0,0.549,0.467,2018-2026,HN public discussion proxy; not direct sales data
dev_firebase,Firebase,Developer Tools,Success,app backend platform,08,Pricing / Quote,265,1.25,16,2018,2022,0.387,1.017,1.308,0.667,0,0.635,-0.184,2018-2026,HN public discussion proxy; not direct sales data
dev_firebase,Firebase,Developer Tools,Success,app backend platform,09,Purchase Intent,44,1.0,6,2018,2021,0.387,1.017,1.308,0.667,0,-0.002,0.45,2018-2026,HN public discussion proxy; not direct sales data
dev_firebase,Firebase,Developer Tools,Success,app backend platform,10,Purchase,89,0.387,15,2018,2019,0.387,1.017,1.308,0.667,0,0.526,-0.073,2018-2026,HN public discussion proxy; not direct sales data
dev_firebase,Firebase,Developer Tools,Success,app backend platform,11,Trial,112,3.545,11,2018,2025,0.387,1.017,1.308,0.667,0,0.309,-0.331,2018-2026,HN public discussion proxy; not direct sales data
dev_firebase,Firebase,Developer Tools,Success,app backend platform,12,Installation / Onboarding,239,1.386,18,2018,2020,0.387,1.017,1.308,0.667,0,0.269,0.358,2018-2026,HN public discussion proxy; not direct sales data
dev_firebase,Firebase,Developer Tools,Success,app backend platform,13,Usage,2193,1.017,102,2018,2022,0.387,1.017,1.308,0.667,0,0.996,-0.078,2018-2026,HN public discussion proxy; not direct sales data
dev_firebase,Firebase,Developer Tools,Success,app backend platform,14,Failure / Friction,393,1.2,23,2018,2022,0.387,1.017,1.308,0.667,0,0.629,-0.324,2018-2026,HN public discussion proxy; not direct sales data
dev_firebase,Firebase,Developer Tools,Success,app backend platform,15,Support,1080,0.948,48,2018,2020,0.387,1.017,1.308,0.667,0,0.699,-0.437,2018-2026,HN public discussion proxy; not direct sales data
dev_firebase,Firebase,Developer Tools,Success,app backend platform,16,Dissatisfaction,19,0.5,4,2018,2022,0.387,1.017,1.308,0.667,0,0.669,-0.345,2018-2026,HN public discussion proxy; not direct sales data
dev_firebase,Firebase,Developer Tools,Success,app backend platform,17,Replacement,90,1.308,8,2018,2021,0.387,1.017,1.308,0.667,0,0.508,0.242,2018-2026,HN public discussion proxy; not direct sales data
dev_firebase,Firebase,Developer Tools,Success,app backend platform,18,Switching,41,2.167,7,2018,2020,0.387,1.017,1.308,0.667,0,0.536,-0.521,2018-2026,HN public discussion proxy; not direct sales data
dev_firebase,Firebase,Developer Tools,Success,app backend platform,19,Upgrade,111,0.586,9,2018,2018,0.387,1.017,1.308,0.667,0,0.055,-0.143,2018-2026,HN public discussion proxy; not direct sales data
dev_firebase,Firebase,Developer Tools,Success,app backend platform,20,Repeat Purchase,28,0.667,6,2018,2022,0.387,1.017,1.308,0.667,0,0.526,-0.338,2018-2026,HN public discussion proxy; not direct sales data
dev_netlify,Netlify,Developer Tools,Success,web deployment,01,Problem Recognition,642,0.896,108,2018,2024,1.083,1.119,1.154,0.667,0,0.875,0.313,2018-2026,HN public discussion proxy; not direct sales data
dev_netlify,Netlify,Developer Tools,Success,web deployment,02,Search,478,0.772,31,2018,2020,1.083,1.119,1.154,0.667,0,0.115,0.113,2018-2026,HN public discussion proxy; not direct sales data
dev_netlify,Netlify,Developer Tools,Success,web deployment,03,Recommendation Seeking,430,0.836,39,2018,2024,1.083,1.119,1.154,0.667,0,0.616,0.575,2018-2026,HN public discussion proxy; not direct sales data
dev_netlify,Netlify,Developer Tools,Success,web deployment,04,Solution Discovery,844,2.903,64,2018,2021,1.083,1.119,1.154,0.667,0,0.63,-0.014,2018-2026,HN public discussion proxy; not direct sales data
dev_netlify,Netlify,Developer Tools,Success,web deployment,05,Comparison,306,1.674,34,2018,2022,1.083,1.119,1.154,0.667,0,0.307,-0.305,2018-2026,HN public discussion proxy; not direct sales data
dev_netlify,Netlify,Developer Tools,Success,web deployment,06,Alternative Seeking,458,3.206,27,2019,2024,1.083,1.119,1.154,0.667,-1,0.676,-0.068,2018-2026,HN public discussion proxy; not direct sales data
dev_netlify,Netlify,Developer Tools,Success,web deployment,07,Vendor / Provider Search,265,0.881,15,2018,2019,1.083,1.119,1.154,0.667,0,0.126,0.382,2018-2026,HN public discussion proxy; not direct sales data
dev_netlify,Netlify,Developer Tools,Success,web deployment,08,Pricing / Quote,241,1.724,22,2018,2022,1.083,1.119,1.154,0.667,0,0.178,0.246,2018-2026,HN public discussion proxy; not direct sales data
dev_netlify,Netlify,Developer Tools,Success,web deployment,09,Purchase Intent,52,0.385,2,2018,2024,1.083,1.119,1.154,0.667,0,0.202,0.617,2018-2026,HN public discussion proxy; not direct sales data
dev_netlify,Netlify,Developer Tools,Success,web deployment,10,Purchase,120,1.083,5,2018,2021,1.083,1.119,1.154,0.667,0,0.695,-0.033,2018-2026,HN public discussion proxy; not direct sales data
dev_netlify,Netlify,Developer Tools,Success,web deployment,11,Trial,174,1.545,8,2018,2026,1.083,1.119,1.154,0.667,0,0.244,-0.451,2018-2026,HN public discussion proxy; not direct sales data
dev_netlify,Netlify,Developer Tools,Success,web deployment,12,Installation / Onboarding,402,1.28,43,2018,2020,1.083,1.119,1.154,0.667,0,-0.066,0.236,2018-2026,HN public discussion proxy; not direct sales data
dev_netlify,Netlify,Developer Tools,Success,web deployment,13,Usage,2012,1.119,182,2018,2021,1.083,1.119,1.154,0.667,0,0.996,-0.165,2018-2026,HN public discussion proxy; not direct sales data
dev_netlify,Netlify,Developer Tools,Success,web deployment,14,Failure / Friction,478,1.071,30,2018,2020,1.083,1.119,1.154,0.667,0,0.344,0.452,2018-2026,HN public discussion proxy; not direct sales data
dev_netlify,Netlify,Developer Tools,Success,web deployment,15,Support,1214,1.246,64,2018,2021,1.083,1.119,1.154,0.667,0,0.791,-0.296,2018-2026,HN public discussion proxy; not direct sales data
dev_netlify,Netlify,Developer Tools,Success,web deployment,16,Dissatisfaction,25,1.0,2,2018,2021,1.083,1.119,1.154,0.667,0,0.798,-0.34,2018-2026,HN public discussion proxy; not direct sales data
dev_netlify,Netlify,Developer Tools,Success,web deployment,17,Replacement,101,1.154,12,2018,2023,1.083,1.119,1.154,0.667,0,0.18,0.552,2018-2026,HN public discussion proxy; not direct sales data
dev_netlify,Netlify,Developer Tools,Success,web deployment,18,Switching,51,1.2,6,2019,2020,1.083,1.119,1.154,0.667,-1,0.619,0.446,2018-2026,HN public discussion proxy; not direct sales data
dev_netlify,Netlify,Developer Tools,Success,web deployment,19,Upgrade,146,0.893,17,2018,2021,1.083,1.119,1.154,0.667,0,0.078,0.419,2018-2026,HN public discussion proxy; not direct sales data
dev_netlify,Netlify,Developer Tools,Success,web deployment,20,Repeat Purchase,29,0.667,5,2018,2021,1.083,1.119,1.154,0.667,0,0.481,0.021,2018-2026,HN public discussion proxy; not direct sales data
dev_planetscale,PlanetScale,Developer Tools,Mixed/Stagnant,serverless database,01,Problem Recognition,128,1.267,13,2018,2024,2.0,3.5,3.5,1.0,5,0.642,0.804,2018-2026,HN public discussion proxy; not direct sales data
dev_planetscale,PlanetScale,Developer Tools,Mixed/Stagnant,serverless database,02,Search,54,2.4,5,2019,2023,2.0,3.5,3.5,1.0,4,0.842,0.513,2018-2026,HN public discussion proxy; not direct sales data
dev_planetscale,PlanetScale,Developer Tools,Mixed/Stagnant,serverless database,03,Recommendation Seeking,32,3.0,8,2022,2023,2.0,3.5,3.5,1.0,1,0.784,0.459,2018-2026,HN public discussion proxy; not direct sales data
dev_planetscale,PlanetScale,Developer Tools,Mixed/Stagnant,serverless database,04,Solution Discovery,117,1.474,7,2018,2023,2.0,3.5,3.5,1.0,5,0.857,0.273,2018-2026,HN public discussion proxy; not direct sales data
dev_planetscale,PlanetScale,Developer Tools,Mixed/Stagnant,serverless database,05,Comparison,79,7.0,20,2019,2025,2.0,3.5,3.5,1.0,4,0.671,0.343,2018-2026,HN public discussion proxy; not direct sales data
dev_planetscale,PlanetScale,Developer Tools,Mixed/Stagnant,serverless database,06,Alternative Seeking,62,0.667,7,2018,2023,2.0,3.5,3.5,1.0,5,0.546,-0.058,2018-2026,HN public discussion proxy; not direct sales data
dev_planetscale,PlanetScale,Developer Tools,Mixed/Stagnant,serverless database,07,Vendor / Provider Search,36,5.5,4,2021,2023,2.0,3.5,3.5,1.0,2,0.975,0.544,2018-2026,HN public discussion proxy; not direct sales data
dev_planetscale,PlanetScale,Developer Tools,Mixed/Stagnant,serverless database,08,Pricing / Quote,59,8.5,11,2021,2022,2.0,3.5,3.5,1.0,2,0.898,0.623,2018-2026,HN public discussion proxy; not direct sales data
dev_planetscale,PlanetScale,Developer Tools,Mixed/Stagnant,serverless database,09,Purchase Intent,7,1.5,2,2020,2020,2.0,3.5,3.5,1.0,3,0.211,0.634,2018-2026,HN public discussion proxy; not direct sales data
dev_planetscale,PlanetScale,Developer Tools,Mixed/Stagnant,serverless database,10,Purchase,7,2.0,2,2023,2023,2.0,3.5,3.5,1.0,0,0.753,0.343,2018-2026,HN public discussion proxy; not direct sales data
dev_planetscale,PlanetScale,Developer Tools,Mixed/Stagnant,serverless database,11,Trial,17,1.25,3,2021,2022,2.0,3.5,3.5,1.0,2,0.757,0.492,2018-2026,HN public discussion proxy; not direct sales data
dev_planetscale,PlanetScale,Developer Tools,Mixed/Stagnant,serverless database,12,Installation / Onboarding,20,2.25,4,2022,2025,2.0,3.5,3.5,1.0,1,0.718,0.095,2018-2026,HN public discussion proxy; not direct sales data
dev_planetscale,PlanetScale,Developer Tools,Mixed/Stagnant,serverless database,13,Usage,224,3.5,24,2019,2022,2.0,3.5,3.5,1.0,4,0.996,0.693,2018-2026,HN public discussion proxy; not direct sales data
dev_planetscale,PlanetScale,Developer Tools,Mixed/Stagnant,serverless database,14,Failure / Friction,42,2.5,7,2019,2025,2.0,3.5,3.5,1.0,4,0.671,0.133,2018-2026,HN public discussion proxy; not direct sales data
dev_planetscale,PlanetScale,Developer Tools,Mixed/Stagnant,serverless database,15,Support,161,2.9,23,2021,2023,2.0,3.5,3.5,1.0,2,0.946,0.626,2018-2026,HN public discussion proxy; not direct sales data
dev_planetscale,PlanetScale,Developer Tools,Mixed/Stagnant,serverless database,16,Dissatisfaction,3,1.5,1,,2020,2.0,3.5,3.5,1.0,,-0.085,0.441,2018-2026,HN public discussion proxy; not direct sales data
dev_planetscale,PlanetScale,Developer Tools,Mixed/Stagnant,serverless database,17,Replacement,13,3.5,3,2023,2023,2.0,3.5,3.5,1.0,0,0.695,0.045,2018-2026,HN public discussion proxy; not direct sales data
dev_planetscale,PlanetScale,Developer Tools,Mixed/Stagnant,serverless database,18,Switching,8,2.0,3,2023,2023,2.0,3.5,3.5,1.0,0,0.779,0.123,2018-2026,HN public discussion proxy; not direct sales data
dev_planetscale,PlanetScale,Developer Tools,Mixed/Stagnant,serverless database,19,Upgrade,19,4.0,3,2021,2023,2.0,3.5,3.5,1.0,2,0.787,0.443,2018-2026,HN public discussion proxy; not direct sales data
dev_planetscale,PlanetScale,Developer Tools,Mixed/Stagnant,serverless database,20,Repeat Purchase,1,1.0,1,,2023,2.0,3.5,3.5,1.0,,0.552,0.086,2018-2026,HN public discussion proxy; not direct sales data
platform_instacart,Instacart,Marketplace / Platform Products,Success,grocery delivery marketplace,01,Problem Recognition,133,0.321,3,2018,2018,1.0,0.534,0.267,1.0,0,0.719,0.598,2018-2026,HN public discussion proxy; not direct sales data
platform_instacart,Instacart,Marketplace / Platform Products,Success,grocery delivery marketplace,02,Search,100,0.4,6,2018,2021,1.0,0.534,0.267,1.0,0,0.542,0.4,2018-2026,HN public discussion proxy; not direct sales data
platform_instacart,Instacart,Marketplace / Platform Products,Success,grocery delivery marketplace,03,Recommendation Seeking,33,0.625,7,2018,2020,1.0,0.534,0.267,1.0,0,0.693,-0.315,2018-2026,HN public discussion proxy; not direct sales data
platform_instacart,Instacart,Marketplace / Platform Products,Success,grocery delivery marketplace,04,Solution Discovery,164,0.622,10,2018,2020,1.0,0.534,0.267,1.0,0,0.657,0.247,2018-2026,HN public discussion proxy; not direct sales data
platform_instacart,Instacart,Marketplace / Platform Products,Success,grocery delivery marketplace,05,Comparison,48,0.467,3,2018,2020,1.0,0.534,0.267,1.0,0,0.761,0.305,2018-2026,HN public discussion proxy; not direct sales data
platform_instacart,Instacart,Marketplace / Platform Products,Success,grocery delivery marketplace,06,Alternative Seeking,45,1.0,6,2018,2021,1.0,0.534,0.267,1.0,0,0.576,0.165,2018-2026,HN public discussion proxy; not direct sales data
platform_instacart,Instacart,Marketplace / Platform Products,Success,grocery delivery marketplace,07,Vendor / Provider Search,18,1.0,3,2019,2019,1.0,0.534,0.267,1.0,-1,0.352,0.177,2018-2026,HN public discussion proxy; not direct sales data
platform_instacart,Instacart,Marketplace / Platform Products,Success,grocery delivery marketplace,08,Pricing / Quote,78,1.562,12,2018,2025,1.0,0.534,0.267,1.0,0,0.404,-0.362,2018-2026,HN public discussion proxy; not direct sales data
platform_instacart,Instacart,Marketplace / Platform Products,Success,grocery delivery marketplace,09,Purchase Intent,18,0.5,3,2018,2020,1.0,0.534,0.267,1.0,0,0.513,0.296,2018-2026,HN public discussion proxy; not direct sales data
platform_instacart,Instacart,Marketplace / Platform Products,Success,grocery delivery marketplace,10,Purchase,41,1.0,8,2018,2020,1.0,0.534,0.267,1.0,0,0.752,-0.25,2018-2026,HN public discussion proxy; not direct sales data
platform_instacart,Instacart,Marketplace / Platform Products,Success,grocery delivery marketplace,11,Trial,11,0.667,2,2018,2018,1.0,0.534,0.267,1.0,0,0.576,0.291,2018-2026,HN public discussion proxy; not direct sales data
platform_instacart,Instacart,Marketplace / Platform Products,Success,grocery delivery marketplace,12,Installation / Onboarding,18,0.778,7,2019,2019,1.0,0.534,0.267,1.0,-1,-0.03,0.676,2018-2026,HN public discussion proxy; not direct sales data
platform_instacart,Instacart,Marketplace / Platform Products,Success,grocery delivery marketplace,13,Usage,208,0.534,11,2018,2020,1.0,0.534,0.267,1.0,0,0.962,0.51,2018-2026,HN public discussion proxy; not direct sales data
platform_instacart,Instacart,Marketplace / Platform Products,Success,grocery delivery marketplace,14,Failure / Friction,79,0.722,15,2018,2020,1.0,0.534,0.267,1.0,0,0.92,0.198,2018-2026,HN public discussion proxy; not direct sales data
platform_instacart,Instacart,Marketplace / Platform Products,Success,grocery delivery marketplace,15,Support,119,0.5,8,2018,2020,1.0,0.534,0.267,1.0,0,0.869,0.299,2018-2026,HN public discussion proxy; not direct sales data
platform_instacart,Instacart,Marketplace / Platform Products,Success,grocery delivery marketplace,16,Dissatisfaction,5,1.0,3,2020,2020,1.0,0.534,0.267,1.0,-2,0.765,0.135,2018-2026,HN public discussion proxy; not direct sales data
platform_instacart,Instacart,Marketplace / Platform Products,Success,grocery delivery marketplace,17,Replacement,37,0.267,13,2018,2020,1.0,0.534,0.267,1.0,0,0.923,0.283,2018-2026,HN public discussion proxy; not direct sales data
platform_instacart,Instacart,Marketplace / Platform Products,Success,grocery delivery marketplace,18,Switching,5,2.5,3,2026,2026,1.0,0.534,0.267,1.0,-8,-0.457,-0.173,2018-2026,HN public discussion proxy; not direct sales data
platform_instacart,Instacart,Marketplace / Platform Products,Success,grocery delivery marketplace,19,Upgrade,6,0.667,2,2023,2023,1.0,0.534,0.267,1.0,-5,0.228,-0.164,2018-2026,HN public discussion proxy; not direct sales data
platform_instacart,Instacart,Marketplace / Platform Products,Success,grocery delivery marketplace,20,Repeat Purchase,12,1.0,4,2020,2024,1.0,0.534,0.267,1.0,-2,0.362,-0.388,2018-2026,HN public discussion proxy; not direct sales data
platform_fiverr,Fiverr,Marketplace / Platform Products,Success/Mature,freelance services marketplace,01,Problem Recognition,118,2.071,9,2018,2023,0.583,1.483,2.0,0.8,0,0.814,0.547,2018-2026,HN public discussion proxy; not direct sales data
platform_fiverr,Fiverr,Marketplace / Platform Products,Success/Mature,freelance services marketplace,02,Search,114,0.85,13,2018,2022,0.583,1.483,2.0,0.8,0,0.067,0.769,2018-2026,HN public discussion proxy; not direct sales data
platform_fiverr,Fiverr,Marketplace / Platform Products,Success/Mature,freelance services marketplace,03,Recommendation Seeking,41,1.25,7,2020,2021,0.583,1.483,2.0,0.8,-2,0.406,0.78,2018-2026,HN public discussion proxy; not direct sales data
platform_fiverr,Fiverr,Marketplace / Platform Products,Success/Mature,freelance services marketplace,04,Solution Discovery,129,1.192,10,2018,2021,0.583,1.483,2.0,0.8,0,0.394,0.368,2018-2026,HN public discussion proxy; not direct sales data
platform_fiverr,Fiverr,Marketplace / Platform Products,Success/Mature,freelance services marketplace,05,Comparison,27,1.6,7,2019,2022,0.583,1.483,2.0,0.8,-1,0.33,0.823,2018-2026,HN public discussion proxy; not direct sales data
platform_fiverr,Fiverr,Marketplace / Platform Products,Success/Mature,freelance services marketplace,06,Alternative Seeking,39,1.0,8,2019,2021,0.583,1.483,2.0,0.8,-1,0.28,-0.03,2018-2026,HN public discussion proxy; not direct sales data
platform_fiverr,Fiverr,Marketplace / Platform Products,Success/Mature,freelance services marketplace,07,Vendor / Provider Search,8,0.6,2,2018,2018,0.583,1.483,2.0,0.8,0,-0.245,0.234,2018-2026,HN public discussion proxy; not direct sales data
platform_fiverr,Fiverr,Marketplace / Platform Products,Success/Mature,freelance services marketplace,08,Pricing / Quote,42,1.0,8,2018,2021,0.583,1.483,2.0,0.8,0,0.028,0.477,2018-2026,HN public discussion proxy; not direct sales data
platform_fiverr,Fiverr,Marketplace / Platform Products,Success/Mature,freelance services marketplace,09,Purchase Intent,18,2.0,3,2018,2024,0.583,1.483,2.0,0.8,0,-0.195,0.123,2018-2026,HN public discussion proxy; not direct sales data
platform_fiverr,Fiverr,Marketplace / Platform Products,Success/Mature,freelance services marketplace,10,Purchase,33,0.583,3,2018,2019,0.583,1.483,2.0,0.8,0,0.386,-0.081,2018-2026,HN public discussion proxy; not direct sales data
platform_fiverr,Fiverr,Marketplace / Platform Products,Success/Mature,freelance services marketplace,11,Trial,21,2.667,4,2020,2023,0.583,1.483,2.0,0.8,-2,0.579,-0.03,2018-2026,HN public discussion proxy; not direct sales data
platform_fiverr,Fiverr,Marketplace / Platform Products,Success/Mature,freelance services marketplace,12,Installation / Onboarding,15,1.25,3,2023,2024,0.583,1.483,2.0,0.8,-5,0.482,0.02,2018-2026,HN public discussion proxy; not direct sales data
platform_fiverr,Fiverr,Marketplace / Platform Products,Success/Mature,freelance services marketplace,13,Usage,178,1.483,14,2018,2023,0.583,1.483,2.0,0.8,0,0.976,0.265,2018-2026,HN public discussion proxy; not direct sales data
platform_fiverr,Fiverr,Marketplace / Platform Products,Success/Mature,freelance services marketplace,14,Failure / Friction,83,1.429,6,2018,2022,0.583,1.483,2.0,0.8,0,0.424,0.664,2018-2026,HN public discussion proxy; not direct sales data
platform_fiverr,Fiverr,Marketplace / Platform Products,Success/Mature,freelance services marketplace,15,Support,64,1.333,6,2018,2023,0.583,1.483,2.0,0.8,0,0.906,0.505,2018-2026,HN public discussion proxy; not direct sales data
platform_fiverr,Fiverr,Marketplace / Platform Products,Success/Mature,freelance services marketplace,16,Dissatisfaction,3,0.667,1,,2018,0.583,1.483,2.0,0.8,,-0.21,0.033,2018-2026,HN public discussion proxy; not direct sales data
platform_fiverr,Fiverr,Marketplace / Platform Products,Success/Mature,freelance services marketplace,17,Replacement,12,2.0,1,2022,2023,0.583,1.483,2.0,0.8,-4,0.878,0.348,2018-2026,HN public discussion proxy; not direct sales data
platform_fiverr,Fiverr,Marketplace / Platform Products,Success/Mature,freelance services marketplace,18,Switching,4,1.5,2,2022,2022,0.583,1.483,2.0,0.8,-4,-0.106,0.754,2018-2026,HN public discussion proxy; not direct sales data
platform_fiverr,Fiverr,Marketplace / Platform Products,Success/Mature,freelance services marketplace,19,Upgrade,2,1.0,1,,2019,0.583,1.483,2.0,0.8,,-0.073,-0.514,2018-2026,HN public discussion proxy; not direct sales data
platform_fiverr,Fiverr,Marketplace / Platform Products,Success/Mature,freelance services marketplace,20,Repeat Purchase,9,0.8,2,2018,2018,0.583,1.483,2.0,0.8,0,0.495,-0.558,2018-2026,HN public discussion proxy; not direct sales data
platform_shopify_app_store,Shopify App Store,Marketplace / Platform Products,Success/Platform,merchant app marketplace,01,Problem Recognition,106,1.118,20,2018,2020,0.409,0.54,1.0,1.0,0,0.281,0.218,2018-2026,HN public discussion proxy; not direct sales data
platform_shopify_app_store,Shopify App Store,Marketplace / Platform Products,Success/Platform,merchant app marketplace,02,Search,79,1.067,7,2018,2021,0.409,0.54,1.0,1.0,0,0.186,-0.374,2018-2026,HN public discussion proxy; not direct sales data
platform_shopify_app_store,Shopify App Store,Marketplace / Platform Products,Success/Platform,merchant app marketplace,03,Recommendation Seeking,41,1.375,6,2018,2021,0.409,0.54,1.0,1.0,0,0.315,-0.443,2018-2026,HN public discussion proxy; not direct sales data
platform_shopify_app_store,Shopify App Store,Marketplace / Platform Products,Success/Platform,merchant app marketplace,04,Solution Discovery,62,2.833,11,2018,2023,0.409,0.54,1.0,1.0,0,-0.305,-0.493,2018-2026,HN public discussion proxy; not direct sales data
platform_shopify_app_store,Shopify App Store,Marketplace / Platform Products,Success/Platform,merchant app marketplace,05,Comparison,29,3.333,8,2020,2023,0.409,0.54,1.0,1.0,-2,-0.243,-0.399,2018-2026,HN public discussion proxy; not direct sales data
platform_shopify_app_store,Shopify App Store,Marketplace / Platform Products,Success/Platform,merchant app marketplace,06,Alternative Seeking,71,2.0,18,2018,2020,0.409,0.54,1.0,1.0,0,0.377,-0.048,2018-2026,HN public discussion proxy; not direct sales data
platform_shopify_app_store,Shopify App Store,Marketplace / Platform Products,Success/Platform,merchant app marketplace,07,Vendor / Provider Search,42,0.818,7,2019,2020,0.409,0.54,1.0,1.0,-1,0.709,0.344,2018-2026,HN public discussion proxy; not direct sales data
platform_shopify_app_store,Shopify App Store,Marketplace / Platform Products,Success/Platform,merchant app marketplace,08,Pricing / Quote,49,0.636,9,2019,2020,0.409,0.54,1.0,1.0,-1,0.902,-0.012,2018-2026,HN public discussion proxy; not direct sales data
platform_shopify_app_store,Shopify App Store,Marketplace / Platform Products,Success/Platform,merchant app marketplace,09,Purchase Intent,39,0.429,4,2018,2020,0.409,0.54,1.0,1.0,0,0.823,0.538,2018-2026,HN public discussion proxy; not direct sales data
platform_shopify_app_store,Shopify App Store,Marketplace / Platform Products,Success/Platform,merchant app marketplace,10,Purchase,61,0.409,6,2018,2019,0.409,0.54,1.0,1.0,0,0.785,0.548,2018-2026,HN public discussion proxy; not direct sales data
platform_shopify_app_store,Shopify App Store,Marketplace / Platform Products,Success/Platform,merchant app marketplace,11,Trial,45,1.0,4,2019,2023,0.409,0.54,1.0,1.0,-1,0.264,-0.599,2018-2026,HN public discussion proxy; not direct sales data
platform_shopify_app_store,Shopify App Store,Marketplace / Platform Products,Success/Platform,merchant app marketplace,12,Installation / Onboarding,204,0.622,23,2018,2020,0.409,0.54,1.0,1.0,0,0.895,0.205,2018-2026,HN public discussion proxy; not direct sales data
platform_shopify_app_store,Shopify App Store,Marketplace / Platform Products,Success/Platform,merchant app marketplace,13,Usage,260,0.54,29,2018,2019,0.409,0.54,1.0,1.0,0,0.984,0.129,2018-2026,HN public discussion proxy; not direct sales data
platform_shopify_app_store,Shopify App Store,Marketplace / Platform Products,Success/Platform,merchant app marketplace,14,Failure / Friction,42,3.0,4,2018,2025,0.409,0.54,1.0,1.0,0,-0.244,-0.845,2018-2026,HN public discussion proxy; not direct sales data
platform_shopify_app_store,Shopify App Store,Marketplace / Platform Products,Success/Platform,merchant app marketplace,15,Support,97,1.588,10,2018,2022,0.409,0.54,1.0,1.0,0,-0.024,-0.341,2018-2026,HN public discussion proxy; not direct sales data
platform_shopify_app_store,Shopify App Store,Marketplace / Platform Products,Success/Platform,merchant app marketplace,16,Dissatisfaction,0,1.0,0,,2018,0.409,0.54,1.0,1.0,,,,2018-2026,HN public discussion proxy; not direct sales data
platform_shopify_app_store,Shopify App Store,Marketplace / Platform Products,Success/Platform,merchant app marketplace,17,Replacement,5,1.0,1,,2019,0.409,0.54,1.0,1.0,,0.394,0.222,2018-2026,HN public discussion proxy; not direct sales data
platform_shopify_app_store,Shopify App Store,Marketplace / Platform Products,Success/Platform,merchant app marketplace,18,Switching,11,2.0,4,2020,2021,0.409,0.54,1.0,1.0,-2,0.429,-0.409,2018-2026,HN public discussion proxy; not direct sales data
platform_shopify_app_store,Shopify App Store,Marketplace / Platform Products,Success/Platform,merchant app marketplace,19,Upgrade,19,0.5,8,2019,2019,0.409,0.54,1.0,1.0,-1,0.604,-0.009,2018-2026,HN public discussion proxy; not direct sales data
platform_shopify_app_store,Shopify App Store,Marketplace / Platform Products,Success/Platform,merchant app marketplace,20,Repeat Purchase,22,1.0,3,2019,2020,0.409,0.54,1.0,1.0,-1,0.614,0.297,2018-2026,HN public discussion proxy; not direct sales data
platform_stripe,Stripe,Marketplace / Platform Products,Success/Platform,payments platform,01,Problem Recognition,723,1.331,50,2018,2022,1.0,1.054,0.8,0.938,0,0.499,-0.243,2018-2026,HN public discussion proxy; not direct sales data
platform_stripe,Stripe,Marketplace / Platform Products,Success/Platform,payments platform,02,Search,532,1.13,21,2018,2022,1.0,1.054,0.8,0.938,0,0.68,-0.001,2018-2026,HN public discussion proxy; not direct sales data
platform_stripe,Stripe,Marketplace / Platform Products,Success/Platform,payments platform,03,Recommendation Seeking,189,0.643,14,2018,2020,1.0,1.054,0.8,0.938,0,0.516,0.58,2018-2026,HN public discussion proxy; not direct sales data
platform_stripe,Stripe,Marketplace / Platform Products,Success/Platform,payments platform,04,Solution Discovery,656,1.542,30,2018,2022,1.0,1.054,0.8,0.938,0,0.57,-0.188,2018-2026,HN public discussion proxy; not direct sales data
platform_stripe,Stripe,Marketplace / Platform Products,Success/Platform,payments platform,05,Comparison,210,1.912,12,2018,2025,1.0,1.054,0.8,0.938,0,0.277,0.443,2018-2026,HN public discussion proxy; not direct sales data
platform_stripe,Stripe,Marketplace / Platform Products,Success/Platform,payments platform,06,Alternative Seeking,381,1.197,17,2018,2022,1.0,1.054,0.8,0.938,0,0.719,-0.078,2018-2026,HN public discussion proxy; not direct sales data
platform_stripe,Stripe,Marketplace / Platform Products,Success/Platform,payments platform,07,Vendor / Provider Search,163,1.481,7,2018,2024,1.0,1.054,0.8,0.938,0,0.407,0.058,2018-2026,HN public discussion proxy; not direct sales data
platform_stripe,Stripe,Marketplace / Platform Products,Success/Platform,payments platform,08,Pricing / Quote,335,1.655,19,2018,2022,1.0,1.054,0.8,0.938,0,0.403,-0.023,2018-2026,HN public discussion proxy; not direct sales data
platform_stripe,Stripe,Marketplace / Platform Products,Success/Platform,payments platform,09,Purchase Intent,73,0.789,8,2018,2020,1.0,1.054,0.8,0.938,0,0.165,0.519,2018-2026,HN public discussion proxy; not direct sales data
platform_stripe,Stripe,Marketplace / Platform Products,Success/Platform,payments platform,10,Purchase,126,1.0,8,2018,2022,1.0,1.054,0.8,0.938,0,0.793,0.307,2018-2026,HN public discussion proxy; not direct sales data
platform_stripe,Stripe,Marketplace / Platform Products,Success/Platform,payments platform,11,Trial,142,2.714,17,2018,2025,1.0,1.054,0.8,0.938,0,-0.154,-0.515,2018-2026,HN public discussion proxy; not direct sales data
platform_stripe,Stripe,Marketplace / Platform Products,Success/Platform,payments platform,12,Installation / Onboarding,141,3.923,25,2019,2026,1.0,1.054,0.8,0.938,-1,0.287,0.441,2018-2026,HN public discussion proxy; not direct sales data
platform_stripe,Stripe,Marketplace / Platform Products,Success/Platform,payments platform,13,Usage,1373,1.054,43,2018,2022,1.0,1.054,0.8,0.938,0,0.995,0.57,2018-2026,HN public discussion proxy; not direct sales data
platform_stripe,Stripe,Marketplace / Platform Products,Success/Platform,payments platform,14,Failure / Friction,354,0.789,23,2018,2022,1.0,1.054,0.8,0.938,0,0.882,0.4,2018-2026,HN public discussion proxy; not direct sales data
platform_stripe,Stripe,Marketplace / Platform Products,Success/Platform,payments platform,15,Support,1121,1.014,42,2018,2022,1.0,1.054,0.8,0.938,0,0.88,0.396,2018-2026,HN public discussion proxy; not direct sales data
platform_stripe,Stripe,Marketplace / Platform Products,Success/Platform,payments platform,16,Dissatisfaction,14,0.6,2,2019,2022,1.0,1.054,0.8,0.938,-1,0.727,0.384,2018-2026,HN public discussion proxy; not direct sales data
platform_stripe,Stripe,Marketplace / Platform Products,Success/Platform,payments platform,17,Replacement,36,0.8,4,2018,2022,1.0,1.054,0.8,0.938,0,0.45,-0.4,2018-2026,HN public discussion proxy; not direct sales data
platform_stripe,Stripe,Marketplace / Platform Products,Success/Platform,payments platform,18,Switching,52,2.625,8,2018,2025,1.0,1.054,0.8,0.938,0,0.394,0.447,2018-2026,HN public discussion proxy; not direct sales data
platform_stripe,Stripe,Marketplace / Platform Products,Success/Platform,payments platform,19,Upgrade,95,0.885,5,2018,2019,1.0,1.054,0.8,0.938,0,0.155,-0.023,2018-2026,HN public discussion proxy; not direct sales data
platform_stripe,Stripe,Marketplace / Platform Products,Success/Platform,payments platform,20,Repeat Purchase,62,0.938,3,2018,2023,1.0,1.054,0.8,0.938,0,0.319,0.252,2018-2026,HN public discussion proxy; not direct sales data
platform_product_hunt,Product Hunt,Marketplace / Platform Products,Success/Community,product launch community,01,Problem Recognition,407,2.833,40,2018,2025,1.067,1.114,1.625,2.0,0,0.54,-0.212,2018-2026,HN public discussion proxy; not direct sales data
platform_product_hunt,Product Hunt,Marketplace / Platform Products,Success/Community,product launch community,02,Search,427,1.413,25,2018,2025,1.067,1.114,1.625,2.0,0,0.818,-0.118,2018-2026,HN public discussion proxy; not direct sales data
platform_product_hunt,Product Hunt,Marketplace / Platform Products,Success/Community,product launch community,03,Recommendation Seeking,154,1.0,10,2018,2024,1.067,1.114,1.625,2.0,0,0.645,0.139,2018-2026,HN public discussion proxy; not direct sales data
platform_product_hunt,Product Hunt,Marketplace / Platform Products,Success/Community,product launch community,04,Solution Discovery,768,1.626,35,2018,2025,1.067,1.114,1.625,2.0,0,0.867,-0.125,2018-2026,HN public discussion proxy; not direct sales data
platform_product_hunt,Product Hunt,Marketplace / Platform Products,Success/Community,product launch community,05,Comparison,98,1.895,10,2018,2025,1.067,1.114,1.625,2.0,0,0.672,-0.287,2018-2026,HN public discussion proxy; not direct sales data
platform_product_hunt,Product Hunt,Marketplace / Platform Products,Success/Community,product launch community,06,Alternative Seeking,231,2.531,18,2018,2025,1.067,1.114,1.625,2.0,0,0.769,-0.063,2018-2026,HN public discussion proxy; not direct sales data
platform_product_hunt,Product Hunt,Marketplace / Platform Products,Success/Community,product launch community,07,Vendor / Provider Search,27,0.7,3,2018,2018,1.067,1.114,1.625,2.0,0,-0.112,-0.532,2018-2026,HN public discussion proxy; not direct sales data
platform_product_hunt,Product Hunt,Marketplace / Platform Products,Success/Community,product launch community,08,Pricing / Quote,108,2.765,26,2018,2025,1.067,1.114,1.625,2.0,0,0.38,-0.614,2018-2026,HN public discussion proxy; not direct sales data
platform_product_hunt,Product Hunt,Marketplace / Platform Products,Success/Community,product launch community,09,Purchase Intent,30,0.778,3,2018,2020,1.067,1.114,1.625,2.0,0,-0.224,-0.14,2018-2026,HN public discussion proxy; not direct sales data
platform_product_hunt,Product Hunt,Marketplace / Platform Products,Success/Community,product launch community,10,Purchase,55,1.067,3,2018,2025,1.067,1.114,1.625,2.0,0,0.415,-0.449,2018-2026,HN public discussion proxy; not direct sales data
platform_product_hunt,Product Hunt,Marketplace / Platform Products,Success/Community,product launch community,11,Trial,105,2.562,15,2018,2025,1.067,1.114,1.625,2.0,0,0.519,-0.486,2018-2026,HN public discussion proxy; not direct sales data
platform_product_hunt,Product Hunt,Marketplace / Platform Products,Success/Community,product launch community,12,Installation / Onboarding,86,2.5,11,2018,2026,1.067,1.114,1.625,2.0,0,0.21,-0.218,2018-2026,HN public discussion proxy; not direct sales data
platform_product_hunt,Product Hunt,Marketplace / Platform Products,Success/Community,product launch community,13,Usage,608,1.114,36,2018,2025,1.067,1.114,1.625,2.0,0,0.987,0.226,2018-2026,HN public discussion proxy; not direct sales data
platform_product_hunt,Product Hunt,Marketplace / Platform Products,Success/Community,product launch community,14,Failure / Friction,200,1.6,12,2018,2024,1.067,1.114,1.625,2.0,0,0.669,0.345,2018-2026,HN public discussion proxy; not direct sales data
platform_product_hunt,Product Hunt,Marketplace / Platform Products,Success/Community,product launch community,15,Support,691,2.417,62,2018,2023,1.067,1.114,1.625,2.0,0,0.893,0.417,2018-2026,HN public discussion proxy; not direct sales data
platform_product_hunt,Product Hunt,Marketplace / Platform Products,Success/Community,product launch community,16,Dissatisfaction,14,1.25,3,2021,2021,1.067,1.114,1.625,2.0,-3,0.275,-0.254,2018-2026,HN public discussion proxy; not direct sales data
platform_product_hunt,Product Hunt,Marketplace / Platform Products,Success/Community,product launch community,17,Replacement,23,1.625,4,2018,2026,1.067,1.114,1.625,2.0,0,-0.243,-0.632,2018-2026,HN public discussion proxy; not direct sales data
platform_product_hunt,Product Hunt,Marketplace / Platform Products,Success/Community,product launch community,18,Switching,30,3.75,5,2019,2026,1.067,1.114,1.625,2.0,-1,0.033,0.179,2018-2026,HN public discussion proxy; not direct sales data
platform_product_hunt,Product Hunt,Marketplace / Platform Products,Success/Community,product launch community,19,Upgrade,35,1.333,4,2018,2025,1.067,1.114,1.625,2.0,0,0.245,-0.177,2018-2026,HN public discussion proxy; not direct sales data
platform_product_hunt,Product Hunt,Marketplace / Platform Products,Success/Community,product launch community,20,Repeat Purchase,21,2.0,5,2020,2022,1.067,1.114,1.625,2.0,-2,0.049,0.46,2018-2026,HN public discussion proxy; not direct sales data
platform_tiktok_shop,TikTok Shop,Marketplace / Platform Products,Success/Growing,social commerce marketplace,01,Problem Recognition,17,5.5,3,2021,2025,2.0,5.0,1.0,1.0,3,0.827,0.651,2018-2026,HN public discussion proxy; not direct sales data
platform_tiktok_shop,TikTok Shop,Marketplace / Platform Products,Success/Growing,social commerce marketplace,02,Search,13,2.5,2,2021,2023,2.0,5.0,1.0,1.0,3,0.5,0.8,2018-2026,HN public discussion proxy; not direct sales data
platform_tiktok_shop,TikTok Shop,Marketplace / Platform Products,Success/Growing,social commerce marketplace,03,Recommendation Seeking,13,4.0,2,2021,2024,2.0,5.0,1.0,1.0,3,0.761,0.889,2018-2026,HN public discussion proxy; not direct sales data
platform_tiktok_shop,TikTok Shop,Marketplace / Platform Products,Success/Growing,social commerce marketplace,04,Solution Discovery,14,3.5,2,2021,2022,2.0,5.0,1.0,1.0,3,0.7,0.473,2018-2026,HN public discussion proxy; not direct sales data
platform_tiktok_shop,TikTok Shop,Marketplace / Platform Products,Success/Growing,social commerce marketplace,05,Comparison,6,2.5,1,2024,2024,2.0,5.0,1.0,1.0,0,0.722,0.885,2018-2026,HN public discussion proxy; not direct sales data
platform_tiktok_shop,TikTok Shop,Marketplace / Platform Products,Success/Growing,social commerce marketplace,06,Alternative Seeking,11,4.0,2,2024,2025,2.0,5.0,1.0,1.0,0,0.928,0.55,2018-2026,HN public discussion proxy; not direct sales data
platform_tiktok_shop,TikTok Shop,Marketplace / Platform Products,Success/Growing,social commerce marketplace,07,Vendor / Provider Search,2,1.5,1,,2024,2.0,5.0,1.0,1.0,,0.472,0.655,2018-2026,HN public discussion proxy; not direct sales data
platform_tiktok_shop,TikTok Shop,Marketplace / Platform Products,Success/Growing,social commerce marketplace,08,Pricing / Quote,2,1.5,1,,2024,2.0,5.0,1.0,1.0,,0.756,0.667,2018-2026,HN public discussion proxy; not direct sales data
platform_tiktok_shop,TikTok Shop,Marketplace / Platform Products,Success/Growing,social commerce marketplace,09,Purchase Intent,3,2.0,1,,2024,2.0,5.0,1.0,1.0,,0.833,0.667,2018-2026,HN public discussion proxy; not direct sales data
platform_tiktok_shop,TikTok Shop,Marketplace / Platform Products,Success/Growing,social commerce marketplace,10,Purchase,5,2.0,1,2024,2024,2.0,5.0,1.0,1.0,0,0.746,0.885,2018-2026,HN public discussion proxy; not direct sales data
platform_tiktok_shop,TikTok Shop,Marketplace / Platform Products,Success/Growing,social commerce marketplace,11,Trial,4,2.0,2,2023,2023,2.0,5.0,1.0,1.0,1,0.189,0.364,2018-2026,HN public discussion proxy; not direct sales data
platform_tiktok_shop,TikTok Shop,Marketplace / Platform Products,Success/Growing,social commerce marketplace,12,Installation / Onboarding,4,1.5,2,2023,2023,2.0,5.0,1.0,1.0,1,0.172,0.476,2018-2026,HN public discussion proxy; not direct sales data
platform_tiktok_shop,TikTok Shop,Marketplace / Platform Products,Success/Growing,social commerce marketplace,13,Usage,27,5.0,5,2020,2025,2.0,5.0,1.0,1.0,4,0.904,0.465,2018-2026,HN public discussion proxy; not direct sales data
platform_tiktok_shop,TikTok Shop,Marketplace / Platform Products,Success/Growing,social commerce marketplace,14,Failure / Friction,10,4.0,2,2024,2025,2.0,5.0,1.0,1.0,0,0.853,0.617,2018-2026,HN public discussion proxy; not direct sales data
platform_tiktok_shop,TikTok Shop,Marketplace / Platform Products,Success/Growing,social commerce marketplace,15,Support,12,3.5,4,2022,2022,2.0,5.0,1.0,1.0,2,0.806,0.455,2018-2026,HN public discussion proxy; not direct sales data
platform_tiktok_shop,TikTok Shop,Marketplace / Platform Products,Success/Growing,social commerce marketplace,16,Dissatisfaction,1,1.0,1,,2023,2.0,5.0,1.0,1.0,,-0.0,0.364,2018-2026,HN public discussion proxy; not direct sales data
platform_tiktok_shop,TikTok Shop,Marketplace / Platform Products,Success/Growing,social commerce marketplace,17,Replacement,0,1.0,0,,2018,2.0,5.0,1.0,1.0,,,,2018-2026,HN public discussion proxy; not direct sales data
platform_tiktok_shop,TikTok Shop,Marketplace / Platform Products,Success/Growing,social commerce marketplace,18,Switching,0,1.0,0,,2018,2.0,5.0,1.0,1.0,,,,2018-2026,HN public discussion proxy; not direct sales data
platform_tiktok_shop,TikTok Shop,Marketplace / Platform Products,Success/Growing,social commerce marketplace,19,Upgrade,4,1.5,1,,2022,2.0,5.0,1.0,1.0,,0.474,0.646,2018-2026,HN public discussion proxy; not direct sales data
platform_tiktok_shop,TikTok Shop,Marketplace / Platform Products,Success/Growing,social commerce marketplace,20,Repeat Purchase,4,1.0,1,2024,2024,2.0,5.0,1.0,1.0,0,0.401,0.748,2018-2026,HN public discussion proxy; not direct sales data
platform_substack,Substack,Marketplace / Platform Products,Success/Growing,newsletter platform,01,Problem Recognition,824,18.429,76,2020,2023,7.0,30.5,9.5,5.0,0,0.946,0.755,2018-2026,HN public discussion proxy; not direct sales data
platform_substack,Substack,Marketplace / Platform Products,Success/Growing,newsletter platform,02,Search,466,9.071,40,2020,2023,7.0,30.5,9.5,5.0,0,0.905,0.821,2018-2026,HN public discussion proxy; not direct sales data
platform_substack,Substack,Marketplace / Platform Products,Success/Growing,newsletter platform,03,Recommendation Seeking,454,23.2,38,2020,2023,7.0,30.5,9.5,5.0,0,0.888,0.806,2018-2026,HN public discussion proxy; not direct sales data
platform_substack,Substack,Marketplace / Platform Products,Success/Growing,newsletter platform,04,Solution Discovery,1447,16.107,108,2020,2025,7.0,30.5,9.5,5.0,0,0.972,0.809,2018-2026,HN public discussion proxy; not direct sales data
platform_substack,Substack,Marketplace / Platform Products,Success/Growing,newsletter platform,05,Comparison,817,49.0,60,2020,2025,7.0,30.5,9.5,5.0,0,0.972,0.833,2018-2026,HN public discussion proxy; not direct sales data
platform_substack,Substack,Marketplace / Platform Products,Success/Growing,newsletter platform,06,Alternative Seeking,395,16.5,43,2020,2023,7.0,30.5,9.5,5.0,0,0.882,0.681,2018-2026,HN public discussion proxy; not direct sales data
platform_substack,Substack,Marketplace / Platform Products,Success/Growing,newsletter platform,07,Vendor / Provider Search,80,16.5,8,2020,2026,7.0,30.5,9.5,5.0,0,0.881,0.721,2018-2026,HN public discussion proxy; not direct sales data
platform_substack,Substack,Marketplace / Platform Products,Success/Growing,newsletter platform,08,Pricing / Quote,210,11.429,14,2020,2025,7.0,30.5,9.5,5.0,0,0.88,0.866,2018-2026,HN public discussion proxy; not direct sales data
platform_substack,Substack,Marketplace / Platform Products,Success/Growing,newsletter platform,09,Purchase Intent,45,8.5,8,2020,2023,7.0,30.5,9.5,5.0,0,0.832,0.488,2018-2026,HN public discussion proxy; not direct sales data
platform_substack,Substack,Marketplace / Platform Products,Success/Growing,newsletter platform,10,Purchase,127,7.0,15,2020,2023,7.0,30.5,9.5,5.0,0,0.878,0.636,2018-2026,HN public discussion proxy; not direct sales data
platform_substack,Substack,Marketplace / Platform Products,Success/Growing,newsletter platform,11,Trial,322,20.8,30,2020,2022,7.0,30.5,9.5,5.0,0,0.842,0.885,2018-2026,HN public discussion proxy; not direct sales data
platform_substack,Substack,Marketplace / Platform Products,Success/Growing,newsletter platform,12,Installation / Onboarding,109,10.0,12,2021,2026,7.0,30.5,9.5,5.0,-1,0.796,0.664,2018-2026,HN public discussion proxy; not direct sales data
platform_substack,Substack,Marketplace / Platform Products,Success/Growing,newsletter platform,13,Usage,1324,30.5,96,2020,2025,7.0,30.5,9.5,5.0,0,0.996,0.758,2018-2026,HN public discussion proxy; not direct sales data
platform_substack,Substack,Marketplace / Platform Products,Success/Growing,newsletter platform,14,Failure / Friction,264,15.167,34,2020,2021,7.0,30.5,9.5,5.0,0,0.886,0.778,2018-2026,HN public discussion proxy; not direct sales data
platform_substack,Substack,Marketplace / Platform Products,Success/Growing,newsletter platform,15,Support,824,14.643,79,2020,2022,7.0,30.5,9.5,5.0,0,0.785,0.791,2018-2026,HN public discussion proxy; not direct sales data
platform_substack,Substack,Marketplace / Platform Products,Success/Growing,newsletter platform,16,Dissatisfaction,18,1.5,2,2020,2023,7.0,30.5,9.5,5.0,0,0.458,0.581,2018-2026,HN public discussion proxy; not direct sales data
platform_substack,Substack,Marketplace / Platform Products,Success/Growing,newsletter platform,17,Replacement,65,9.5,6,2020,2023,7.0,30.5,9.5,5.0,0,0.857,0.775,2018-2026,HN public discussion proxy; not direct sales data
platform_substack,Substack,Marketplace / Platform Products,Success/Growing,newsletter platform,18,Switching,26,4.0,3,2020,2022,7.0,30.5,9.5,5.0,0,0.668,0.954,2018-2026,HN public discussion proxy; not direct sales data
platform_substack,Substack,Marketplace / Platform Products,Success/Growing,newsletter platform,19,Upgrade,57,7.333,5,2020,2026,7.0,30.5,9.5,5.0,0,0.786,0.78,2018-2026,HN public discussion proxy; not direct sales data
platform_substack,Substack,Marketplace / Platform Products,Success/Growing,newsletter platform,20,Repeat Purchase,28,5.0,7,2021,2021,7.0,30.5,9.5,5.0,-1,0.679,0.463,2018-2026,HN public discussion proxy; not direct sales data
platform_patreon,Patreon,Marketplace / Platform Products,Success/Mature,creator subscription platform,01,Problem Recognition,8821,1.303,709,2018,2025,1.251,1.993,0.262,0.629,0,-0.398,-0.423,2018-2026,HN public discussion proxy; not direct sales data
platform_patreon,Patreon,Marketplace / Platform Products,Success/Mature,creator subscription platform,02,Search,3906,1.461,193,2018,2023,1.251,1.993,0.262,0.629,0,0.062,0.088,2018-2026,HN public discussion proxy; not direct sales data
platform_patreon,Patreon,Marketplace / Platform Products,Success/Mature,creator subscription platform,03,Recommendation Seeking,1811,0.59,215,2018,2022,1.251,1.993,0.262,0.629,0,-0.104,-0.275,2018-2026,HN public discussion proxy; not direct sales data
platform_patreon,Patreon,Marketplace / Platform Products,Success/Mature,creator subscription platform,04,Solution Discovery,5919,2.935,566,2018,2025,1.251,1.993,0.262,0.629,0,0.261,0.698,2018-2026,HN public discussion proxy; not direct sales data
platform_patreon,Patreon,Marketplace / Platform Products,Success/Mature,creator subscription platform,05,Comparison,3234,1.811,156,2018,2025,1.251,1.993,0.262,0.629,0,0.491,0.279,2018-2026,HN public discussion proxy; not direct sales data
platform_patreon,Patreon,Marketplace / Platform Products,Success/Mature,creator subscription platform,06,Alternative Seeking,1434,0.22,191,2018,2022,1.251,1.993,0.262,0.629,0,-0.245,-0.099,2018-2026,HN public discussion proxy; not direct sales data
platform_patreon,Patreon,Marketplace / Platform Products,Success/Mature,creator subscription platform,07,Vendor / Provider Search,326,3.299,100,2018,2026,1.251,1.993,0.262,0.629,0,0.141,0.012,2018-2026,HN public discussion proxy; not direct sales data
platform_patreon,Patreon,Marketplace / Platform Products,Success/Mature,creator subscription platform,08,Pricing / Quote,420,1.324,130,2019,2023,1.251,1.993,0.262,0.629,-1,0.444,0.178,2018-2026,HN public discussion proxy; not direct sales data
platform_patreon,Patreon,Marketplace / Platform Products,Success/Mature,creator subscription platform,09,Purchase Intent,407,2.0,30,2018,2021,1.251,1.993,0.262,0.629,0,-0.079,0.188,2018-2026,HN public discussion proxy; not direct sales data
platform_patreon,Patreon,Marketplace / Platform Products,Success/Mature,creator subscription platform,10,Purchase,882,1.251,108,2018,2022,1.251,1.993,0.262,0.629,0,0.833,-0.185,2018-2026,HN public discussion proxy; not direct sales data
platform_patreon,Patreon,Marketplace / Platform Products,Success/Mature,creator subscription platform,11,Trial,1271,3.056,102,2019,2025,1.251,1.993,0.262,0.629,-1,0.545,0.242,2018-2026,HN public discussion proxy; not direct sales data
platform_patreon,Patreon,Marketplace / Platform Products,Success/Mature,creator subscription platform,12,Installation / Onboarding,1646,2.589,144,2018,2026,1.251,1.993,0.262,0.629,0,0.397,0.044,2018-2026,HN public discussion proxy; not direct sales data
platform_patreon,Patreon,Marketplace / Platform Products,Success/Mature,creator subscription platform,13,Usage,12174,1.993,1675,2018,2025,1.251,1.993,0.262,0.629,0,0.998,0.126,2018-2026,HN public discussion proxy; not direct sales data
platform_patreon,Patreon,Marketplace / Platform Products,Success/Mature,creator subscription platform,14,Failure / Friction,3572,1.386,337,2018,2025,1.251,1.993,0.262,0.629,0,0.214,-0.022,2018-2026,HN public discussion proxy; not direct sales data
platform_patreon,Patreon,Marketplace / Platform Products,Success/Mature,creator subscription platform,15,Support,8542,1.307,497,2018,2023,1.251,1.993,0.262,0.629,0,0.122,0.145,2018-2026,HN public discussion proxy; not direct sales data
platform_patreon,Patreon,Marketplace / Platform Products,Success/Mature,creator subscription platform,16,Dissatisfaction,302,1.0,31,2018,2021,1.251,1.993,0.262,0.629,0,-0.184,0.114,2018-2026,HN public discussion proxy; not direct sales data
platform_patreon,Patreon,Marketplace / Platform Products,Success/Mature,creator subscription platform,17,Replacement,494,0.262,25,2018,2022,1.251,1.993,0.262,0.629,0,-0.088,-0.097,2018-2026,HN public discussion proxy; not direct sales data
platform_patreon,Patreon,Marketplace / Platform Products,Success/Mature,creator subscription platform,18,Switching,69,0.077,33,2019,2019,1.251,1.993,0.262,0.629,-1,0.099,0.091,2018-2026,HN public discussion proxy; not direct sales data
platform_patreon,Patreon,Marketplace / Platform Products,Success/Mature,creator subscription platform,19,Upgrade,545,2.667,95,2018,2022,1.251,1.993,0.262,0.629,0,0.715,0.041,2018-2026,HN public discussion proxy; not direct sales data
platform_patreon,Patreon,Marketplace / Platform Products,Success/Mature,creator subscription platform,20,Repeat Purchase,280,0.629,28,2018,2023,1.251,1.993,0.262,0.629,0,-0.116,-0.153,2018-2026,HN public discussion proxy; not direct sales data
ai_deepseek,DeepSeek,AI Products,Success/Growing,open model and AI assistant,01,Problem Recognition,220,108.0,107,2025,2025,17.0,288.0,9.5,7.5,0,1.0,0.644,2018-2026,HN public discussion proxy; not direct sales data
ai_deepseek,DeepSeek,AI Products,Success/Growing,open model and AI assistant,02,Search,145,68.0,66,2025,2025,17.0,288.0,9.5,7.5,0,0.998,0.689,2018-2026,HN public discussion proxy; not direct sales data
ai_deepseek,DeepSeek,AI Products,Success/Growing,open model and AI assistant,03,Recommendation Seeking,65,32.0,29,2025,2026,17.0,288.0,9.5,7.5,0,0.994,0.622,2018-2026,HN public discussion proxy; not direct sales data
ai_deepseek,DeepSeek,AI Products,Success/Growing,open model and AI assistant,04,Solution Discovery,277,136.5,160,2025,2025,17.0,288.0,9.5,7.5,0,0.979,0.647,2018-2026,HN public discussion proxy; not direct sales data
ai_deepseek,DeepSeek,AI Products,Success/Growing,open model and AI assistant,05,Comparison,183,89.0,96,2025,2025,17.0,288.0,9.5,7.5,0,0.991,0.662,2018-2026,HN public discussion proxy; not direct sales data
ai_deepseek,DeepSeek,AI Products,Success/Growing,open model and AI assistant,06,Alternative Seeking,72,35.5,37,2025,2025,17.0,288.0,9.5,7.5,0,0.995,0.649,2018-2026,HN public discussion proxy; not direct sales data
ai_deepseek,DeepSeek,AI Products,Success/Growing,open model and AI assistant,07,Vendor / Provider Search,53,27.5,30,2025,2025,17.0,288.0,9.5,7.5,0,0.992,0.635,2018-2026,HN public discussion proxy; not direct sales data
ai_deepseek,DeepSeek,AI Products,Success/Growing,open model and AI assistant,08,Pricing / Quote,142,70.5,53,2025,2026,17.0,288.0,9.5,7.5,0,0.907,0.667,2018-2026,HN public discussion proxy; not direct sales data
ai_deepseek,DeepSeek,AI Products,Success/Growing,open model and AI assistant,09,Purchase Intent,16,9.0,6,2025,2026,17.0,288.0,9.5,7.5,0,0.91,0.635,2018-2026,HN public discussion proxy; not direct sales data
ai_deepseek,DeepSeek,AI Products,Success/Growing,open model and AI assistant,10,Purchase,35,17.0,12,2025,2026,17.0,288.0,9.5,7.5,0,0.97,0.673,2018-2026,HN public discussion proxy; not direct sales data
ai_deepseek,DeepSeek,AI Products,Success/Growing,open model and AI assistant,11,Trial,93,46.0,33,2025,2026,17.0,288.0,9.5,7.5,0,0.956,0.649,2018-2026,HN public discussion proxy; not direct sales data
ai_deepseek,DeepSeek,AI Products,Success/Growing,open model and AI assistant,12,Installation / Onboarding,92,46.0,36,2025,2026,17.0,288.0,9.5,7.5,0,0.975,0.652,2018-2026,HN public discussion proxy; not direct sales data
ai_deepseek,DeepSeek,AI Products,Success/Growing,open model and AI assistant,13,Usage,597,288.0,292,2025,2025,17.0,288.0,9.5,7.5,0,0.999,0.663,2018-2026,HN public discussion proxy; not direct sales data
ai_deepseek,DeepSeek,AI Products,Success/Growing,open model and AI assistant,14,Failure / Friction,98,49.0,45,2025,2026,17.0,288.0,9.5,7.5,0,0.997,0.648,2018-2026,HN public discussion proxy; not direct sales data
ai_deepseek,DeepSeek,AI Products,Success/Growing,open model and AI assistant,15,Support,258,122.0,145,2025,2025,17.0,288.0,9.5,7.5,0,0.963,0.668,2018-2026,HN public discussion proxy; not direct sales data
ai_deepseek,DeepSeek,AI Products,Success/Growing,open model and AI assistant,16,Dissatisfaction,14,8.0,9,2025,2025,17.0,288.0,9.5,7.5,0,0.958,0.635,2018-2026,HN public discussion proxy; not direct sales data
ai_deepseek,DeepSeek,AI Products,Success/Growing,open model and AI assistant,17,Replacement,18,9.5,11,2025,2026,17.0,288.0,9.5,7.5,0,0.784,0.566,2018-2026,HN public discussion proxy; not direct sales data
ai_deepseek,DeepSeek,AI Products,Success/Growing,open model and AI assistant,18,Switching,20,11.0,9,2025,2026,17.0,288.0,9.5,7.5,0,0.99,0.635,2018-2026,HN public discussion proxy; not direct sales data
ai_deepseek,DeepSeek,AI Products,Success/Growing,open model and AI assistant,19,Upgrade,27,12.5,7,2024,2026,17.0,288.0,9.5,7.5,1,0.97,0.827,2018-2026,HN public discussion proxy; not direct sales data
ai_deepseek,DeepSeek,AI Products,Success/Growing,open model and AI assistant,20,Repeat Purchase,13,7.5,5,2025,2026,17.0,288.0,9.5,7.5,0,0.906,0.635,2018-2026,HN public discussion proxy; not direct sales data
ai_grok,Grok,AI Products,Success/Growing,AI assistant,01,Problem Recognition,210,45.25,73,2024,2026,14.0,54.5,7.5,3.5,1,0.994,0.824,2018-2026,HN public discussion proxy; not direct sales data
ai_grok,Grok,AI Products,Success/Growing,AI assistant,02,Search,114,32.667,34,2024,2026,14.0,54.5,7.5,3.5,1,0.997,0.864,2018-2026,HN public discussion proxy; not direct sales data
ai_grok,Grok,AI Products,Success/Growing,AI assistant,03,Recommendation Seeking,45,12.333,11,2024,2026,14.0,54.5,7.5,3.5,1,0.991,0.907,2018-2026,HN public discussion proxy; not direct sales data
ai_grok,Grok,AI Products,Success/Growing,AI assistant,04,Solution Discovery,190,33.0,64,2024,2026,14.0,54.5,7.5,3.5,1,0.997,0.821,2018-2026,HN public discussion proxy; not direct sales data
ai_grok,Grok,AI Products,Success/Growing,AI assistant,05,Comparison,104,48.0,44,2025,2025,14.0,54.5,7.5,3.5,0,0.982,0.787,2018-2026,HN public discussion proxy; not direct sales data
ai_grok,Grok,AI Products,Success/Growing,AI assistant,06,Alternative Seeking,63,29.0,24,2025,2026,14.0,54.5,7.5,3.5,0,0.992,0.787,2018-2026,HN public discussion proxy; not direct sales data
ai_grok,Grok,AI Products,Success/Growing,AI assistant,07,Vendor / Provider Search,22,11.0,9,2025,2026,14.0,54.5,7.5,3.5,0,0.983,0.705,2018-2026,HN public discussion proxy; not direct sales data
ai_grok,Grok,AI Products,Success/Growing,AI assistant,08,Pricing / Quote,55,28.5,28,2025,2025,14.0,54.5,7.5,3.5,0,0.976,0.727,2018-2026,HN public discussion proxy; not direct sales data
ai_grok,Grok,AI Products,Success/Growing,AI assistant,09,Purchase Intent,14,7.5,6,2025,2026,14.0,54.5,7.5,3.5,0,0.986,0.723,2018-2026,HN public discussion proxy; not direct sales data
ai_grok,Grok,AI Products,Success/Growing,AI assistant,10,Purchase,28,14.0,14,2025,2026,14.0,54.5,7.5,3.5,0,0.899,0.905,2018-2026,HN public discussion proxy; not direct sales data
ai_grok,Grok,AI Products,Success/Growing,AI assistant,11,Trial,58,18.333,19,2025,2026,14.0,54.5,7.5,3.5,0,0.975,0.744,2018-2026,HN public discussion proxy; not direct sales data
ai_grok,Grok,AI Products,Success/Growing,AI assistant,12,Installation / Onboarding,60,27.5,17,2024,2026,14.0,54.5,7.5,3.5,1,0.99,0.838,2018-2026,HN public discussion proxy; not direct sales data
ai_grok,Grok,AI Products,Success/Growing,AI assistant,13,Usage,397,54.5,117,2023,2026,14.0,54.5,7.5,3.5,2,0.999,0.863,2018-2026,HN public discussion proxy; not direct sales data
ai_grok,Grok,AI Products,Success/Growing,AI assistant,14,Failure / Friction,86,25.0,24,2025,2026,14.0,54.5,7.5,3.5,0,0.987,0.822,2018-2026,HN public discussion proxy; not direct sales data
ai_grok,Grok,AI Products,Success/Growing,AI assistant,15,Support,150,69.0,55,2024,2026,14.0,54.5,7.5,3.5,1,0.994,0.828,2018-2026,HN public discussion proxy; not direct sales data
ai_grok,Grok,AI Products,Success/Growing,AI assistant,16,Dissatisfaction,17,6.5,3,2021,2026,14.0,54.5,7.5,3.5,4,0.9,0.609,2018-2026,HN public discussion proxy; not direct sales data
ai_grok,Grok,AI Products,Success/Growing,AI assistant,17,Replacement,16,7.5,3,2024,2026,14.0,54.5,7.5,3.5,1,0.986,0.932,2018-2026,HN public discussion proxy; not direct sales data
ai_grok,Grok,AI Products,Success/Growing,AI assistant,18,Switching,16,7.0,8,2025,2025,14.0,54.5,7.5,3.5,0,0.774,0.762,2018-2026,HN public discussion proxy; not direct sales data
ai_grok,Grok,AI Products,Success/Growing,AI assistant,19,Upgrade,16,7.0,3,2024,2025,14.0,54.5,7.5,3.5,1,0.969,0.962,2018-2026,HN public discussion proxy; not direct sales data
ai_grok,Grok,AI Products,Success/Growing,AI assistant,20,Repeat Purchase,6,3.5,2,2025,2026,14.0,54.5,7.5,3.5,0,0.954,0.657,2018-2026,HN public discussion proxy; not direct sales data
ai_gemini,Gemini,AI Products,Success/Growing,AI assistant,01,Problem Recognition,525,213.5,146,2024,2025,27.5,334.5,24.5,7.0,0,0.999,0.816,2018-2026,HN public discussion proxy; not direct sales data
ai_gemini,Gemini,AI Products,Success/Growing,AI assistant,02,Search,307,129.0,87,2024,2025,27.5,334.5,24.5,7.0,0,1.0,0.808,2018-2026,HN public discussion proxy; not direct sales data
ai_gemini,Gemini,AI Products,Success/Growing,AI assistant,03,Recommendation Seeking,143,62.0,47,2024,2025,27.5,334.5,24.5,7.0,0,0.998,0.756,2018-2026,HN public discussion proxy; not direct sales data
ai_gemini,Gemini,AI Products,Success/Growing,AI assistant,04,Solution Discovery,570,154.667,160,2024,2025,27.5,334.5,24.5,7.0,0,0.999,0.815,2018-2026,HN public discussion proxy; not direct sales data
ai_gemini,Gemini,AI Products,Success/Growing,AI assistant,05,Comparison,345,147.0,126,2024,2025,27.5,334.5,24.5,7.0,0,0.991,0.765,2018-2026,HN public discussion proxy; not direct sales data
ai_gemini,Gemini,AI Products,Success/Growing,AI assistant,06,Alternative Seeking,185,48.0,43,2024,2025,27.5,334.5,24.5,7.0,0,0.997,0.832,2018-2026,HN public discussion proxy; not direct sales data
ai_gemini,Gemini,AI Products,Success/Growing,AI assistant,07,Vendor / Provider Search,89,35.5,19,2024,2025,27.5,334.5,24.5,7.0,0,0.987,0.885,2018-2026,HN public discussion proxy; not direct sales data
ai_gemini,Gemini,AI Products,Success/Growing,AI assistant,08,Pricing / Quote,203,60.333,70,2024,2025,27.5,334.5,24.5,7.0,0,0.993,0.737,2018-2026,HN public discussion proxy; not direct sales data
ai_gemini,Gemini,AI Products,Success/Growing,AI assistant,09,Purchase Intent,27,14.0,8,2025,2026,27.5,334.5,24.5,7.0,-1,0.897,0.658,2018-2026,HN public discussion proxy; not direct sales data
ai_gemini,Gemini,AI Products,Success/Growing,AI assistant,10,Purchase,62,27.5,15,2024,2026,27.5,334.5,24.5,7.0,0,0.975,0.812,2018-2026,HN public discussion proxy; not direct sales data
ai_gemini,Gemini,AI Products,Success/Growing,AI assistant,11,Trial,139,55.0,29,2024,2026,27.5,334.5,24.5,7.0,0,0.977,0.908,2018-2026,HN public discussion proxy; not direct sales data
ai_gemini,Gemini,AI Products,Success/Growing,AI assistant,12,Installation / Onboarding,193,82.5,64,2024,2025,27.5,334.5,24.5,7.0,0,0.996,0.744,2018-2026,HN public discussion proxy; not direct sales data
ai_gemini,Gemini,AI Products,Success/Growing,AI assistant,13,Usage,1616,334.5,472,2024,2025,27.5,334.5,24.5,7.0,0,1.0,0.803,2018-2026,HN public discussion proxy; not direct sales data
ai_gemini,Gemini,AI Products,Success/Growing,AI assistant,14,Failure / Friction,236,99.0,79,2024,2025,27.5,334.5,24.5,7.0,0,0.997,0.77,2018-2026,HN public discussion proxy; not direct sales data
ai_gemini,Gemini,AI Products,Success/Growing,AI assistant,15,Support,631,247.0,163,2024,2025,27.5,334.5,24.5,7.0,0,0.996,0.843,2018-2026,HN public discussion proxy; not direct sales data
ai_gemini,Gemini,AI Products,Success/Growing,AI assistant,16,Dissatisfaction,49,20.0,23,2024,2025,27.5,334.5,24.5,7.0,0,0.802,0.786,2018-2026,HN public discussion proxy; not direct sales data
ai_gemini,Gemini,AI Products,Success/Growing,AI assistant,17,Replacement,60,24.5,19,2024,2025,27.5,334.5,24.5,7.0,0,0.986,0.795,2018-2026,HN public discussion proxy; not direct sales data
ai_gemini,Gemini,AI Products,Success/Growing,AI assistant,18,Switching,53,26.5,34,2025,2025,27.5,334.5,24.5,7.0,-1,0.912,0.617,2018-2026,HN public discussion proxy; not direct sales data
ai_gemini,Gemini,AI Products,Success/Growing,AI assistant,19,Upgrade,110,28.333,23,2024,2025,27.5,334.5,24.5,7.0,0,0.987,0.876,2018-2026,HN public discussion proxy; not direct sales data
ai_gemini,Gemini,AI Products,Success/Growing,AI assistant,20,Repeat Purchase,16,7.0,3,2024,2026,27.5,334.5,24.5,7.0,0,0.953,0.874,2018-2026,HN public discussion proxy; not direct sales data
ai_notebooklm,NotebookLM,AI Products,Success/Growing,AI research and note assistant,01,Problem Recognition,1065,1.046,237,2019,2020,0.732,0.841,1.415,0.929,-1,0.771,-0.407,2018-2026,HN public discussion proxy; not direct sales data
ai_notebooklm,NotebookLM,AI Products,Success/Growing,AI research and note assistant,02,Search,720,0.22,117,2018,2022,0.732,0.841,1.415,0.929,0,0.107,-0.295,2018-2026,HN public discussion proxy; not direct sales data
ai_notebooklm,NotebookLM,AI Products,Success/Growing,AI research and note assistant,03,Recommendation Seeking,688,0.642,40,2018,2022,0.732,0.841,1.415,0.929,0,0.203,-0.403,2018-2026,HN public discussion proxy; not direct sales data
ai_notebooklm,NotebookLM,AI Products,Success/Growing,AI research and note assistant,04,Solution Discovery,1338,0.195,71,2018,2022,0.732,0.841,1.415,0.929,0,0.376,0.095,2018-2026,HN public discussion proxy; not direct sales data
ai_notebooklm,NotebookLM,AI Products,Success/Growing,AI research and note assistant,05,Comparison,221,0.188,19,2018,2020,0.732,0.841,1.415,0.929,0,0.41,0.212,2018-2026,HN public discussion proxy; not direct sales data
ai_notebooklm,NotebookLM,AI Products,Success/Growing,AI research and note assistant,06,Alternative Seeking,339,1.636,67,2019,2024,0.732,0.841,1.415,0.929,-1,0.339,-0.17,2018-2026,HN public discussion proxy; not direct sales data
ai_notebooklm,NotebookLM,AI Products,Success/Growing,AI research and note assistant,07,Vendor / Provider Search,174,2.174,26,2018,2020,0.732,0.841,1.415,0.929,0,0.168,-0.682,2018-2026,HN public discussion proxy; not direct sales data
ai_notebooklm,NotebookLM,AI Products,Success/Growing,AI research and note assistant,08,Pricing / Quote,105,0.857,15,2018,2022,0.732,0.841,1.415,0.929,0,-0.01,-0.34,2018-2026,HN public discussion proxy; not direct sales data
ai_notebooklm,NotebookLM,AI Products,Success/Growing,AI research and note assistant,09,Purchase Intent,84,0.68,9,2018,2023,0.732,0.841,1.415,0.929,0,-0.587,0.022,2018-2026,HN public discussion proxy; not direct sales data
ai_notebooklm,NotebookLM,AI Products,Success/Growing,AI research and note assistant,10,Purchase,226,0.732,47,2018,2022,0.732,0.841,1.415,0.929,0,0.603,-0.454,2018-2026,HN public discussion proxy; not direct sales data
ai_notebooklm,NotebookLM,AI Products,Success/Growing,AI research and note assistant,11,Trial,129,1.333,20,2018,2024,0.732,0.841,1.415,0.929,0,0.059,-0.331,2018-2026,HN public discussion proxy; not direct sales data
ai_notebooklm,NotebookLM,AI Products,Success/Growing,AI research and note assistant,12,Installation / Onboarding,797,0.61,104,2018,2020,0.732,0.841,1.415,0.929,0,-0.316,0.271,2018-2026,HN public discussion proxy; not direct sales data
ai_notebooklm,NotebookLM,AI Products,Success/Growing,AI research and note assistant,13,Usage,3345,0.841,379,2018,2022,0.732,0.841,1.415,0.929,0,0.997,-0.42,2018-2026,HN public discussion proxy; not direct sales data
ai_notebooklm,NotebookLM,AI Products,Success/Growing,AI research and note assistant,14,Failure / Friction,1011,0.957,80,2018,2020,0.732,0.841,1.415,0.929,0,0.358,-0.495,2018-2026,HN public discussion proxy; not direct sales data
ai_notebooklm,NotebookLM,AI Products,Success/Growing,AI research and note assistant,15,Support,1821,1.13,200,2018,2020,0.732,0.841,1.415,0.929,0,-0.145,0.337,2018-2026,HN public discussion proxy; not direct sales data
ai_notebooklm,NotebookLM,AI Products,Success/Growing,AI research and note assistant,16,Dissatisfaction,89,1.105,12,2018,2024,0.732,0.841,1.415,0.929,0,0.686,-0.458,2018-2026,HN public discussion proxy; not direct sales data
ai_notebooklm,NotebookLM,AI Products,Success/Growing,AI research and note assistant,17,Replacement,179,1.415,37,2018,2025,0.732,0.841,1.415,0.929,0,0.29,-0.082,2018-2026,HN public discussion proxy; not direct sales data
ai_notebooklm,NotebookLM,AI Products,Success/Growing,AI research and note assistant,18,Switching,20,1.182,10,2018,2025,0.732,0.841,1.415,0.929,0,0.24,-0.31,2018-2026,HN public discussion proxy; not direct sales data
ai_notebooklm,NotebookLM,AI Products,Success/Growing,AI research and note assistant,19,Upgrade,220,0.776,35,2018,2023,0.732,0.841,1.415,0.929,0,0.236,-0.564,2018-2026,HN public discussion proxy; not direct sales data
ai_notebooklm,NotebookLM,AI Products,Success/Growing,AI research and note assistant,20,Repeat Purchase,56,0.929,9,2018,2020,0.732,0.841,1.415,0.929,0,0.233,-0.525,2018-2026,HN public discussion proxy; not direct sales data
ai_meta_ai,Meta AI,AI Products,Success/Growing,AI assistant in social products,01,Problem Recognition,35,7.0,6,2022,2024,1.5,17.0,1.5,1.0,,0.79,0.97,2018-2026,HN public discussion proxy; not direct sales data
ai_meta_ai,Meta AI,AI Products,Success/Growing,AI assistant in social products,02,Search,28,6.0,12,2023,2024,1.5,17.0,1.5,1.0,,0.7,0.921,2018-2026,HN public discussion proxy; not direct sales data
ai_meta_ai,Meta AI,AI Products,Success/Growing,AI assistant in social products,03,Recommendation Seeking,8,2.0,2,2023,2024,1.5,17.0,1.5,1.0,,0.545,0.892,2018-2026,HN public discussion proxy; not direct sales data
ai_meta_ai,Meta AI,AI Products,Success/Growing,AI assistant in social products,04,Solution Discovery,25,7.5,8,2023,2024,1.5,17.0,1.5,1.0,,0.871,0.888,2018-2026,HN public discussion proxy; not direct sales data
ai_meta_ai,Meta AI,AI Products,Success/Growing,AI assistant in social products,05,Comparison,13,6.5,8,2023,2025,1.5,17.0,1.5,1.0,,0.857,0.286,2018-2026,HN public discussion proxy; not direct sales data
ai_meta_ai,Meta AI,AI Products,Success/Growing,AI assistant in social products,06,Alternative Seeking,6,3.0,3,2025,2025,1.5,17.0,1.5,1.0,,0.799,0.33,2018-2026,HN public discussion proxy; not direct sales data
ai_meta_ai,Meta AI,AI Products,Success/Growing,AI assistant in social products,07,Vendor / Provider Search,4,3.0,4,2025,2025,1.5,17.0,1.5,1.0,,0.779,0.208,2018-2026,HN public discussion proxy; not direct sales data
ai_meta_ai,Meta AI,AI Products,Success/Growing,AI assistant in social products,08,Pricing / Quote,3,2.0,1,,2023,1.5,17.0,1.5,1.0,,0.678,0.391,2018-2026,HN public discussion proxy; not direct sales data
ai_meta_ai,Meta AI,AI Products,Success/Growing,AI assistant in social products,09,Purchase Intent,1,1.0,1,,2024,1.5,17.0,1.5,1.0,,0.324,0.78,2018-2026,HN public discussion proxy; not direct sales data
ai_meta_ai,Meta AI,AI Products,Success/Growing,AI assistant in social products,10,Purchase,1,1.5,1,,2025,1.5,17.0,1.5,1.0,,0.779,0.208,2018-2026,HN public discussion proxy; not direct sales data
ai_meta_ai,Meta AI,AI Products,Success/Growing,AI assistant in social products,11,Trial,5,2.5,2,2023,2023,1.5,17.0,1.5,1.0,,0.474,0.388,2018-2026,HN public discussion proxy; not direct sales data
ai_meta_ai,Meta AI,AI Products,Success/Growing,AI assistant in social products,12,Installation / Onboarding,6,3.0,2,2026,2026,1.5,17.0,1.5,1.0,,0.602,0.882,2018-2026,HN public discussion proxy; not direct sales data
ai_meta_ai,Meta AI,AI Products,Success/Growing,AI assistant in social products,13,Usage,51,17.0,8,2023,2025,1.5,17.0,1.5,1.0,,0.999,0.724,2018-2026,HN public discussion proxy; not direct sales data
ai_meta_ai,Meta AI,AI Products,Success/Growing,AI assistant in social products,14,Failure / Friction,7,3.5,1,2025,2026,1.5,17.0,1.5,1.0,,0.788,0.702,2018-2026,HN public discussion proxy; not direct sales data
ai_meta_ai,Meta AI,AI Products,Success/Growing,AI assistant in social products,15,Support,31,11.0,6,2023,2025,1.5,17.0,1.5,1.0,,0.975,0.69,2018-2026,HN public discussion proxy; not direct sales data
ai_meta_ai,Meta AI,AI Products,Success/Growing,AI assistant in social products,16,Dissatisfaction,0,1.0,0,,2018,1.5,17.0,1.5,1.0,,,,2018-2026,HN public discussion proxy; not direct sales data
ai_meta_ai,Meta AI,AI Products,Success/Growing,AI assistant in social products,17,Replacement,1,1.5,1,,2025,1.5,17.0,1.5,1.0,,0.779,0.208,2018-2026,HN public discussion proxy; not direct sales data
ai_meta_ai,Meta AI,AI Products,Success/Growing,AI assistant in social products,18,Switching,0,1.0,0,,2018,1.5,17.0,1.5,1.0,,,,2018-2026,HN public discussion proxy; not direct sales data
ai_meta_ai,Meta AI,AI Products,Success/Growing,AI assistant in social products,19,Upgrade,2,1.5,1,,2024,1.5,17.0,1.5,1.0,,0.834,0.755,2018-2026,HN public discussion proxy; not direct sales data
ai_meta_ai,Meta AI,AI Products,Success/Growing,AI assistant in social products,20,Repeat Purchase,0,1.0,0,,2018,1.5,17.0,1.5,1.0,,,,2018-2026,HN public discussion proxy; not direct sales data
ai_mistral_le_chat,Mistral Le Chat,AI Products,Mixed/Early,AI assistant,01,Problem Recognition,3,2.0,1,,2024,1.0,7.5,1.0,1.0,,0.986,0.832,2018-2026,HN public discussion proxy; not direct sales data
ai_mistral_le_chat,Mistral Le Chat,AI Products,Mixed/Early,AI assistant,02,Search,1,1.5,1,,2026,1.0,7.5,1.0,1.0,,0.616,,2018-2026,HN public discussion proxy; not direct sales data
ai_mistral_le_chat,Mistral Le Chat,AI Products,Mixed/Early,AI assistant,03,Recommendation Seeking,1,1.5,1,,2025,1.0,7.5,1.0,1.0,,0.493,0.609,2018-2026,HN public discussion proxy; not direct sales data
ai_mistral_le_chat,Mistral Le Chat,AI Products,Mixed/Early,AI assistant,04,Solution Discovery,6,3.0,2,2024,2025,1.0,7.5,1.0,1.0,,0.845,0.83,2018-2026,HN public discussion proxy; not direct sales data
ai_mistral_le_chat,Mistral Le Chat,AI Products,Mixed/Early,AI assistant,05,Comparison,3,2.5,3,2025,2025,1.0,7.5,1.0,1.0,,0.493,0.609,2018-2026,HN public discussion proxy; not direct sales data
ai_mistral_le_chat,Mistral Le Chat,AI Products,Mixed/Early,AI assistant,06,Alternative Seeking,5,3.5,2,2025,2026,1.0,7.5,1.0,1.0,,0.836,0.609,2018-2026,HN public discussion proxy; not direct sales data
ai_mistral_le_chat,Mistral Le Chat,AI Products,Mixed/Early,AI assistant,07,Vendor / Provider Search,1,1.5,1,,2025,1.0,7.5,1.0,1.0,,0.493,0.609,2018-2026,HN public discussion proxy; not direct sales data
ai_mistral_le_chat,Mistral Le Chat,AI Products,Mixed/Early,AI assistant,08,Pricing / Quote,2,2.0,2,2026,2026,1.0,7.5,1.0,1.0,,0.616,,2018-2026,HN public discussion proxy; not direct sales data
ai_mistral_le_chat,Mistral Le Chat,AI Products,Mixed/Early,AI assistant,09,Purchase Intent,0,1.0,0,,2018,1.0,7.5,1.0,1.0,,,,2018-2026,HN public discussion proxy; not direct sales data
ai_mistral_le_chat,Mistral Le Chat,AI Products,Mixed/Early,AI assistant,10,Purchase,0,1.0,0,,2018,1.0,7.5,1.0,1.0,,,,2018-2026,HN public discussion proxy; not direct sales data
ai_mistral_le_chat,Mistral Le Chat,AI Products,Mixed/Early,AI assistant,11,Trial,1,1.0,1,,2024,1.0,7.5,1.0,1.0,,0.37,0.481,2018-2026,HN public discussion proxy; not direct sales data
ai_mistral_le_chat,Mistral Le Chat,AI Products,Mixed/Early,AI assistant,12,Installation / Onboarding,3,2.5,2,2025,2025,1.0,7.5,1.0,1.0,,0.756,0.609,2018-2026,HN public discussion proxy; not direct sales data
ai_mistral_le_chat,Mistral Le Chat,AI Products,Mixed/Early,AI assistant,13,Usage,18,7.5,5,2024,2026,1.0,7.5,1.0,1.0,,1.0,0.837,2018-2026,HN public discussion proxy; not direct sales data
ai_mistral_le_chat,Mistral Le Chat,AI Products,Mixed/Early,AI assistant,14,Failure / Friction,4,3.0,2,2025,2025,1.0,7.5,1.0,1.0,,0.839,0.609,2018-2026,HN public discussion proxy; not direct sales data
ai_mistral_le_chat,Mistral Le Chat,AI Products,Mixed/Early,AI assistant,15,Support,6,3.5,2,2025,2025,1.0,7.5,1.0,1.0,,0.919,0.763,2018-2026,HN public discussion proxy; not direct sales data
ai_mistral_le_chat,Mistral Le Chat,AI Products,Mixed/Early,AI assistant,16,Dissatisfaction,1,1.5,1,,2026,1.0,7.5,1.0,1.0,,0.616,,2018-2026,HN public discussion proxy; not direct sales data
ai_mistral_le_chat,Mistral Le Chat,AI Products,Mixed/Early,AI assistant,17,Replacement,0,1.0,0,,2018,1.0,7.5,1.0,1.0,,,,2018-2026,HN public discussion proxy; not direct sales data
ai_mistral_le_chat,Mistral Le Chat,AI Products,Mixed/Early,AI assistant,18,Switching,2,2.0,1,,2025,1.0,7.5,1.0,1.0,,0.839,0.609,2018-2026,HN public discussion proxy; not direct sales data
ai_mistral_le_chat,Mistral Le Chat,AI Products,Mixed/Early,AI assistant,19,Upgrade,3,2.0,2,2026,2026,1.0,7.5,1.0,1.0,,0.756,0.481,2018-2026,HN public discussion proxy; not direct sales data
ai_mistral_le_chat,Mistral Le Chat,AI Products,Mixed/Early,AI assistant,20,Repeat Purchase,0,1.0,0,,2018,1.0,7.5,1.0,1.0,,,,2018-2026,HN public discussion proxy; not direct sales data
ai_poe,Poe,AI Products,Success/Growing,multi-model AI chat platform,01,Problem Recognition,58,24.0,29,2023,2025,6.5,24.0,4.0,4.5,1,0.647,0.926,2018-2026,HN public discussion proxy; not direct sales data
ai_poe,Poe,AI Products,Success/Growing,multi-model AI chat platform,02,Search,45,18.0,8,2023,2026,6.5,24.0,4.0,4.5,1,0.986,0.973,2018-2026,HN public discussion proxy; not direct sales data
ai_poe,Poe,AI Products,Success/Growing,multi-model AI chat platform,03,Recommendation Seeking,10,5.0,5,2025,2025,6.5,24.0,4.0,4.5,-1,0.535,0.95,2018-2026,HN public discussion proxy; not direct sales data
ai_poe,Poe,AI Products,Success/Growing,multi-model AI chat platform,04,Solution Discovery,59,18.5,15,2023,2026,6.5,24.0,4.0,4.5,1,0.969,0.73,2018-2026,HN public discussion proxy; not direct sales data
ai_poe,Poe,AI Products,Success/Growing,multi-model AI chat platform,05,Comparison,19,5.5,6,2023,2023,6.5,24.0,4.0,4.5,1,0.648,0.685,2018-2026,HN public discussion proxy; not direct sales data
ai_poe,Poe,AI Products,Success/Growing,multi-model AI chat platform,06,Alternative Seeking,16,7.5,3,2024,2026,6.5,24.0,4.0,4.5,0,0.978,0.972,2018-2026,HN public discussion proxy; not direct sales data
ai_poe,Poe,AI Products,Success/Growing,multi-model AI chat platform,07,Vendor / Provider Search,10,4.5,2,2025,2026,6.5,24.0,4.0,4.5,-1,0.951,0.975,2018-2026,HN public discussion proxy; not direct sales data
ai_poe,Poe,AI Products,Success/Growing,multi-model AI chat platform,08,Pricing / Quote,15,7.0,8,2024,2026,6.5,24.0,4.0,4.5,0,0.938,0.874,2018-2026,HN public discussion proxy; not direct sales data
ai_poe,Poe,AI Products,Success/Growing,multi-model AI chat platform,09,Purchase Intent,7,4.0,3,2025,2025,6.5,24.0,4.0,4.5,-1,0.674,0.952,2018-2026,HN public discussion proxy; not direct sales data
ai_poe,Poe,AI Products,Success/Growing,multi-model AI chat platform,10,Purchase,13,6.5,3,2024,2026,6.5,24.0,4.0,4.5,0,0.916,0.963,2018-2026,HN public discussion proxy; not direct sales data
ai_poe,Poe,AI Products,Success/Growing,multi-model AI chat platform,11,Trial,22,9.5,7,2023,2026,6.5,24.0,4.0,4.5,1,0.994,0.939,2018-2026,HN public discussion proxy; not direct sales data
ai_poe,Poe,AI Products,Success/Growing,multi-model AI chat platform,12,Installation / Onboarding,22,9.0,14,2023,2026,6.5,24.0,4.0,4.5,1,0.918,0.43,2018-2026,HN public discussion proxy; not direct sales data
ai_poe,Poe,AI Products,Success/Growing,multi-model AI chat platform,13,Usage,69,24.0,20,2023,2026,6.5,24.0,4.0,4.5,1,0.99,0.796,2018-2026,HN public discussion proxy; not direct sales data
ai_poe,Poe,AI Products,Success/Growing,multi-model AI chat platform,14,Failure / Friction,29,13.0,20,2026,2026,6.5,24.0,4.0,4.5,-2,0.928,0.773,2018-2026,HN public discussion proxy; not direct sales data
ai_poe,Poe,AI Products,Success/Growing,multi-model AI chat platform,15,Support,39,15.0,9,2021,2026,6.5,24.0,4.0,4.5,3,0.939,0.955,2018-2026,HN public discussion proxy; not direct sales data
ai_poe,Poe,AI Products,Success/Growing,multi-model AI chat platform,16,Dissatisfaction,6,3.0,2,2026,2026,6.5,24.0,4.0,4.5,-2,0.898,0.774,2018-2026,HN public discussion proxy; not direct sales data
ai_poe,Poe,AI Products,Success/Growing,multi-model AI chat platform,17,Replacement,7,4.0,2,2025,2026,6.5,24.0,4.0,4.5,-1,0.917,0.725,2018-2026,HN public discussion proxy; not direct sales data
ai_poe,Poe,AI Products,Success/Growing,multi-model AI chat platform,18,Switching,3,1.5,1,,2022,6.5,24.0,4.0,4.5,,0.032,0.774,2018-2026,HN public discussion proxy; not direct sales data
ai_poe,Poe,AI Products,Success/Growing,multi-model AI chat platform,19,Upgrade,5,3.0,4,2026,2026,6.5,24.0,4.0,4.5,-2,0.89,-0.049,2018-2026,HN public discussion proxy; not direct sales data
ai_poe,Poe,AI Products,Success/Growing,multi-model AI chat platform,20,Repeat Purchase,7,4.5,3,2025,2026,6.5,24.0,4.0,4.5,-1,0.961,0.886,2018-2026,HN public discussion proxy; not direct sales data
ai_character_ai,Character.AI,AI Products,Success/Growing,AI character chat,01,Problem Recognition,18,4.5,5,2023,2024,2.5,9.0,1.5,1.5,1,0.825,0.815,2018-2026,HN public discussion proxy; not direct sales data
ai_character_ai,Character.AI,AI Products,Success/Growing,AI character chat,02,Search,19,3.0,7,2022,2022,2.5,9.0,1.5,1.5,2,0.5,0.692,2018-2026,HN public discussion proxy; not direct sales data
ai_character_ai,Character.AI,AI Products,Success/Growing,AI character chat,03,Recommendation Seeking,4,1.5,2,2022,2022,2.5,9.0,1.5,1.5,2,0.391,0.432,2018-2026,HN public discussion proxy; not direct sales data
ai_character_ai,Character.AI,AI Products,Success/Growing,AI character chat,04,Solution Discovery,59,7.0,10,2022,2024,2.5,9.0,1.5,1.5,2,0.827,0.911,2018-2026,HN public discussion proxy; not direct sales data
ai_character_ai,Character.AI,AI Products,Success/Growing,AI character chat,05,Comparison,5,2.0,2,2023,2023,2.5,9.0,1.5,1.5,1,0.42,0.769,2018-2026,HN public discussion proxy; not direct sales data
ai_character_ai,Character.AI,AI Products,Success/Growing,AI character chat,06,Alternative Seeking,11,2.5,5,2024,2024,2.5,9.0,1.5,1.5,0,0.842,0.629,2018-2026,HN public discussion proxy; not direct sales data
ai_character_ai,Character.AI,AI Products,Success/Growing,AI character chat,07,Vendor / Provider Search,1,1.5,1,,2025,2.5,9.0,1.5,1.5,,0.504,0.033,2018-2026,HN public discussion proxy; not direct sales data
ai_character_ai,Character.AI,AI Products,Success/Growing,AI character chat,08,Pricing / Quote,0,1.0,0,,2018,2.5,9.0,1.5,1.5,,,,2018-2026,HN public discussion proxy; not direct sales data
ai_character_ai,Character.AI,AI Products,Success/Growing,AI character chat,09,Purchase Intent,0,1.0,0,,2018,2.5,9.0,1.5,1.5,,,,2018-2026,HN public discussion proxy; not direct sales data
ai_character_ai,Character.AI,AI Products,Success/Growing,AI character chat,10,Purchase,6,2.5,3,2024,2024,2.5,9.0,1.5,1.5,0,0.7,0.502,2018-2026,HN public discussion proxy; not direct sales data
ai_character_ai,Character.AI,AI Products,Success/Growing,AI character chat,11,Trial,1,1.0,1,,2024,2.5,9.0,1.5,1.5,,0.565,0.495,2018-2026,HN public discussion proxy; not direct sales data
ai_character_ai,Character.AI,AI Products,Success/Growing,AI character chat,12,Installation / Onboarding,3,2.0,1,,2024,2.5,9.0,1.5,1.5,,0.763,0.404,2018-2026,HN public discussion proxy; not direct sales data
ai_character_ai,Character.AI,AI Products,Success/Growing,AI character chat,13,Usage,43,9.0,7,2022,2024,2.5,9.0,1.5,1.5,2,0.987,0.772,2018-2026,HN public discussion proxy; not direct sales data
ai_character_ai,Character.AI,AI Products,Success/Growing,AI character chat,14,Failure / Friction,9,2.5,1,2023,2024,2.5,9.0,1.5,1.5,1,0.84,0.881,2018-2026,HN public discussion proxy; not direct sales data
ai_character_ai,Character.AI,AI Products,Success/Growing,AI character chat,15,Support,14,4.5,4,2023,2026,2.5,9.0,1.5,1.5,1,0.642,0.818,2018-2026,HN public discussion proxy; not direct sales data
ai_character_ai,Character.AI,AI Products,Success/Growing,AI character chat,16,Dissatisfaction,3,1.5,1,,2022,2.5,9.0,1.5,1.5,,0.517,0.519,2018-2026,HN public discussion proxy; not direct sales data
ai_character_ai,Character.AI,AI Products,Success/Growing,AI character chat,17,Replacement,2,1.5,1,,2023,2.5,9.0,1.5,1.5,,0.53,0.454,2018-2026,HN public discussion proxy; not direct sales data
ai_character_ai,Character.AI,AI Products,Success/Growing,AI character chat,18,Switching,0,1.0,0,,2018,2.5,9.0,1.5,1.5,,,,2018-2026,HN public discussion proxy; not direct sales data
ai_character_ai,Character.AI,AI Products,Success/Growing,AI character chat,19,Upgrade,2,1.0,1,,2023,2.5,9.0,1.5,1.5,,0.576,0.807,2018-2026,HN public discussion proxy; not direct sales data
ai_character_ai,Character.AI,AI Products,Success/Growing,AI character chat,20,Repeat Purchase,1,1.5,1,,2026,2.5,9.0,1.5,1.5,,0.075,,2018-2026,HN public discussion proxy; not direct sales data
ai_eleventlabs,ElevenLabs,AI Products,Success/Growing,AI voice generation,01,Problem Recognition,53,18.5,10,2023,2026,3.5,75.0,2.5,1.0,1,0.924,0.656,2018-2026,HN public discussion proxy; not direct sales data
ai_eleventlabs,ElevenLabs,AI Products,Success/Growing,AI voice generation,02,Search,62,19.5,10,2023,2025,3.5,75.0,2.5,1.0,1,0.96,0.665,2018-2026,HN public discussion proxy; not direct sales data
ai_eleventlabs,ElevenLabs,AI Products,Success/Growing,AI voice generation,03,Recommendation Seeking,16,6.0,4,2023,2026,3.5,75.0,2.5,1.0,1,0.863,0.662,2018-2026,HN public discussion proxy; not direct sales data
ai_eleventlabs,ElevenLabs,AI Products,Success/Growing,AI voice generation,04,Solution Discovery,94,31.0,20,2023,2025,3.5,75.0,2.5,1.0,1,0.96,0.638,2018-2026,HN public discussion proxy; not direct sales data
ai_eleventlabs,ElevenLabs,AI Products,Success/Growing,AI voice generation,05,Comparison,25,10.5,4,2024,2026,3.5,75.0,2.5,1.0,0,0.818,0.588,2018-2026,HN public discussion proxy; not direct sales data
ai_eleventlabs,ElevenLabs,AI Products,Success/Growing,AI voice generation,06,Alternative Seeking,33,9.5,8,2023,2025,3.5,75.0,2.5,1.0,1,0.985,0.778,2018-2026,HN public discussion proxy; not direct sales data
ai_eleventlabs,ElevenLabs,AI Products,Success/Growing,AI voice generation,07,Vendor / Provider Search,7,4.0,3,2025,2025,3.5,75.0,2.5,1.0,-1,0.788,0.405,2018-2026,HN public discussion proxy; not direct sales data
ai_eleventlabs,ElevenLabs,AI Products,Success/Growing,AI voice generation,08,Pricing / Quote,58,17.5,12,2023,2025,3.5,75.0,2.5,1.0,1,0.982,0.687,2018-2026,HN public discussion proxy; not direct sales data
ai_eleventlabs,ElevenLabs,AI Products,Success/Growing,AI voice generation,09,Purchase Intent,2,1.0,1,,2023,3.5,75.0,2.5,1.0,,0.493,0.69,2018-2026,HN public discussion proxy; not direct sales data
ai_eleventlabs,ElevenLabs,AI Products,Success/Growing,AI voice generation,10,Purchase,9,3.5,2,2024,2024,3.5,75.0,2.5,1.0,0,0.925,0.746,2018-2026,HN public discussion proxy; not direct sales data
ai_eleventlabs,ElevenLabs,AI Products,Success/Growing,AI voice generation,11,Trial,22,10.0,12,2023,2025,3.5,75.0,2.5,1.0,1,0.811,0.377,2018-2026,HN public discussion proxy; not direct sales data
ai_eleventlabs,ElevenLabs,AI Products,Success/Growing,AI voice generation,12,Installation / Onboarding,18,8.5,5,2024,2026,3.5,75.0,2.5,1.0,0,0.659,0.553,2018-2026,HN public discussion proxy; not direct sales data
ai_eleventlabs,ElevenLabs,AI Products,Success/Growing,AI voice generation,13,Usage,274,75.0,64,2023,2025,3.5,75.0,2.5,1.0,1,1.0,0.731,2018-2026,HN public discussion proxy; not direct sales data
ai_eleventlabs,ElevenLabs,AI Products,Success/Growing,AI voice generation,14,Failure / Friction,34,10.5,9,2023,2025,3.5,75.0,2.5,1.0,1,0.972,0.704,2018-2026,HN public discussion proxy; not direct sales data
ai_eleventlabs,ElevenLabs,AI Products,Success/Growing,AI voice generation,15,Support,110,38.5,31,2023,2025,3.5,75.0,2.5,1.0,1,0.937,0.562,2018-2026,HN public discussion proxy; not direct sales data
ai_eleventlabs,ElevenLabs,AI Products,Success/Growing,AI voice generation,16,Dissatisfaction,4,1.5,1,2024,2024,3.5,75.0,2.5,1.0,0,0.576,0.714,2018-2026,HN public discussion proxy; not direct sales data
ai_eleventlabs,ElevenLabs,AI Products,Success/Growing,AI voice generation,17,Replacement,5,2.5,3,2026,2026,3.5,75.0,2.5,1.0,-2,0.489,0.69,2018-2026,HN public discussion proxy; not direct sales data
ai_eleventlabs,ElevenLabs,AI Products,Success/Growing,AI voice generation,18,Switching,6,3.5,5,2026,2026,3.5,75.0,2.5,1.0,-2,0.345,0.305,2018-2026,HN public discussion proxy; not direct sales data
ai_eleventlabs,ElevenLabs,AI Products,Success/Growing,AI voice generation,19,Upgrade,4,2.5,2,2025,2025,3.5,75.0,2.5,1.0,-1,0.703,0.45,2018-2026,HN public discussion proxy; not direct sales data
ai_eleventlabs,ElevenLabs,AI Products,Success/Growing,AI voice generation,20,Repeat Purchase,0,1.0,0,,2018,3.5,75.0,2.5,1.0,,,,2018-2026,HN public discussion proxy; not direct sales data
ai_heygen,HeyGen,AI Products,Success/Growing,AI avatar video,01,Problem Recognition,7,4.0,3,2025,2025,1.0,3.5,1.0,1.5,,0.793,0.09,2018-2026,HN public discussion proxy; not direct sales data
ai_heygen,HeyGen,AI Products,Success/Growing,AI avatar video,02,Search,5,3.0,3,2025,2025,1.0,3.5,1.0,1.5,,0.867,0.09,2018-2026,HN public discussion proxy; not direct sales data
ai_heygen,HeyGen,AI Products,Success/Growing,AI avatar video,03,Recommendation Seeking,0,1.0,0,,2018,1.0,3.5,1.0,1.5,,,,2018-2026,HN public discussion proxy; not direct sales data
ai_heygen,HeyGen,AI Products,Success/Growing,AI avatar video,04,Solution Discovery,9,4.0,4,2025,2025,1.0,3.5,1.0,1.5,,0.953,0.1,2018-2026,HN public discussion proxy; not direct sales data
ai_heygen,HeyGen,AI Products,Success/Growing,AI avatar video,05,Comparison,3,2.5,2,2025,2025,1.0,3.5,1.0,1.5,,0.746,-0.12,2018-2026,HN public discussion proxy; not direct sales data
ai_heygen,HeyGen,AI Products,Success/Growing,AI avatar video,06,Alternative Seeking,4,2.5,2,2025,2025,1.0,3.5,1.0,1.5,,0.867,0.158,2018-2026,HN public discussion proxy; not direct sales data
ai_heygen,HeyGen,AI Products,Success/Growing,AI avatar video,07,Vendor / Provider Search,1,1.5,1,,2025,1.0,3.5,1.0,1.5,,0.829,-0.12,2018-2026,HN public discussion proxy; not direct sales data
ai_heygen,HeyGen,AI Products,Success/Growing,AI avatar video,08,Pricing / Quote,1,1.5,1,,2025,1.0,3.5,1.0,1.5,,0.829,-0.12,2018-2026,HN public discussion proxy; not direct sales data
ai_heygen,HeyGen,AI Products,Success/Growing,AI avatar video,09,Purchase Intent,0,1.0,0,,2018,1.0,3.5,1.0,1.5,,,,2018-2026,HN public discussion proxy; not direct sales data
ai_heygen,HeyGen,AI Products,Success/Growing,AI avatar video,10,Purchase,1,1.0,1,,2022,1.0,3.5,1.0,1.5,,0.151,0.12,2018-2026,HN public discussion proxy; not direct sales data
ai_heygen,HeyGen,AI Products,Success/Growing,AI avatar video,11,Trial,0,1.0,0,,2018,1.0,3.5,1.0,1.5,,,,2018-2026,HN public discussion proxy; not direct sales data
ai_heygen,HeyGen,AI Products,Success/Growing,AI avatar video,12,Installation / Onboarding,0,1.0,0,,2018,1.0,3.5,1.0,1.5,,,,2018-2026,HN public discussion proxy; not direct sales data
ai_heygen,HeyGen,AI Products,Success/Growing,AI avatar video,13,Usage,10,3.5,2,2023,2025,1.0,3.5,1.0,1.5,,0.976,0.377,2018-2026,HN public discussion proxy; not direct sales data
ai_heygen,HeyGen,AI Products,Success/Growing,AI avatar video,14,Failure / Friction,2,2.0,1,,2025,1.0,3.5,1.0,1.5,,0.57,-0.12,2018-2026,HN public discussion proxy; not direct sales data
ai_heygen,HeyGen,AI Products,Success/Growing,AI avatar video,15,Support,10,5.5,6,2025,2025,1.0,3.5,1.0,1.5,,0.836,0.0,2018-2026,HN public discussion proxy; not direct sales data
ai_heygen,HeyGen,AI Products,Success/Growing,AI avatar video,16,Dissatisfaction,0,1.0,0,,2018,1.0,3.5,1.0,1.5,,,,2018-2026,HN public discussion proxy; not direct sales data
ai_heygen,HeyGen,AI Products,Success/Growing,AI avatar video,17,Replacement,0,1.0,0,,2018,1.0,3.5,1.0,1.5,,,,2018-2026,HN public discussion proxy; not direct sales data
ai_heygen,HeyGen,AI Products,Success/Growing,AI avatar video,18,Switching,1,1.5,1,,2025,1.0,3.5,1.0,1.5,,0.829,-0.12,2018-2026,HN public discussion proxy; not direct sales data
ai_heygen,HeyGen,AI Products,Success/Growing,AI avatar video,19,Upgrade,1,1.5,1,,2025,1.0,3.5,1.0,1.5,,0.829,-0.12,2018-2026,HN public discussion proxy; not direct sales data
ai_heygen,HeyGen,AI Products,Success/Growing,AI avatar video,20,Repeat Purchase,1,1.5,1,,2025,1.0,3.5,1.0,1.5,,0.829,-0.12,2018-2026,HN public discussion proxy; not direct sales data
ai_pika,Pika,AI Products,Mixed/Early,AI video generation,01,Problem Recognition,44,7.5,12,2020,2025,2.0,7.0,2.5,2.5,-2,0.85,0.661,2018-2026,HN public discussion proxy; not direct sales data
ai_pika,Pika,AI Products,Mixed/Early,AI video generation,02,Search,27,9.5,9,2024,2026,2.0,7.0,2.5,2.5,-6,0.875,0.722,2018-2026,HN public discussion proxy; not direct sales data
ai_pika,Pika,AI Products,Mixed/Early,AI video generation,03,Recommendation Seeking,10,2.5,2,2020,2020,2.0,7.0,2.5,2.5,-2,0.399,0.583,2018-2026,HN public discussion proxy; not direct sales data
ai_pika,Pika,AI Products,Mixed/Early,AI video generation,04,Solution Discovery,31,3.6,7,2018,2025,2.0,7.0,2.5,2.5,0,0.785,0.87,2018-2026,HN public discussion proxy; not direct sales data
ai_pika,Pika,AI Products,Mixed/Early,AI video generation,05,Comparison,12,1.167,3,2018,2018,2.0,7.0,2.5,2.5,0,0.453,-0.111,2018-2026,HN public discussion proxy; not direct sales data
ai_pika,Pika,AI Products,Mixed/Early,AI video generation,06,Alternative Seeking,9,2.333,2,2024,2025,2.0,7.0,2.5,2.5,-6,0.813,0.71,2018-2026,HN public discussion proxy; not direct sales data
ai_pika,Pika,AI Products,Mixed/Early,AI video generation,07,Vendor / Provider Search,6,3.0,4,2025,2025,2.0,7.0,2.5,2.5,-7,0.395,0.721,2018-2026,HN public discussion proxy; not direct sales data
ai_pika,Pika,AI Products,Mixed/Early,AI video generation,08,Pricing / Quote,5,3.0,2,2025,2025,2.0,7.0,2.5,2.5,-7,0.772,0.454,2018-2026,HN public discussion proxy; not direct sales data
ai_pika,Pika,AI Products,Mixed/Early,AI video generation,09,Purchase Intent,5,2.0,2,2020,2020,2.0,7.0,2.5,2.5,-2,0.301,0.084,2018-2026,HN public discussion proxy; not direct sales data
ai_pika,Pika,AI Products,Mixed/Early,AI video generation,10,Purchase,8,2.0,2,2018,2026,2.0,7.0,2.5,2.5,0,0.722,0.225,2018-2026,HN public discussion proxy; not direct sales data
ai_pika,Pika,AI Products,Mixed/Early,AI video generation,11,Trial,9,5.5,7,2025,2025,2.0,7.0,2.5,2.5,-7,0.655,0.66,2018-2026,HN public discussion proxy; not direct sales data
ai_pika,Pika,AI Products,Mixed/Early,AI video generation,12,Installation / Onboarding,15,4.333,5,2025,2026,2.0,7.0,2.5,2.5,-7,0.782,0.514,2018-2026,HN public discussion proxy; not direct sales data
ai_pika,Pika,AI Products,Mixed/Early,AI video generation,13,Usage,52,7.0,5,2020,2025,2.0,7.0,2.5,2.5,-2,0.955,0.96,2018-2026,HN public discussion proxy; not direct sales data
ai_pika,Pika,AI Products,Mixed/Early,AI video generation,14,Failure / Friction,25,3.0,4,2018,2025,2.0,7.0,2.5,2.5,0,0.886,0.719,2018-2026,HN public discussion proxy; not direct sales data
ai_pika,Pika,AI Products,Mixed/Early,AI video generation,15,Support,38,7.667,5,2020,2025,2.0,7.0,2.5,2.5,-2,0.946,0.952,2018-2026,HN public discussion proxy; not direct sales data
ai_pika,Pika,AI Products,Mixed/Early,AI video generation,16,Dissatisfaction,2,1.5,1,,2020,2.0,7.0,2.5,2.5,,0.333,-0.365,2018-2026,HN public discussion proxy; not direct sales data
ai_pika,Pika,AI Products,Mixed/Early,AI video generation,17,Replacement,5,2.5,3,2024,2026,2.0,7.0,2.5,2.5,-6,0.748,0.455,2018-2026,HN public discussion proxy; not direct sales data
ai_pika,Pika,AI Products,Mixed/Early,AI video generation,18,Switching,1,1.5,1,,2026,2.0,7.0,2.5,2.5,,0.666,,2018-2026,HN public discussion proxy; not direct sales data
ai_pika,Pika,AI Products,Mixed/Early,AI video generation,19,Upgrade,1,1.0,1,,2020,2.0,7.0,2.5,2.5,,-0.226,-0.365,2018-2026,HN public discussion proxy; not direct sales data
ai_pika,Pika,AI Products,Mixed/Early,AI video generation,20,Repeat Purchase,3,2.5,1,2026,2026,2.0,7.0,2.5,2.5,-8,0.849,0.66,2018-2026,HN public discussion proxy; not direct sales data
ai_luma_dream_machine,Luma Dream Machine,AI Products,Mixed/Early,AI video generation,01,Problem Recognition,3,2.0,2,2026,2026,2.5,3.0,1.5,1.0,0,0.755,0.371,2018-2026,HN public discussion proxy; not direct sales data
ai_luma_dream_machine,Luma Dream Machine,AI Products,Mixed/Early,AI video generation,02,Search,2,2.0,2,2025,2025,2.5,3.0,1.5,1.0,1,0.389,0.829,2018-2026,HN public discussion proxy; not direct sales data
ai_luma_dream_machine,Luma Dream Machine,AI Products,Mixed/Early,AI video generation,03,Recommendation Seeking,0,1.0,0,,2018,2.5,3.0,1.5,1.0,,,,2018-2026,HN public discussion proxy; not direct sales data
ai_luma_dream_machine,Luma Dream Machine,AI Products,Mixed/Early,AI video generation,04,Solution Discovery,1,1.5,1,,2026,2.5,3.0,1.5,1.0,,0.826,,2018-2026,HN public discussion proxy; not direct sales data
ai_luma_dream_machine,Luma Dream Machine,AI Products,Mixed/Early,AI video generation,05,Comparison,1,0.667,1,,2019,2.5,3.0,1.5,1.0,,-0.267,-0.314,2018-2026,HN public discussion proxy; not direct sales data
ai_luma_dream_machine,Luma Dream Machine,AI Products,Mixed/Early,AI video generation,06,Alternative Seeking,1,1.0,1,,2023,2.5,3.0,1.5,1.0,,-0.049,-0.086,2018-2026,HN public discussion proxy; not direct sales data
ai_luma_dream_machine,Luma Dream Machine,AI Products,Mixed/Early,AI video generation,07,Vendor / Provider Search,0,1.0,0,,2018,2.5,3.0,1.5,1.0,,,,2018-2026,HN public discussion proxy; not direct sales data
ai_luma_dream_machine,Luma Dream Machine,AI Products,Mixed/Early,AI video generation,08,Pricing / Quote,1,1.0,1,,2021,2.5,3.0,1.5,1.0,,-0.267,-0.086,2018-2026,HN public discussion proxy; not direct sales data
ai_luma_dream_machine,Luma Dream Machine,AI Products,Mixed/Early,AI video generation,09,Purchase Intent,0,1.0,0,,2018,2.5,3.0,1.5,1.0,,,,2018-2026,HN public discussion proxy; not direct sales data
ai_luma_dream_machine,Luma Dream Machine,AI Products,Mixed/Early,AI video generation,10,Purchase,3,2.5,1,2026,2026,2.5,3.0,1.5,1.0,0,0.962,0.829,2018-2026,HN public discussion proxy; not direct sales data
ai_luma_dream_machine,Luma Dream Machine,AI Products,Mixed/Early,AI video generation,11,Trial,1,1.5,1,,2026,2.5,3.0,1.5,1.0,,0.826,,2018-2026,HN public discussion proxy; not direct sales data
ai_luma_dream_machine,Luma Dream Machine,AI Products,Mixed/Early,AI video generation,12,Installation / Onboarding,2,1.5,1,,2022,2.5,3.0,1.5,1.0,,0.257,0.567,2018-2026,HN public discussion proxy; not direct sales data
ai_luma_dream_machine,Luma Dream Machine,AI Products,Mixed/Early,AI video generation,13,Usage,7,3.0,1,2025,2025,2.5,3.0,1.5,1.0,1,0.913,0.882,2018-2026,HN public discussion proxy; not direct sales data
ai_luma_dream_machine,Luma Dream Machine,AI Products,Mixed/Early,AI video generation,14,Failure / Friction,4,2.5,2,2025,2025,2.5,3.0,1.5,1.0,1,0.613,0.747,2018-2026,HN public discussion proxy; not direct sales data
ai_luma_dream_machine,Luma Dream Machine,AI Products,Mixed/Early,AI video generation,15,Support,4,2.0,1,2025,2025,2.5,3.0,1.5,1.0,1,0.312,0.909,2018-2026,HN public discussion proxy; not direct sales data
ai_luma_dream_machine,Luma Dream Machine,AI Products,Mixed/Early,AI video generation,16,Dissatisfaction,0,1.0,0,,2018,2.5,3.0,1.5,1.0,,,,2018-2026,HN public discussion proxy; not direct sales data
ai_luma_dream_machine,Luma Dream Machine,AI Products,Mixed/Early,AI video generation,17,Replacement,1,1.5,1,,2026,2.5,3.0,1.5,1.0,,0.826,,2018-2026,HN public discussion proxy; not direct sales data
ai_luma_dream_machine,Luma Dream Machine,AI Products,Mixed/Early,AI video generation,18,Switching,0,1.0,0,,2018,2.5,3.0,1.5,1.0,,,,2018-2026,HN public discussion proxy; not direct sales data
ai_luma_dream_machine,Luma Dream Machine,AI Products,Mixed/Early,AI video generation,19,Upgrade,0,1.0,0,,2018,2.5,3.0,1.5,1.0,,,,2018-2026,HN public discussion proxy; not direct sales data
ai_luma_dream_machine,Luma Dream Machine,AI Products,Mixed/Early,AI video generation,20,Repeat Purchase,0,1.0,0,,2018,2.5,3.0,1.5,1.0,,,,2018-2026,HN public discussion proxy; not direct sales data
ai_kling,Kling AI,AI Products,Mixed/Early,AI video generation,01,Problem Recognition,153,7.364,13,2018,2026,3.333,10.909,6.5,2.5,6,0.967,0.937,2018-2026,HN public discussion proxy; not direct sales data
ai_kling,Kling AI,AI Products,Mixed/Early,AI video generation,02,Search,82,5.25,5,2018,2025,3.333,10.909,6.5,2.5,6,0.944,0.961,2018-2026,HN public discussion proxy; not direct sales data
ai_kling,Kling AI,AI Products,Mixed/Early,AI video generation,03,Recommendation Seeking,25,4.333,7,2023,2023,3.333,10.909,6.5,2.5,1,0.786,0.686,2018-2026,HN public discussion proxy; not direct sales data
ai_kling,Kling AI,AI Products,Mixed/Early,AI video generation,04,Solution Discovery,103,8.429,9,2021,2026,3.333,10.909,6.5,2.5,3,0.97,0.952,2018-2026,HN public discussion proxy; not direct sales data
ai_kling,Kling AI,AI Products,Mixed/Early,AI video generation,05,Comparison,38,5.5,7,2020,2026,3.333,10.909,6.5,2.5,4,0.918,0.729,2018-2026,HN public discussion proxy; not direct sales data
ai_kling,Kling AI,AI Products,Mixed/Early,AI video generation,06,Alternative Seeking,30,7.0,8,2020,2025,3.333,10.909,6.5,2.5,4,0.93,0.757,2018-2026,HN public discussion proxy; not direct sales data
ai_kling,Kling AI,AI Products,Mixed/Early,AI video generation,07,Vendor / Provider Search,22,8.0,4,2023,2026,3.333,10.909,6.5,2.5,1,0.94,0.979,2018-2026,HN public discussion proxy; not direct sales data
ai_kling,Kling AI,AI Products,Mixed/Early,AI video generation,08,Pricing / Quote,21,5.0,6,2024,2026,3.333,10.909,6.5,2.5,0,0.845,0.919,2018-2026,HN public discussion proxy; not direct sales data
ai_kling,Kling AI,AI Products,Mixed/Early,AI video generation,09,Purchase Intent,12,2.333,2,2020,2026,3.333,10.909,6.5,2.5,4,0.72,0.539,2018-2026,HN public discussion proxy; not direct sales data
ai_kling,Kling AI,AI Products,Mixed/Early,AI video generation,10,Purchase,16,3.333,3,2024,2026,3.333,10.909,6.5,2.5,0,0.829,0.912,2018-2026,HN public discussion proxy; not direct sales data
ai_kling,Kling AI,AI Products,Mixed/Early,AI video generation,11,Trial,34,8.0,5,2020,2026,3.333,10.909,6.5,2.5,4,0.944,0.866,2018-2026,HN public discussion proxy; not direct sales data
ai_kling,Kling AI,AI Products,Mixed/Early,AI video generation,12,Installation / Onboarding,16,5.0,4,2023,2023,3.333,10.909,6.5,2.5,1,0.788,0.54,2018-2026,HN public discussion proxy; not direct sales data
ai_kling,Kling AI,AI Products,Mixed/Early,AI video generation,13,Usage,196,10.909,32,2022,2026,3.333,10.909,6.5,2.5,2,0.999,0.871,2018-2026,HN public discussion proxy; not direct sales data
ai_kling,Kling AI,AI Products,Mixed/Early,AI video generation,14,Failure / Friction,58,4.429,10,2018,2026,3.333,10.909,6.5,2.5,6,0.925,0.747,2018-2026,HN public discussion proxy; not direct sales data
ai_kling,Kling AI,AI Products,Mixed/Early,AI video generation,15,Support,97,12.5,19,2020,2025,3.333,10.909,6.5,2.5,4,0.89,0.693,2018-2026,HN public discussion proxy; not direct sales data
ai_kling,Kling AI,AI Products,Mixed/Early,AI video generation,16,Dissatisfaction,4,1.5,2,2024,2024,3.333,10.909,6.5,2.5,0,0.233,0.435,2018-2026,HN public discussion proxy; not direct sales data
ai_kling,Kling AI,AI Products,Mixed/Early,AI video generation,17,Replacement,14,6.5,6,2025,2025,3.333,10.909,6.5,2.5,-1,0.873,0.717,2018-2026,HN public discussion proxy; not direct sales data
ai_kling,Kling AI,AI Products,Mixed/Early,AI video generation,18,Switching,7,4.0,3,2025,2025,3.333,10.909,6.5,2.5,-1,0.881,0.554,2018-2026,HN public discussion proxy; not direct sales data
ai_kling,Kling AI,AI Products,Mixed/Early,AI video generation,19,Upgrade,9,3.5,1,2024,2026,3.333,10.909,6.5,2.5,0,0.881,0.86,2018-2026,HN public discussion proxy; not direct sales data
ai_kling,Kling AI,AI Products,Mixed/Early,AI video generation,20,Repeat Purchase,7,2.5,1,2023,2023,3.333,10.909,6.5,2.5,1,0.606,0.209,2018-2026,HN public discussion proxy; not direct sales data
ai_udio,Udio,AI Products,Mixed/Early,AI music generation,01,Problem Recognition,488,11.087,57,2019,2025,6.5,8.306,6.333,4.0,4,0.971,0.828,2018-2026,HN public discussion proxy; not direct sales data
ai_udio,Udio,AI Products,Mixed/Early,AI music generation,02,Search,425,7.536,29,2019,2026,6.5,8.306,6.333,4.0,4,0.96,0.859,2018-2026,HN public discussion proxy; not direct sales data
ai_udio,Udio,AI Products,Mixed/Early,AI music generation,03,Recommendation Seeking,68,6.111,28,2019,2025,6.5,8.306,6.333,4.0,4,0.767,0.341,2018-2026,HN public discussion proxy; not direct sales data
ai_udio,Udio,AI Products,Mixed/Early,AI music generation,04,Solution Discovery,471,19.357,57,2022,2025,6.5,8.306,6.333,4.0,1,0.976,0.822,2018-2026,HN public discussion proxy; not direct sales data
ai_udio,Udio,AI Products,Mixed/Early,AI music generation,05,Comparison,196,15.375,26,2021,2026,6.5,8.306,6.333,4.0,2,0.909,0.76,2018-2026,HN public discussion proxy; not direct sales data
ai_udio,Udio,AI Products,Mixed/Early,AI music generation,06,Alternative Seeking,106,35.5,20,2023,2025,6.5,8.306,6.333,4.0,0,0.974,0.767,2018-2026,HN public discussion proxy; not direct sales data
ai_udio,Udio,AI Products,Mixed/Early,AI music generation,07,Vendor / Provider Search,45,12.5,5,2020,2026,6.5,8.306,6.333,4.0,3,0.887,0.934,2018-2026,HN public discussion proxy; not direct sales data
ai_udio,Udio,AI Products,Mixed/Early,AI music generation,08,Pricing / Quote,82,15.0,24,2022,2025,6.5,8.306,6.333,4.0,1,0.916,0.625,2018-2026,HN public discussion proxy; not direct sales data
ai_udio,Udio,AI Products,Mixed/Early,AI music generation,09,Purchase Intent,20,2.5,4,2019,2023,6.5,8.306,6.333,4.0,4,0.787,0.589,2018-2026,HN public discussion proxy; not direct sales data
ai_udio,Udio,AI Products,Mixed/Early,AI music generation,10,Purchase,24,6.5,7,2023,2025,6.5,8.306,6.333,4.0,0,0.819,0.759,2018-2026,HN public discussion proxy; not direct sales data
ai_udio,Udio,AI Products,Mixed/Early,AI music generation,11,Trial,91,13.5,9,2022,2025,6.5,8.306,6.333,4.0,1,0.962,0.848,2018-2026,HN public discussion proxy; not direct sales data
ai_udio,Udio,AI Products,Mixed/Early,AI music generation,12,Installation / Onboarding,91,10.5,61,2023,2026,6.5,8.306,6.333,4.0,0,0.376,-0.088,2018-2026,HN public discussion proxy; not direct sales data
ai_udio,Udio,AI Products,Mixed/Early,AI music generation,13,Usage,1233,8.306,127,2019,2025,6.5,8.306,6.333,4.0,4,1.0,0.844,2018-2026,HN public discussion proxy; not direct sales data
ai_udio,Udio,AI Products,Mixed/Early,AI music generation,14,Failure / Friction,266,10.462,26,2020,2026,6.5,8.306,6.333,4.0,3,0.961,0.856,2018-2026,HN public discussion proxy; not direct sales data
ai_udio,Udio,AI Products,Mixed/Early,AI music generation,15,Support,617,39.6,119,2023,2025,6.5,8.306,6.333,4.0,0,0.972,0.741,2018-2026,HN public discussion proxy; not direct sales data
ai_udio,Udio,AI Products,Mixed/Early,AI music generation,16,Dissatisfaction,21,2.667,6,2021,2023,6.5,8.306,6.333,4.0,2,0.687,0.793,2018-2026,HN public discussion proxy; not direct sales data
ai_udio,Udio,AI Products,Mixed/Early,AI music generation,17,Replacement,28,6.333,6,2023,2025,6.5,8.306,6.333,4.0,0,0.978,0.747,2018-2026,HN public discussion proxy; not direct sales data
ai_udio,Udio,AI Products,Mixed/Early,AI music generation,18,Switching,39,8.667,6,2022,2025,6.5,8.306,6.333,4.0,1,0.886,0.754,2018-2026,HN public discussion proxy; not direct sales data
ai_udio,Udio,AI Products,Mixed/Early,AI music generation,19,Upgrade,36,14.0,5,2023,2026,6.5,8.306,6.333,4.0,0,0.898,0.797,2018-2026,HN public discussion proxy; not direct sales data
ai_udio,Udio,AI Products,Mixed/Early,AI music generation,20,Repeat Purchase,7,4.0,2,2025,2026,6.5,8.306,6.333,4.0,-2,0.735,0.489,2018-2026,HN public discussion proxy; not direct sales data
ai_ideogram,Ideogram,AI Products,Success/Growing,AI image generation,01,Problem Recognition,3,2.0,2,2025,2025,1.0,3.5,1.0,1.0,,0.535,0.513,2018-2026,HN public discussion proxy; not direct sales data
ai_ideogram,Ideogram,AI Products,Success/Growing,AI image generation,02,Search,5,1.5,4,2024,2024,1.0,3.5,1.0,1.0,,0.709,0.627,2018-2026,HN public discussion proxy; not direct sales data
ai_ideogram,Ideogram,AI Products,Success/Growing,AI image generation,03,Recommendation Seeking,0,1.0,0,,2018,1.0,3.5,1.0,1.0,,,,2018-2026,HN public discussion proxy; not direct sales data
ai_ideogram,Ideogram,AI Products,Success/Growing,AI image generation,04,Solution Discovery,13,4.5,4,2024,2025,1.0,3.5,1.0,1.0,,0.924,0.693,2018-2026,HN public discussion proxy; not direct sales data
ai_ideogram,Ideogram,AI Products,Success/Growing,AI image generation,05,Comparison,0,1.0,0,,2018,1.0,3.5,1.0,1.0,,,,2018-2026,HN public discussion proxy; not direct sales data
ai_ideogram,Ideogram,AI Products,Success/Growing,AI image generation,06,Alternative Seeking,2,1.0,1,,2022,1.0,3.5,1.0,1.0,,-0.214,0.398,2018-2026,HN public discussion proxy; not direct sales data
ai_ideogram,Ideogram,AI Products,Success/Growing,AI image generation,07,Vendor / Provider Search,0,1.0,0,,2018,1.0,3.5,1.0,1.0,,,,2018-2026,HN public discussion proxy; not direct sales data
ai_ideogram,Ideogram,AI Products,Success/Growing,AI image generation,08,Pricing / Quote,0,1.0,0,,2018,1.0,3.5,1.0,1.0,,,,2018-2026,HN public discussion proxy; not direct sales data
ai_ideogram,Ideogram,AI Products,Success/Growing,AI image generation,09,Purchase Intent,1,1.0,1,,2024,1.0,3.5,1.0,1.0,,0.567,0.559,2018-2026,HN public discussion proxy; not direct sales data
ai_ideogram,Ideogram,AI Products,Success/Growing,AI image generation,10,Purchase,0,1.0,0,,2018,1.0,3.5,1.0,1.0,,,,2018-2026,HN public discussion proxy; not direct sales data
ai_ideogram,Ideogram,AI Products,Success/Growing,AI image generation,11,Trial,2,1.5,1,,2024,1.0,3.5,1.0,1.0,,0.857,0.626,2018-2026,HN public discussion proxy; not direct sales data
ai_ideogram,Ideogram,AI Products,Success/Growing,AI image generation,12,Installation / Onboarding,3,2.5,1,2026,2026,1.0,3.5,1.0,1.0,,0.535,0.261,2018-2026,HN public discussion proxy; not direct sales data
ai_ideogram,Ideogram,AI Products,Success/Growing,AI image generation,13,Usage,9,3.5,2,2024,2024,1.0,3.5,1.0,1.0,,1.0,0.786,2018-2026,HN public discussion proxy; not direct sales data
ai_ideogram,Ideogram,AI Products,Success/Growing,AI image generation,14,Failure / Friction,1,1.5,1,,2025,1.0,3.5,1.0,1.0,,0.567,0.261,2018-2026,HN public discussion proxy; not direct sales data
ai_ideogram,Ideogram,AI Products,Success/Growing,AI image generation,15,Support,4,3.0,3,2025,2025,1.0,3.5,1.0,1.0,,0.652,0.261,2018-2026,HN public discussion proxy; not direct sales data
ai_ideogram,Ideogram,AI Products,Success/Growing,AI image generation,16,Dissatisfaction,2,1.0,2,2024,2024,1.0,3.5,1.0,1.0,,0.567,0.559,2018-2026,HN public discussion proxy; not direct sales data
ai_ideogram,Ideogram,AI Products,Success/Growing,AI image generation,17,Replacement,0,1.0,0,,2018,1.0,3.5,1.0,1.0,,,,2018-2026,HN public discussion proxy; not direct sales data
ai_ideogram,Ideogram,AI Products,Success/Growing,AI image generation,18,Switching,0,1.0,0,,2018,1.0,3.5,1.0,1.0,,,,2018-2026,HN public discussion proxy; not direct sales data
ai_ideogram,Ideogram,AI Products,Success/Growing,AI image generation,19,Upgrade,0,1.0,0,,2018,1.0,3.5,1.0,1.0,,,,2018-2026,HN public discussion proxy; not direct sales data
ai_ideogram,Ideogram,AI Products,Success/Growing,AI image generation,20,Repeat Purchase,0,1.0,0,,2018,1.0,3.5,1.0,1.0,,,,2018-2026,HN public discussion proxy; not direct sales data
ai_krea,Krea,AI Products,Mixed/Early,AI image creation,01,Problem Recognition,96,11.0,12,2021,2026,3.5,26.333,2.0,1.667,3,0.978,0.942,2018-2026,HN public discussion proxy; not direct sales data
ai_krea,Krea,AI Products,Mixed/Early,AI image creation,02,Search,84,2.211,8,2018,2026,3.5,26.333,2.0,1.667,6,0.795,0.478,2018-2026,HN public discussion proxy; not direct sales data
ai_krea,Krea,AI Products,Mixed/Early,AI image creation,03,Recommendation Seeking,19,7.5,3,2023,2026,3.5,26.333,2.0,1.667,1,0.934,0.866,2018-2026,HN public discussion proxy; not direct sales data
ai_krea,Krea,AI Products,Mixed/Early,AI image creation,04,Solution Discovery,92,21.0,22,2021,2025,3.5,26.333,2.0,1.667,3,0.885,0.837,2018-2026,HN public discussion proxy; not direct sales data
ai_krea,Krea,AI Products,Mixed/Early,AI image creation,05,Comparison,22,9.0,10,2022,2026,3.5,26.333,2.0,1.667,2,0.788,0.893,2018-2026,HN public discussion proxy; not direct sales data
ai_krea,Krea,AI Products,Mixed/Early,AI image creation,06,Alternative Seeking,18,4.0,4,2023,2026,3.5,26.333,2.0,1.667,1,0.939,0.771,2018-2026,HN public discussion proxy; not direct sales data
ai_krea,Krea,AI Products,Mixed/Early,AI image creation,07,Vendor / Provider Search,13,6.0,8,2024,2026,3.5,26.333,2.0,1.667,0,0.803,0.591,2018-2026,HN public discussion proxy; not direct sales data
ai_krea,Krea,AI Products,Mixed/Early,AI image creation,08,Pricing / Quote,14,4.333,5,2025,2026,3.5,26.333,2.0,1.667,-1,0.788,0.534,2018-2026,HN public discussion proxy; not direct sales data
ai_krea,Krea,AI Products,Mixed/Early,AI image creation,09,Purchase Intent,12,3.0,5,2024,2026,3.5,26.333,2.0,1.667,0,0.729,0.392,2018-2026,HN public discussion proxy; not direct sales data
ai_krea,Krea,AI Products,Mixed/Early,AI image creation,10,Purchase,9,3.5,3,2024,2024,3.5,26.333,2.0,1.667,0,0.867,0.626,2018-2026,HN public discussion proxy; not direct sales data
ai_krea,Krea,AI Products,Mixed/Early,AI image creation,11,Trial,22,2.833,5,2018,2026,3.5,26.333,2.0,1.667,6,0.812,0.604,2018-2026,HN public discussion proxy; not direct sales data
ai_krea,Krea,AI Products,Mixed/Early,AI image creation,12,Installation / Onboarding,11,4.0,6,2024,2026,3.5,26.333,2.0,1.667,0,0.715,0.39,2018-2026,HN public discussion proxy; not direct sales data
ai_krea,Krea,AI Products,Mixed/Early,AI image creation,13,Usage,140,26.333,15,2022,2026,3.5,26.333,2.0,1.667,2,0.996,0.968,2018-2026,HN public discussion proxy; not direct sales data
ai_krea,Krea,AI Products,Mixed/Early,AI image creation,14,Failure / Friction,49,9.667,5,2020,2026,3.5,26.333,2.0,1.667,4,0.98,0.875,2018-2026,HN public discussion proxy; not direct sales data
ai_krea,Krea,AI Products,Mixed/Early,AI image creation,15,Support,76,12.75,20,2022,2025,3.5,26.333,2.0,1.667,2,0.831,0.821,2018-2026,HN public discussion proxy; not direct sales data
ai_krea,Krea,AI Products,Mixed/Early,AI image creation,16,Dissatisfaction,2,1.5,1,,2020,3.5,26.333,2.0,1.667,,0.304,-0.381,2018-2026,HN public discussion proxy; not direct sales data
ai_krea,Krea,AI Products,Mixed/Early,AI image creation,17,Replacement,3,2.0,2,2026,2026,3.5,26.333,2.0,1.667,-2,0.766,0.376,2018-2026,HN public discussion proxy; not direct sales data
ai_krea,Krea,AI Products,Mixed/Early,AI image creation,18,Switching,4,2.5,3,2026,2026,3.5,26.333,2.0,1.667,-2,0.75,0.376,2018-2026,HN public discussion proxy; not direct sales data
ai_krea,Krea,AI Products,Mixed/Early,AI image creation,19,Upgrade,2,1.5,1,,2023,3.5,26.333,2.0,1.667,,0.365,0.723,2018-2026,HN public discussion proxy; not direct sales data
ai_krea,Krea,AI Products,Mixed/Early,AI image creation,20,Repeat Purchase,6,1.667,2,2024,2024,3.5,26.333,2.0,1.667,0,0.768,0.511,2018-2026,HN public discussion proxy; not direct sales data
dev_lovable,Lovable,Developer Tools,Success/Growing,AI app builder,01,Problem Recognition,180,12.909,50,2024,2026,2.5,33.667,4.0,4.0,-5,0.997,0.827,2018-2026,HN public discussion proxy; not direct sales data
dev_lovable,Lovable,Developer Tools,Success/Growing,AI app builder,02,Search,72,30.5,37,2024,2025,2.5,33.667,4.0,4.0,-5,0.861,0.762,2018-2026,HN public discussion proxy; not direct sales data
dev_lovable,Lovable,Developer Tools,Success/Growing,AI app builder,03,Recommendation Seeking,25,13.5,17,2025,2025,2.5,33.667,4.0,4.0,-6,0.9,0.672,2018-2026,HN public discussion proxy; not direct sales data
dev_lovable,Lovable,Developer Tools,Success/Growing,AI app builder,04,Solution Discovery,211,43.0,81,2024,2025,2.5,33.667,4.0,4.0,-5,0.977,0.766,2018-2026,HN public discussion proxy; not direct sales data
dev_lovable,Lovable,Developer Tools,Success/Growing,AI app builder,05,Comparison,61,13.25,36,2025,2025,2.5,33.667,4.0,4.0,-6,0.821,0.713,2018-2026,HN public discussion proxy; not direct sales data
dev_lovable,Lovable,Developer Tools,Success/Growing,AI app builder,06,Alternative Seeking,35,11.333,18,2025,2025,2.5,33.667,4.0,4.0,-6,0.97,0.66,2018-2026,HN public discussion proxy; not direct sales data
dev_lovable,Lovable,Developer Tools,Success/Growing,AI app builder,07,Vendor / Provider Search,31,8.333,6,2023,2026,2.5,33.667,4.0,4.0,-4,0.98,0.88,2018-2026,HN public discussion proxy; not direct sales data
dev_lovable,Lovable,Developer Tools,Success/Growing,AI app builder,08,Pricing / Quote,30,9.333,13,2024,2025,2.5,33.667,4.0,4.0,-5,0.973,0.753,2018-2026,HN public discussion proxy; not direct sales data
dev_lovable,Lovable,Developer Tools,Success/Growing,AI app builder,09,Purchase Intent,13,3.0,4,2019,2025,2.5,33.667,4.0,4.0,0,0.947,0.692,2018-2026,HN public discussion proxy; not direct sales data
dev_lovable,Lovable,Developer Tools,Success/Growing,AI app builder,10,Purchase,16,2.5,4,2019,2026,2.5,33.667,4.0,4.0,0,0.699,0.262,2018-2026,HN public discussion proxy; not direct sales data
dev_lovable,Lovable,Developer Tools,Success/Growing,AI app builder,11,Trial,27,4.0,8,2018,2026,2.5,33.667,4.0,4.0,1,0.814,0.334,2018-2026,HN public discussion proxy; not direct sales data
dev_lovable,Lovable,Developer Tools,Success/Growing,AI app builder,12,Installation / Onboarding,25,11.5,7,2024,2026,2.5,33.667,4.0,4.0,-5,0.94,0.843,2018-2026,HN public discussion proxy; not direct sales data
dev_lovable,Lovable,Developer Tools,Success/Growing,AI app builder,13,Usage,244,33.667,78,2024,2026,2.5,33.667,4.0,4.0,-5,0.999,0.8,2018-2026,HN public discussion proxy; not direct sales data
dev_lovable,Lovable,Developer Tools,Success/Growing,AI app builder,14,Failure / Friction,59,25.5,30,2023,2025,2.5,33.667,4.0,4.0,-4,0.889,0.747,2018-2026,HN public discussion proxy; not direct sales data
dev_lovable,Lovable,Developer Tools,Success/Growing,AI app builder,15,Support,86,39.5,38,2025,2025,2.5,33.667,4.0,4.0,-6,0.985,0.73,2018-2026,HN public discussion proxy; not direct sales data
dev_lovable,Lovable,Developer Tools,Success/Growing,AI app builder,16,Dissatisfaction,2,1.0,1,,2021,2.5,33.667,4.0,4.0,,-0.337,-0.318,2018-2026,HN public discussion proxy; not direct sales data
dev_lovable,Lovable,Developer Tools,Success/Growing,AI app builder,17,Replacement,10,4.0,1,2024,2025,2.5,33.667,4.0,4.0,-5,0.904,0.919,2018-2026,HN public discussion proxy; not direct sales data
dev_lovable,Lovable,Developer Tools,Success/Growing,AI app builder,18,Switching,5,3.0,3,2025,2025,2.5,33.667,4.0,4.0,-6,0.798,0.639,2018-2026,HN public discussion proxy; not direct sales data
dev_lovable,Lovable,Developer Tools,Success/Growing,AI app builder,19,Upgrade,10,3.333,5,2025,2025,2.5,33.667,4.0,4.0,-6,0.818,0.751,2018-2026,HN public discussion proxy; not direct sales data
dev_lovable,Lovable,Developer Tools,Success/Growing,AI app builder,20,Repeat Purchase,9,4.0,2,2025,2025,2.5,33.667,4.0,4.0,-6,0.957,0.776,2018-2026,HN public discussion proxy; not direct sales data
dev_bolt_new,Bolt.new,Developer Tools,Success/Growing,AI app builder,01,Problem Recognition,11,6.0,6,2025,2025,1.0,16.5,1.0,1.5,,0.972,0.169,2018-2026,HN public discussion proxy; not direct sales data
dev_bolt_new,Bolt.new,Developer Tools,Success/Growing,AI app builder,02,Search,10,4.5,4,2024,2025,1.0,16.5,1.0,1.5,,0.928,0.434,2018-2026,HN public discussion proxy; not direct sales data
dev_bolt_new,Bolt.new,Developer Tools,Success/Growing,AI app builder,03,Recommendation Seeking,2,2.0,2,2025,2025,1.0,16.5,1.0,1.5,,0.979,0.027,2018-2026,HN public discussion proxy; not direct sales data
dev_bolt_new,Bolt.new,Developer Tools,Success/Growing,AI app builder,04,Solution Discovery,25,12.5,11,2024,2025,1.0,16.5,1.0,1.5,,0.867,0.18,2018-2026,HN public discussion proxy; not direct sales data
dev_bolt_new,Bolt.new,Developer Tools,Success/Growing,AI app builder,05,Comparison,8,4.5,5,2025,2025,1.0,16.5,1.0,1.5,,0.998,0.192,2018-2026,HN public discussion proxy; not direct sales data
dev_bolt_new,Bolt.new,Developer Tools,Success/Growing,AI app builder,06,Alternative Seeking,6,3.5,2,2025,2025,1.0,16.5,1.0,1.5,,0.893,0.351,2018-2026,HN public discussion proxy; not direct sales data
dev_bolt_new,Bolt.new,Developer Tools,Success/Growing,AI app builder,07,Vendor / Provider Search,0,1.0,0,,2018,1.0,16.5,1.0,1.5,,,,2018-2026,HN public discussion proxy; not direct sales data
dev_bolt_new,Bolt.new,Developer Tools,Success/Growing,AI app builder,08,Pricing / Quote,0,1.0,0,,2018,1.0,16.5,1.0,1.5,,,,2018-2026,HN public discussion proxy; not direct sales data
dev_bolt_new,Bolt.new,Developer Tools,Success/Growing,AI app builder,09,Purchase Intent,1,1.5,1,,2025,1.0,16.5,1.0,1.5,,0.979,0.027,2018-2026,HN public discussion proxy; not direct sales data
dev_bolt_new,Bolt.new,Developer Tools,Success/Growing,AI app builder,10,Purchase,0,1.0,0,,2018,1.0,16.5,1.0,1.5,,,,2018-2026,HN public discussion proxy; not direct sales data
dev_bolt_new,Bolt.new,Developer Tools,Success/Growing,AI app builder,11,Trial,2,2.0,2,2025,2025,1.0,16.5,1.0,1.5,,0.979,0.027,2018-2026,HN public discussion proxy; not direct sales data
dev_bolt_new,Bolt.new,Developer Tools,Success/Growing,AI app builder,12,Installation / Onboarding,9,4.5,2,2024,2025,1.0,16.5,1.0,1.5,,0.839,0.491,2018-2026,HN public discussion proxy; not direct sales data
dev_bolt_new,Bolt.new,Developer Tools,Success/Growing,AI app builder,13,Usage,34,16.5,23,2025,2025,1.0,16.5,1.0,1.5,,1.0,0.141,2018-2026,HN public discussion proxy; not direct sales data
dev_bolt_new,Bolt.new,Developer Tools,Success/Growing,AI app builder,14,Failure / Friction,4,3.0,2,2025,2025,1.0,16.5,1.0,1.5,,0.776,0.027,2018-2026,HN public discussion proxy; not direct sales data
dev_bolt_new,Bolt.new,Developer Tools,Success/Growing,AI app builder,15,Support,13,7.0,8,2025,2025,1.0,16.5,1.0,1.5,,0.989,0.137,2018-2026,HN public discussion proxy; not direct sales data
dev_bolt_new,Bolt.new,Developer Tools,Success/Growing,AI app builder,16,Dissatisfaction,3,2.0,1,2025,2025,1.0,16.5,1.0,1.5,,0.905,0.491,2018-2026,HN public discussion proxy; not direct sales data
dev_bolt_new,Bolt.new,Developer Tools,Success/Growing,AI app builder,17,Replacement,0,1.0,0,,2018,1.0,16.5,1.0,1.5,,,,2018-2026,HN public discussion proxy; not direct sales data
dev_bolt_new,Bolt.new,Developer Tools,Success/Growing,AI app builder,18,Switching,0,1.0,0,,2018,1.0,16.5,1.0,1.5,,,,2018-2026,HN public discussion proxy; not direct sales data
dev_bolt_new,Bolt.new,Developer Tools,Success/Growing,AI app builder,19,Upgrade,1,1.5,1,,2026,1.0,16.5,1.0,1.5,,0.047,,2018-2026,HN public discussion proxy; not direct sales data
dev_bolt_new,Bolt.new,Developer Tools,Success/Growing,AI app builder,20,Repeat Purchase,1,1.5,1,,2025,1.0,16.5,1.0,1.5,,0.979,0.027,2018-2026,HN public discussion proxy; not direct sales data
dev_v0,v0,Developer Tools,Success/Growing,AI UI generation,01,Problem Recognition,3,2.0,2,2025,2025,1.0,8.0,1.0,1.0,,0.627,0.108,2018-2026,HN public discussion proxy; not direct sales data
dev_v0,v0,Developer Tools,Success/Growing,AI UI generation,02,Search,8,2.0,2,2023,2024,1.0,8.0,1.0,1.0,,0.757,0.888,2018-2026,HN public discussion proxy; not direct sales data
dev_v0,v0,Developer Tools,Success/Growing,AI UI generation,03,Recommendation Seeking,2,1.5,1,,2024,1.0,8.0,1.0,1.0,,0.987,0.464,2018-2026,HN public discussion proxy; not direct sales data
dev_v0,v0,Developer Tools,Success/Growing,AI UI generation,04,Solution Discovery,12,6.5,4,2025,2026,1.0,8.0,1.0,1.0,,0.503,0.0,2018-2026,HN public discussion proxy; not direct sales data
dev_v0,v0,Developer Tools,Success/Growing,AI UI generation,05,Comparison,3,2.0,2,2025,2025,1.0,8.0,1.0,1.0,,0.627,0.108,2018-2026,HN public discussion proxy; not direct sales data
dev_v0,v0,Developer Tools,Success/Growing,AI UI generation,06,Alternative Seeking,8,2.0,2,2023,2024,1.0,8.0,1.0,1.0,,0.757,0.888,2018-2026,HN public discussion proxy; not direct sales data
dev_v0,v0,Developer Tools,Success/Growing,AI UI generation,07,Vendor / Provider Search,0,1.0,0,,2018,1.0,8.0,1.0,1.0,,,,2018-2026,HN public discussion proxy; not direct sales data
dev_v0,v0,Developer Tools,Success/Growing,AI UI generation,08,Pricing / Quote,2,1.0,2,2024,2024,1.0,8.0,1.0,1.0,,0.542,0.76,2018-2026,HN public discussion proxy; not direct sales data
dev_v0,v0,Developer Tools,Success/Growing,AI UI generation,09,Purchase Intent,0,1.0,0,,2018,1.0,8.0,1.0,1.0,,,,2018-2026,HN public discussion proxy; not direct sales data
dev_v0,v0,Developer Tools,Success/Growing,AI UI generation,10,Purchase,0,1.0,0,,2018,1.0,8.0,1.0,1.0,,,,2018-2026,HN public discussion proxy; not direct sales data
dev_v0,v0,Developer Tools,Success/Growing,AI UI generation,11,Trial,0,1.0,0,,2018,1.0,8.0,1.0,1.0,,,,2018-2026,HN public discussion proxy; not direct sales data
dev_v0,v0,Developer Tools,Success/Growing,AI UI generation,12,Installation / Onboarding,2,1.5,1,,2024,1.0,8.0,1.0,1.0,,0.987,0.464,2018-2026,HN public discussion proxy; not direct sales data
dev_v0,v0,Developer Tools,Success/Growing,AI UI generation,13,Usage,24,8.0,10,2024,2025,1.0,8.0,1.0,1.0,,1.0,0.369,2018-2026,HN public discussion proxy; not direct sales data
dev_v0,v0,Developer Tools,Success/Growing,AI UI generation,14,Failure / Friction,5,2.0,3,2024,2024,1.0,8.0,1.0,1.0,,0.93,0.588,2018-2026,HN public discussion proxy; not direct sales data
dev_v0,v0,Developer Tools,Success/Growing,AI UI generation,15,Support,7,2.5,4,2024,2024,1.0,8.0,1.0,1.0,,0.854,0.65,2018-2026,HN public discussion proxy; not direct sales data
dev_v0,v0,Developer Tools,Success/Growing,AI UI generation,16,Dissatisfaction,1,1.5,1,,2025,1.0,8.0,1.0,1.0,,0.764,-0.152,2018-2026,HN public discussion proxy; not direct sales data
dev_v0,v0,Developer Tools,Success/Growing,AI UI generation,17,Replacement,0,1.0,0,,2018,1.0,8.0,1.0,1.0,,,,2018-2026,HN public discussion proxy; not direct sales data
dev_v0,v0,Developer Tools,Success/Growing,AI UI generation,18,Switching,0,1.0,0,,2018,1.0,8.0,1.0,1.0,,,,2018-2026,HN public discussion proxy; not direct sales data
dev_v0,v0,Developer Tools,Success/Growing,AI UI generation,19,Upgrade,0,1.0,0,,2018,1.0,8.0,1.0,1.0,,,,2018-2026,HN public discussion proxy; not direct sales data
dev_v0,v0,Developer Tools,Success/Growing,AI UI generation,20,Repeat Purchase,0,1.0,0,,2018,1.0,8.0,1.0,1.0,,,,2018-2026,HN public discussion proxy; not direct sales data
dev_windsurf,Windsurf,Developer Tools,Success/Growing,AI code editor,01,Problem Recognition,12,6.5,8,2025,2025,1.0,14.0,1.0,2.0,,0.995,0.127,2018-2026,HN public discussion proxy; not direct sales data
dev_windsurf,Windsurf,Developer Tools,Success/Growing,AI code editor,02,Search,8,5.0,7,2025,2025,1.0,14.0,1.0,2.0,,0.999,0.016,2018-2026,HN public discussion proxy; not direct sales data
dev_windsurf,Windsurf,Developer Tools,Success/Growing,AI code editor,03,Recommendation Seeking,2,2.0,1,,2025,1.0,14.0,1.0,2.0,,0.772,0.016,2018-2026,HN public discussion proxy; not direct sales data
dev_windsurf,Windsurf,Developer Tools,Success/Growing,AI code editor,04,Solution Discovery,15,8.5,13,2025,2025,1.0,14.0,1.0,2.0,,0.999,0.016,2018-2026,HN public discussion proxy; not direct sales data
dev_windsurf,Windsurf,Developer Tools,Success/Growing,AI code editor,05,Comparison,50,25.0,33,2025,2025,1.0,14.0,1.0,2.0,,0.979,0.073,2018-2026,HN public discussion proxy; not direct sales data
dev_windsurf,Windsurf,Developer Tools,Success/Growing,AI code editor,06,Alternative Seeking,3,2.5,3,2025,2025,1.0,14.0,1.0,2.0,,0.987,0.016,2018-2026,HN public discussion proxy; not direct sales data
dev_windsurf,Windsurf,Developer Tools,Success/Growing,AI code editor,07,Vendor / Provider Search,2,2.0,2,2025,2025,1.0,14.0,1.0,2.0,,0.987,0.016,2018-2026,HN public discussion proxy; not direct sales data
dev_windsurf,Windsurf,Developer Tools,Success/Growing,AI code editor,08,Pricing / Quote,2,1.5,1,,2024,1.0,14.0,1.0,2.0,,0.653,0.766,2018-2026,HN public discussion proxy; not direct sales data
dev_windsurf,Windsurf,Developer Tools,Success/Growing,AI code editor,09,Purchase Intent,1,1.5,1,,2025,1.0,14.0,1.0,2.0,,0.987,0.016,2018-2026,HN public discussion proxy; not direct sales data
dev_windsurf,Windsurf,Developer Tools,Success/Growing,AI code editor,10,Purchase,0,1.0,0,,2018,1.0,14.0,1.0,2.0,,,,2018-2026,HN public discussion proxy; not direct sales data
dev_windsurf,Windsurf,Developer Tools,Success/Growing,AI code editor,11,Trial,2,2.0,2,2025,2025,1.0,14.0,1.0,2.0,,0.987,0.016,2018-2026,HN public discussion proxy; not direct sales data
dev_windsurf,Windsurf,Developer Tools,Success/Growing,AI code editor,12,Installation / Onboarding,11,6.5,6,2025,2025,1.0,14.0,1.0,2.0,,0.833,0.016,2018-2026,HN public discussion proxy; not direct sales data
dev_windsurf,Windsurf,Developer Tools,Success/Growing,AI code editor,13,Usage,42,14.0,34,2025,2025,1.0,14.0,1.0,2.0,,1.0,0.04,2018-2026,HN public discussion proxy; not direct sales data
dev_windsurf,Windsurf,Developer Tools,Success/Growing,AI code editor,14,Failure / Friction,10,6.0,9,2025,2025,1.0,14.0,1.0,2.0,,0.998,0.016,2018-2026,HN public discussion proxy; not direct sales data
dev_windsurf,Windsurf,Developer Tools,Success/Growing,AI code editor,15,Support,27,14.5,19,2025,2025,1.0,14.0,1.0,2.0,,0.967,0.016,2018-2026,HN public discussion proxy; not direct sales data
dev_windsurf,Windsurf,Developer Tools,Success/Growing,AI code editor,16,Dissatisfaction,0,1.0,0,,2018,1.0,14.0,1.0,2.0,,,,2018-2026,HN public discussion proxy; not direct sales data
dev_windsurf,Windsurf,Developer Tools,Success/Growing,AI code editor,17,Replacement,0,1.0,0,,2018,1.0,14.0,1.0,2.0,,,,2018-2026,HN public discussion proxy; not direct sales data
dev_windsurf,Windsurf,Developer Tools,Success/Growing,AI code editor,18,Switching,3,2.5,2,2025,2025,1.0,14.0,1.0,2.0,,0.947,0.016,2018-2026,HN public discussion proxy; not direct sales data
dev_windsurf,Windsurf,Developer Tools,Success/Growing,AI code editor,19,Upgrade,3,2.5,2,2025,2025,1.0,14.0,1.0,2.0,,0.947,0.016,2018-2026,HN public discussion proxy; not direct sales data
dev_windsurf,Windsurf,Developer Tools,Success/Growing,AI code editor,20,Repeat Purchase,2,2.0,1,,2025,1.0,14.0,1.0,2.0,,0.772,0.016,2018-2026,HN public discussion proxy; not direct sales data
dev_cline,Cline,Developer Tools,Success/Growing,AI coding agent,01,Problem Recognition,59,30.0,35,2025,2025,1.5,59.5,1.5,3.0,,0.975,0.245,2018-2026,HN public discussion proxy; not direct sales data
dev_cline,Cline,Developer Tools,Success/Growing,AI coding agent,02,Search,24,13.0,13,2025,2025,1.5,59.5,1.5,3.0,,0.936,0.249,2018-2026,HN public discussion proxy; not direct sales data
dev_cline,Cline,Developer Tools,Success/Growing,AI coding agent,03,Recommendation Seeking,11,6.5,10,2025,2025,1.5,59.5,1.5,3.0,,0.957,0.249,2018-2026,HN public discussion proxy; not direct sales data
dev_cline,Cline,Developer Tools,Success/Growing,AI coding agent,04,Solution Discovery,40,20.5,20,2025,2025,1.5,59.5,1.5,3.0,,0.933,0.295,2018-2026,HN public discussion proxy; not direct sales data
dev_cline,Cline,Developer Tools,Success/Growing,AI coding agent,05,Comparison,90,45.0,62,2025,2025,1.5,59.5,1.5,3.0,,0.999,0.279,2018-2026,HN public discussion proxy; not direct sales data
dev_cline,Cline,Developer Tools,Success/Growing,AI coding agent,06,Alternative Seeking,13,7.5,9,2025,2025,1.5,59.5,1.5,3.0,,0.999,0.249,2018-2026,HN public discussion proxy; not direct sales data
dev_cline,Cline,Developer Tools,Success/Growing,AI coding agent,07,Vendor / Provider Search,4,3.0,2,2025,2025,1.5,59.5,1.5,3.0,,0.898,0.249,2018-2026,HN public discussion proxy; not direct sales data
dev_cline,Cline,Developer Tools,Success/Growing,AI coding agent,08,Pricing / Quote,8,5.0,4,2025,2025,1.5,59.5,1.5,3.0,,0.898,0.249,2018-2026,HN public discussion proxy; not direct sales data
dev_cline,Cline,Developer Tools,Success/Growing,AI coding agent,09,Purchase Intent,2,2.0,2,2026,2026,1.5,59.5,1.5,3.0,,0.265,,2018-2026,HN public discussion proxy; not direct sales data
dev_cline,Cline,Developer Tools,Success/Growing,AI coding agent,10,Purchase,1,1.5,1,,2025,1.5,59.5,1.5,3.0,,0.924,0.249,2018-2026,HN public discussion proxy; not direct sales data
dev_cline,Cline,Developer Tools,Success/Growing,AI coding agent,11,Trial,11,6.5,5,2025,2026,1.5,59.5,1.5,3.0,,0.598,0.249,2018-2026,HN public discussion proxy; not direct sales data
dev_cline,Cline,Developer Tools,Success/Growing,AI coding agent,12,Installation / Onboarding,37,19.5,17,2025,2026,1.5,59.5,1.5,3.0,,0.594,0.249,2018-2026,HN public discussion proxy; not direct sales data
dev_cline,Cline,Developer Tools,Success/Growing,AI coding agent,13,Usage,117,59.5,86,2025,2025,1.5,59.5,1.5,3.0,,0.999,0.249,2018-2026,HN public discussion proxy; not direct sales data
dev_cline,Cline,Developer Tools,Success/Growing,AI coding agent,14,Failure / Friction,22,12.0,11,2025,2025,1.5,59.5,1.5,3.0,,0.898,0.249,2018-2026,HN public discussion proxy; not direct sales data
dev_cline,Cline,Developer Tools,Success/Growing,AI coding agent,15,Support,49,25.0,33,2025,2025,1.5,59.5,1.5,3.0,,0.998,0.244,2018-2026,HN public discussion proxy; not direct sales data
dev_cline,Cline,Developer Tools,Success/Growing,AI coding agent,16,Dissatisfaction,2,2.0,2,2025,2025,1.5,59.5,1.5,3.0,,0.924,0.249,2018-2026,HN public discussion proxy; not direct sales data
dev_cline,Cline,Developer Tools,Success/Growing,AI coding agent,17,Replacement,1,1.5,1,,2025,1.5,59.5,1.5,3.0,,0.924,0.249,2018-2026,HN public discussion proxy; not direct sales data
dev_cline,Cline,Developer Tools,Success/Growing,AI coding agent,18,Switching,4,3.0,4,2025,2025,1.5,59.5,1.5,3.0,,0.924,0.249,2018-2026,HN public discussion proxy; not direct sales data
dev_cline,Cline,Developer Tools,Success/Growing,AI coding agent,19,Upgrade,3,2.5,1,2026,2026,1.5,59.5,1.5,3.0,,0.685,0.249,2018-2026,HN public discussion proxy; not direct sales data
dev_cline,Cline,Developer Tools,Success/Growing,AI coding agent,20,Repeat Purchase,4,3.0,4,2026,2026,1.5,59.5,1.5,3.0,,0.265,,2018-2026,HN public discussion proxy; not direct sales data
dev_aider,Aider,Developer Tools,Success/Growing,AI pair programming CLI,01,Problem Recognition,381,8.217,41,2018,2025,8.0,16.842,5.0,2.5,4,0.993,0.785,2018-2026,HN public discussion proxy; not direct sales data
dev_aider,Aider,Developer Tools,Success/Growing,AI pair programming CLI,02,Search,174,5.059,15,2018,2025,8.0,16.842,5.0,2.5,4,0.987,0.806,2018-2026,HN public discussion proxy; not direct sales data
dev_aider,Aider,Developer Tools,Success/Growing,AI pair programming CLI,03,Recommendation Seeking,76,5.857,12,2018,2025,8.0,16.842,5.0,2.5,4,0.947,0.725,2018-2026,HN public discussion proxy; not direct sales data
dev_aider,Aider,Developer Tools,Success/Growing,AI pair programming CLI,04,Solution Discovery,235,7.556,35,2018,2025,8.0,16.842,5.0,2.5,4,0.96,0.698,2018-2026,HN public discussion proxy; not direct sales data
dev_aider,Aider,Developer Tools,Success/Growing,AI pair programming CLI,05,Comparison,165,17.0,43,2023,2025,8.0,16.842,5.0,2.5,-1,0.967,0.656,2018-2026,HN public discussion proxy; not direct sales data
dev_aider,Aider,Developer Tools,Success/Growing,AI pair programming CLI,06,Alternative Seeking,66,7.8,10,2021,2025,8.0,16.842,5.0,2.5,1,0.954,0.707,2018-2026,HN public discussion proxy; not direct sales data
dev_aider,Aider,Developer Tools,Success/Growing,AI pair programming CLI,07,Vendor / Provider Search,29,6.333,7,2023,2025,8.0,16.842,5.0,2.5,-1,0.973,0.695,2018-2026,HN public discussion proxy; not direct sales data
dev_aider,Aider,Developer Tools,Success/Growing,AI pair programming CLI,08,Pricing / Quote,46,8.333,7,2021,2024,8.0,16.842,5.0,2.5,1,0.934,0.91,2018-2026,HN public discussion proxy; not direct sales data
dev_aider,Aider,Developer Tools,Success/Growing,AI pair programming CLI,09,Purchase Intent,13,1.667,4,2023,2023,8.0,16.842,5.0,2.5,-1,0.318,0.362,2018-2026,HN public discussion proxy; not direct sales data
dev_aider,Aider,Developer Tools,Success/Growing,AI pair programming CLI,10,Purchase,29,8.0,6,2022,2026,8.0,16.842,5.0,2.5,0,0.672,0.817,2018-2026,HN public discussion proxy; not direct sales data
dev_aider,Aider,Developer Tools,Success/Growing,AI pair programming CLI,11,Trial,61,20.0,6,2020,2026,8.0,16.842,5.0,2.5,2,0.878,0.808,2018-2026,HN public discussion proxy; not direct sales data
dev_aider,Aider,Developer Tools,Success/Growing,AI pair programming CLI,12,Installation / Onboarding,66,22.0,10,2023,2026,8.0,16.842,5.0,2.5,-1,0.846,0.888,2018-2026,HN public discussion proxy; not direct sales data
dev_aider,Aider,Developer Tools,Success/Growing,AI pair programming CLI,13,Usage,565,16.842,89,2022,2025,8.0,16.842,5.0,2.5,0,0.998,0.766,2018-2026,HN public discussion proxy; not direct sales data
dev_aider,Aider,Developer Tools,Success/Growing,AI pair programming CLI,14,Failure / Friction,197,9.182,16,2021,2025,8.0,16.842,5.0,2.5,1,0.982,0.845,2018-2026,HN public discussion proxy; not direct sales data
dev_aider,Aider,Developer Tools,Success/Growing,AI pair programming CLI,15,Support,238,10.154,38,2019,2025,8.0,16.842,5.0,2.5,3,0.982,0.715,2018-2026,HN public discussion proxy; not direct sales data
dev_aider,Aider,Developer Tools,Success/Growing,AI pair programming CLI,16,Dissatisfaction,18,4.333,3,2023,2026,8.0,16.842,5.0,2.5,-1,0.708,0.459,2018-2026,HN public discussion proxy; not direct sales data
dev_aider,Aider,Developer Tools,Success/Growing,AI pair programming CLI,17,Replacement,22,5.0,6,2022,2025,8.0,16.842,5.0,2.5,0,0.852,0.507,2018-2026,HN public discussion proxy; not direct sales data
dev_aider,Aider,Developer Tools,Success/Growing,AI pair programming CLI,18,Switching,9,3.5,2,2025,2025,8.0,16.842,5.0,2.5,-3,0.787,0.416,2018-2026,HN public discussion proxy; not direct sales data
dev_aider,Aider,Developer Tools,Success/Growing,AI pair programming CLI,19,Upgrade,18,6.5,3,2023,2026,8.0,16.842,5.0,2.5,-1,0.884,0.687,2018-2026,HN public discussion proxy; not direct sales data
dev_aider,Aider,Developer Tools,Success/Growing,AI pair programming CLI,20,Repeat Purchase,6,2.5,2,2023,2023,8.0,16.842,5.0,2.5,-1,0.638,0.289,2018-2026,HN public discussion proxy; not direct sales data
dev_coderabbit,CodeRabbit,Developer Tools,Success/Growing,AI code review,01,Problem Recognition,13,6.5,3,2024,2026,1.0,15.5,2.0,1.0,,0.978,0.964,2018-2026,HN public discussion proxy; not direct sales data
dev_coderabbit,CodeRabbit,Developer Tools,Success/Growing,AI code review,02,Search,9,5.0,4,2025,2026,1.0,15.5,2.0,1.0,,0.989,0.964,2018-2026,HN public discussion proxy; not direct sales data
dev_coderabbit,CodeRabbit,Developer Tools,Success/Growing,AI code review,03,Recommendation Seeking,4,2.0,2,2026,2026,1.0,15.5,2.0,1.0,,0.814,0.172,2018-2026,HN public discussion proxy; not direct sales data
dev_coderabbit,CodeRabbit,Developer Tools,Success/Growing,AI code review,04,Solution Discovery,20,10.0,10,2023,2026,1.0,15.5,2.0,1.0,,0.97,0.864,2018-2026,HN public discussion proxy; not direct sales data
dev_coderabbit,CodeRabbit,Developer Tools,Success/Growing,AI code review,05,Comparison,19,10.5,10,2025,2025,1.0,15.5,2.0,1.0,,0.836,0.905,2018-2026,HN public discussion proxy; not direct sales data
dev_coderabbit,CodeRabbit,Developer Tools,Success/Growing,AI code review,06,Alternative Seeking,5,3.5,2,2025,2026,1.0,15.5,2.0,1.0,,0.94,0.905,2018-2026,HN public discussion proxy; not direct sales data
dev_coderabbit,CodeRabbit,Developer Tools,Success/Growing,AI code review,07,Vendor / Provider Search,2,2.0,2,2025,2025,1.0,15.5,2.0,1.0,,0.239,0.905,2018-2026,HN public discussion proxy; not direct sales data
dev_coderabbit,CodeRabbit,Developer Tools,Success/Growing,AI code review,08,Pricing / Quote,3,2.5,1,2026,2026,1.0,15.5,2.0,1.0,,0.964,0.905,2018-2026,HN public discussion proxy; not direct sales data
dev_coderabbit,CodeRabbit,Developer Tools,Success/Growing,AI code review,09,Purchase Intent,0,1.0,0,,2018,1.0,15.5,2.0,1.0,,,,2018-2026,HN public discussion proxy; not direct sales data
dev_coderabbit,CodeRabbit,Developer Tools,Success/Growing,AI code review,10,Purchase,0,1.0,0,,2018,1.0,15.5,2.0,1.0,,,,2018-2026,HN public discussion proxy; not direct sales data
dev_coderabbit,CodeRabbit,Developer Tools,Success/Growing,AI code review,11,Trial,4,2.5,1,2026,2026,1.0,15.5,2.0,1.0,,0.907,0.697,2018-2026,HN public discussion proxy; not direct sales data
dev_coderabbit,CodeRabbit,Developer Tools,Success/Growing,AI code review,12,Installation / Onboarding,10,5.0,2,2024,2025,1.0,15.5,2.0,1.0,,0.876,0.964,2018-2026,HN public discussion proxy; not direct sales data
dev_coderabbit,CodeRabbit,Developer Tools,Success/Growing,AI code review,13,Usage,37,15.5,11,2023,2026,1.0,15.5,2.0,1.0,,0.999,0.975,2018-2026,HN public discussion proxy; not direct sales data
dev_coderabbit,CodeRabbit,Developer Tools,Success/Growing,AI code review,14,Failure / Friction,10,6.0,6,2025,2026,1.0,15.5,2.0,1.0,,0.963,0.905,2018-2026,HN public discussion proxy; not direct sales data
dev_coderabbit,CodeRabbit,Developer Tools,Success/Growing,AI code review,15,Support,15,7.5,5,2023,2026,1.0,15.5,2.0,1.0,,0.968,0.864,2018-2026,HN public discussion proxy; not direct sales data
dev_coderabbit,CodeRabbit,Developer Tools,Success/Growing,AI code review,16,Dissatisfaction,0,1.0,0,,2018,1.0,15.5,2.0,1.0,,,,2018-2026,HN public discussion proxy; not direct sales data
dev_coderabbit,CodeRabbit,Developer Tools,Success/Growing,AI code review,17,Replacement,2,2.0,2,2026,2026,1.0,15.5,2.0,1.0,,0.904,,2018-2026,HN public discussion proxy; not direct sales data
dev_coderabbit,CodeRabbit,Developer Tools,Success/Growing,AI code review,18,Switching,1,1.5,1,,2026,1.0,15.5,2.0,1.0,,0.904,,2018-2026,HN public discussion proxy; not direct sales data
dev_coderabbit,CodeRabbit,Developer Tools,Success/Growing,AI code review,19,Upgrade,2,2.0,2,2025,2025,1.0,15.5,2.0,1.0,,0.239,0.905,2018-2026,HN public discussion proxy; not direct sales data
dev_coderabbit,CodeRabbit,Developer Tools,Success/Growing,AI code review,20,Repeat Purchase,0,1.0,0,,2018,1.0,15.5,2.0,1.0,,,,2018-2026,HN public discussion proxy; not direct sales data
dev_bun,Bun,Developer Tools,Success/Growing,JavaScript runtime and toolkit,01,Problem Recognition,7897,0.649,64,2018,2021,0.693,0.705,0.927,0.75,0,0.995,0.752,2018-2026,HN public discussion proxy; not direct sales data
dev_bun,Bun,Developer Tools,Success/Growing,JavaScript runtime and toolkit,02,Search,4523,0.544,43,2018,2020,0.693,0.705,0.927,0.75,0,0.946,0.95,2018-2026,HN public discussion proxy; not direct sales data
dev_bun,Bun,Developer Tools,Success/Growing,JavaScript runtime and toolkit,03,Recommendation Seeking,1459,0.461,22,2018,2021,0.693,0.705,0.927,0.75,0,0.903,0.847,2018-2026,HN public discussion proxy; not direct sales data
dev_bun,Bun,Developer Tools,Success/Growing,JavaScript runtime and toolkit,04,Solution Discovery,4053,0.78,71,2018,2022,0.693,0.705,0.927,0.75,0,0.953,0.372,2018-2026,HN public discussion proxy; not direct sales data
dev_bun,Bun,Developer Tools,Success/Growing,JavaScript runtime and toolkit,05,Comparison,2460,0.768,53,2018,2021,0.693,0.705,0.927,0.75,0,0.962,0.445,2018-2026,HN public discussion proxy; not direct sales data
dev_bun,Bun,Developer Tools,Success/Growing,JavaScript runtime and toolkit,06,Alternative Seeking,2043,0.658,20,2018,2022,0.693,0.705,0.927,0.75,0,0.981,0.716,2018-2026,HN public discussion proxy; not direct sales data
dev_bun,Bun,Developer Tools,Success/Growing,JavaScript runtime and toolkit,07,Vendor / Provider Search,756,0.695,23,2018,2022,0.693,0.705,0.927,0.75,0,0.778,0.341,2018-2026,HN public discussion proxy; not direct sales data
dev_bun,Bun,Developer Tools,Success/Growing,JavaScript runtime and toolkit,08,Pricing / Quote,403,1.311,29,2018,2023,0.693,0.705,0.927,0.75,0,0.116,-0.51,2018-2026,HN public discussion proxy; not direct sales data
dev_bun,Bun,Developer Tools,Success/Growing,JavaScript runtime and toolkit,09,Purchase Intent,157,0.44,12,2018,2019,0.693,0.705,0.927,0.75,0,0.562,0.453,2018-2026,HN public discussion proxy; not direct sales data
dev_bun,Bun,Developer Tools,Success/Growing,JavaScript runtime and toolkit,10,Purchase,387,0.693,22,2018,2020,0.693,0.705,0.927,0.75,0,0.787,0.585,2018-2026,HN public discussion proxy; not direct sales data
dev_bun,Bun,Developer Tools,Success/Growing,JavaScript runtime and toolkit,11,Trial,494,1.019,29,2018,2019,0.693,0.705,0.927,0.75,0,0.499,0.04,2018-2026,HN public discussion proxy; not direct sales data
dev_bun,Bun,Developer Tools,Success/Growing,JavaScript runtime and toolkit,12,Installation / Onboarding,2146,0.747,50,2018,2020,0.693,0.705,0.927,0.75,0,0.951,0.737,2018-2026,HN public discussion proxy; not direct sales data
dev_bun,Bun,Developer Tools,Success/Growing,JavaScript runtime and toolkit,13,Usage,14071,0.705,131,2018,2021,0.693,0.705,0.927,0.75,0,0.999,0.651,2018-2026,HN public discussion proxy; not direct sales data
dev_bun,Bun,Developer Tools,Success/Growing,JavaScript runtime and toolkit,14,Failure / Friction,3829,0.701,59,2018,2020,0.693,0.705,0.927,0.75,0,0.971,0.68,2018-2026,HN public discussion proxy; not direct sales data
dev_bun,Bun,Developer Tools,Success/Growing,JavaScript runtime and toolkit,15,Support,7338,0.726,165,2018,2022,0.693,0.705,0.927,0.75,0,0.988,0.587,2018-2026,HN public discussion proxy; not direct sales data
dev_bun,Bun,Developer Tools,Success/Growing,JavaScript runtime and toolkit,16,Dissatisfaction,203,1.278,16,2018,2024,0.693,0.705,0.927,0.75,0,0.274,-0.731,2018-2026,HN public discussion proxy; not direct sales data
dev_bun,Bun,Developer Tools,Success/Growing,JavaScript runtime and toolkit,17,Replacement,558,0.927,26,2018,2023,0.693,0.705,0.927,0.75,0,0.527,-0.164,2018-2026,HN public discussion proxy; not direct sales data
dev_bun,Bun,Developer Tools,Success/Growing,JavaScript runtime and toolkit,18,Switching,296,0.929,19,2018,2025,0.693,0.705,0.927,0.75,0,0.666,-0.322,2018-2026,HN public discussion proxy; not direct sales data
dev_bun,Bun,Developer Tools,Success/Growing,JavaScript runtime and toolkit,19,Upgrade,583,0.794,36,2018,2020,0.693,0.705,0.927,0.75,0,0.911,0.304,2018-2026,HN public discussion proxy; not direct sales data
dev_bun,Bun,Developer Tools,Success/Growing,JavaScript runtime and toolkit,20,Repeat Purchase,114,0.75,10,2018,2020,0.693,0.705,0.927,0.75,0,0.466,0.433,2018-2026,HN public discussion proxy; not direct sales data
dev_zed,Zed,Developer Tools,Success/Growing,code editor,01,Problem Recognition,54,19.5,10,2023,2025,4.5,77.333,6.5,3.0,1,0.994,0.886,2018-2026,HN public discussion proxy; not direct sales data
dev_zed,Zed,Developer Tools,Success/Growing,code editor,02,Search,54,21.0,10,2024,2026,4.5,77.333,6.5,3.0,0,0.983,0.838,2018-2026,HN public discussion proxy; not direct sales data
dev_zed,Zed,Developer Tools,Success/Growing,code editor,03,Recommendation Seeking,16,6.0,2,2023,2025,4.5,77.333,6.5,3.0,1,0.972,0.968,2018-2026,HN public discussion proxy; not direct sales data
dev_zed,Zed,Developer Tools,Success/Growing,code editor,04,Solution Discovery,90,30.5,20,2024,2026,4.5,77.333,6.5,3.0,0,0.978,0.891,2018-2026,HN public discussion proxy; not direct sales data
dev_zed,Zed,Developer Tools,Success/Growing,code editor,05,Comparison,433,97.0,94,2024,2025,4.5,77.333,6.5,3.0,0,0.999,0.878,2018-2026,HN public discussion proxy; not direct sales data
dev_zed,Zed,Developer Tools,Success/Growing,code editor,06,Alternative Seeking,46,17.0,9,2023,2025,4.5,77.333,6.5,3.0,1,0.999,0.884,2018-2026,HN public discussion proxy; not direct sales data
dev_zed,Zed,Developer Tools,Success/Growing,code editor,07,Vendor / Provider Search,6,3.5,2,2025,2025,4.5,77.333,6.5,3.0,-1,0.955,0.733,2018-2026,HN public discussion proxy; not direct sales data
dev_zed,Zed,Developer Tools,Success/Growing,code editor,08,Pricing / Quote,12,3.333,3,2024,2025,4.5,77.333,6.5,3.0,0,0.946,0.779,2018-2026,HN public discussion proxy; not direct sales data
dev_zed,Zed,Developer Tools,Success/Growing,code editor,09,Purchase Intent,2,2.0,1,,2025,4.5,77.333,6.5,3.0,,0.866,0.543,2018-2026,HN public discussion proxy; not direct sales data
dev_zed,Zed,Developer Tools,Success/Growing,code editor,10,Purchase,10,4.5,3,2024,2026,4.5,77.333,6.5,3.0,0,0.975,0.862,2018-2026,HN public discussion proxy; not direct sales data
dev_zed,Zed,Developer Tools,Success/Growing,code editor,11,Trial,8,5.0,6,2025,2025,4.5,77.333,6.5,3.0,-1,0.767,0.543,2018-2026,HN public discussion proxy; not direct sales data
dev_zed,Zed,Developer Tools,Success/Growing,code editor,12,Installation / Onboarding,68,23.5,17,2024,2025,4.5,77.333,6.5,3.0,0,0.994,0.88,2018-2026,HN public discussion proxy; not direct sales data
dev_zed,Zed,Developer Tools,Success/Growing,code editor,13,Usage,331,77.333,66,2024,2025,4.5,77.333,6.5,3.0,0,1.0,0.866,2018-2026,HN public discussion proxy; not direct sales data
dev_zed,Zed,Developer Tools,Success/Growing,code editor,14,Failure / Friction,58,23.0,11,2024,2026,4.5,77.333,6.5,3.0,0,0.99,0.831,2018-2026,HN public discussion proxy; not direct sales data
dev_zed,Zed,Developer Tools,Success/Growing,code editor,15,Support,229,77.0,55,2024,2025,4.5,77.333,6.5,3.0,0,0.994,0.893,2018-2026,HN public discussion proxy; not direct sales data
dev_zed,Zed,Developer Tools,Success/Growing,code editor,16,Dissatisfaction,4,2.5,1,2026,2026,4.5,77.333,6.5,3.0,-2,0.698,0.643,2018-2026,HN public discussion proxy; not direct sales data
dev_zed,Zed,Developer Tools,Success/Growing,code editor,17,Replacement,19,6.5,4,2023,2024,4.5,77.333,6.5,3.0,1,0.947,0.964,2018-2026,HN public discussion proxy; not direct sales data
dev_zed,Zed,Developer Tools,Success/Growing,code editor,18,Switching,16,8.0,11,2025,2025,4.5,77.333,6.5,3.0,-1,0.715,0.628,2018-2026,HN public discussion proxy; not direct sales data
dev_zed,Zed,Developer Tools,Success/Growing,code editor,19,Upgrade,6,3.5,3,2026,2026,4.5,77.333,6.5,3.0,-2,0.787,0.862,2018-2026,HN public discussion proxy; not direct sales data
dev_zed,Zed,Developer Tools,Success/Growing,code editor,20,Repeat Purchase,5,3.0,2,2026,2026,4.5,77.333,6.5,3.0,-2,0.845,0.862,2018-2026,HN public discussion proxy; not direct sales data
dev_neon,Neon,Developer Tools,Success/Growing,serverless Postgres,01,Problem Recognition,1637,0.994,81,2018,2021,0.815,1.164,0.885,0.667,0,0.941,0.404,2018-2026,HN public discussion proxy; not direct sales data
dev_neon,Neon,Developer Tools,Success/Growing,serverless Postgres,02,Search,611,1.138,34,2018,2021,0.815,1.164,0.885,0.667,0,0.893,0.077,2018-2026,HN public discussion proxy; not direct sales data
dev_neon,Neon,Developer Tools,Success/Growing,serverless Postgres,03,Recommendation Seeking,293,0.894,10,2018,2022,0.815,1.164,0.885,0.667,0,0.46,0.447,2018-2026,HN public discussion proxy; not direct sales data
dev_neon,Neon,Developer Tools,Success/Growing,serverless Postgres,04,Solution Discovery,857,1.172,39,2018,2021,0.815,1.164,0.885,0.667,0,0.865,0.417,2018-2026,HN public discussion proxy; not direct sales data
dev_neon,Neon,Developer Tools,Success/Growing,serverless Postgres,05,Comparison,392,1.309,10,2018,2022,0.815,1.164,0.885,0.667,0,0.833,0.039,2018-2026,HN public discussion proxy; not direct sales data
dev_neon,Neon,Developer Tools,Success/Growing,serverless Postgres,06,Alternative Seeking,339,1.298,11,2018,2022,0.815,1.164,0.885,0.667,0,0.896,0.33,2018-2026,HN public discussion proxy; not direct sales data
dev_neon,Neon,Developer Tools,Success/Growing,serverless Postgres,07,Vendor / Provider Search,233,1.089,16,2018,2023,0.815,1.164,0.885,0.667,0,0.437,-0.115,2018-2026,HN public discussion proxy; not direct sales data
dev_neon,Neon,Developer Tools,Success/Growing,serverless Postgres,08,Pricing / Quote,136,1.5,9,2018,2023,0.815,1.164,0.885,0.667,0,0.743,0.248,2018-2026,HN public discussion proxy; not direct sales data
dev_neon,Neon,Developer Tools,Success/Growing,serverless Postgres,09,Purchase Intent,64,1.077,5,2018,2022,0.815,1.164,0.885,0.667,0,0.598,0.538,2018-2026,HN public discussion proxy; not direct sales data
dev_neon,Neon,Developer Tools,Success/Growing,serverless Postgres,10,Purchase,107,0.815,5,2018,2019,0.815,1.164,0.885,0.667,0,0.309,0.552,2018-2026,HN public discussion proxy; not direct sales data
dev_neon,Neon,Developer Tools,Success/Growing,serverless Postgres,11,Trial,154,1.346,13,2018,2022,0.815,1.164,0.885,0.667,0,0.823,-0.08,2018-2026,HN public discussion proxy; not direct sales data
dev_neon,Neon,Developer Tools,Success/Growing,serverless Postgres,12,Installation / Onboarding,345,1.058,18,2018,2022,0.815,1.164,0.885,0.667,0,0.446,0.248,2018-2026,HN public discussion proxy; not direct sales data
dev_neon,Neon,Developer Tools,Success/Growing,serverless Postgres,13,Usage,2326,1.164,75,2018,2021,0.815,1.164,0.885,0.667,0,0.992,0.269,2018-2026,HN public discussion proxy; not direct sales data
dev_neon,Neon,Developer Tools,Success/Growing,serverless Postgres,14,Failure / Friction,655,0.954,19,2018,2022,0.815,1.164,0.885,0.667,0,0.728,0.559,2018-2026,HN public discussion proxy; not direct sales data
dev_neon,Neon,Developer Tools,Success/Growing,serverless Postgres,15,Support,1293,0.844,45,2018,2023,0.815,1.164,0.885,0.667,0,0.86,0.326,2018-2026,HN public discussion proxy; not direct sales data
dev_neon,Neon,Developer Tools,Success/Growing,serverless Postgres,16,Dissatisfaction,21,0.571,4,2018,2021,0.815,1.164,0.885,0.667,0,0.571,0.09,2018-2026,HN public discussion proxy; not direct sales data
dev_neon,Neon,Developer Tools,Success/Growing,serverless Postgres,17,Replacement,101,0.885,6,2018,2022,0.815,1.164,0.885,0.667,0,0.213,0.341,2018-2026,HN public discussion proxy; not direct sales data
dev_neon,Neon,Developer Tools,Success/Growing,serverless Postgres,18,Switching,71,1.455,4,2018,2021,0.815,1.164,0.885,0.667,0,0.813,0.587,2018-2026,HN public discussion proxy; not direct sales data
dev_neon,Neon,Developer Tools,Success/Growing,serverless Postgres,19,Upgrade,177,0.851,11,2018,2018,0.815,1.164,0.885,0.667,0,-0.138,-0.415,2018-2026,HN public discussion proxy; not direct sales data
dev_neon,Neon,Developer Tools,Success/Growing,serverless Postgres,20,Repeat Purchase,49,0.667,12,2018,2021,0.815,1.164,0.885,0.667,0,0.545,0.412,2018-2026,HN public discussion proxy; not direct sales data
dev_turso,Turso,Developer Tools,Mixed/Early,edge database,01,Problem Recognition,24,3.333,4,2021,2024,1.0,5.2,1.5,1.0,1,0.921,0.453,2018-2026,HN public discussion proxy; not direct sales data
dev_turso,Turso,Developer Tools,Mixed/Early,edge database,02,Search,13,2.667,5,2024,2024,1.0,5.2,1.5,1.0,-2,0.693,0.095,2018-2026,HN public discussion proxy; not direct sales data
dev_turso,Turso,Developer Tools,Mixed/Early,edge database,03,Recommendation Seeking,10,2.0,5,2023,2023,1.0,5.2,1.5,1.0,-1,0.546,0.882,2018-2026,HN public discussion proxy; not direct sales data
dev_turso,Turso,Developer Tools,Mixed/Early,edge database,04,Solution Discovery,40,4.25,12,2021,2024,1.0,5.2,1.5,1.0,1,0.919,0.261,2018-2026,HN public discussion proxy; not direct sales data
dev_turso,Turso,Developer Tools,Mixed/Early,edge database,05,Comparison,13,1.4,2,2019,2025,1.0,5.2,1.5,1.0,3,0.321,-0.041,2018-2026,HN public discussion proxy; not direct sales data
dev_turso,Turso,Developer Tools,Mixed/Early,edge database,06,Alternative Seeking,11,4.5,5,2021,2025,1.0,5.2,1.5,1.0,1,0.239,0.184,2018-2026,HN public discussion proxy; not direct sales data
dev_turso,Turso,Developer Tools,Mixed/Early,edge database,07,Vendor / Provider Search,5,2.0,3,2024,2024,1.0,5.2,1.5,1.0,-2,0.891,0.076,2018-2026,HN public discussion proxy; not direct sales data
dev_turso,Turso,Developer Tools,Mixed/Early,edge database,08,Pricing / Quote,6,2.5,3,2024,2024,1.0,5.2,1.5,1.0,-2,0.73,0.045,2018-2026,HN public discussion proxy; not direct sales data
dev_turso,Turso,Developer Tools,Mixed/Early,edge database,09,Purchase Intent,2,1.5,1,,2021,1.0,5.2,1.5,1.0,,-0.061,-0.088,2018-2026,HN public discussion proxy; not direct sales data
dev_turso,Turso,Developer Tools,Mixed/Early,edge database,10,Purchase,4,1.0,3,2022,2022,1.0,5.2,1.5,1.0,0,0.141,0.161,2018-2026,HN public discussion proxy; not direct sales data
dev_turso,Turso,Developer Tools,Mixed/Early,edge database,11,Trial,2,1.0,2,2021,2021,1.0,5.2,1.5,1.0,1,-0.177,-0.212,2018-2026,HN public discussion proxy; not direct sales data
dev_turso,Turso,Developer Tools,Mixed/Early,edge database,12,Installation / Onboarding,5,0.75,2,2019,2019,1.0,5.2,1.5,1.0,3,-0.218,0.06,2018-2026,HN public discussion proxy; not direct sales data
dev_turso,Turso,Developer Tools,Mixed/Early,edge database,13,Usage,80,5.2,10,2019,2024,1.0,5.2,1.5,1.0,3,0.984,0.536,2018-2026,HN public discussion proxy; not direct sales data
dev_turso,Turso,Developer Tools,Mixed/Early,edge database,14,Failure / Friction,13,1.333,6,2024,2024,1.0,5.2,1.5,1.0,-2,0.866,0.084,2018-2026,HN public discussion proxy; not direct sales data
dev_turso,Turso,Developer Tools,Mixed/Early,edge database,15,Support,50,4.75,8,2019,2024,1.0,5.2,1.5,1.0,3,0.953,0.412,2018-2026,HN public discussion proxy; not direct sales data
dev_turso,Turso,Developer Tools,Mixed/Early,edge database,16,Dissatisfaction,0,1.0,0,,2018,1.0,5.2,1.5,1.0,,,,2018-2026,HN public discussion proxy; not direct sales data
dev_turso,Turso,Developer Tools,Mixed/Early,edge database,17,Replacement,3,1.5,2,2024,2024,1.0,5.2,1.5,1.0,-2,0.844,0.045,2018-2026,HN public discussion proxy; not direct sales data
dev_turso,Turso,Developer Tools,Mixed/Early,edge database,18,Switching,1,1.0,1,,2024,1.0,5.2,1.5,1.0,,0.824,0.045,2018-2026,HN public discussion proxy; not direct sales data
dev_turso,Turso,Developer Tools,Mixed/Early,edge database,19,Upgrade,6,2.0,2,2023,2023,1.0,5.2,1.5,1.0,-1,0.122,0.644,2018-2026,HN public discussion proxy; not direct sales data
dev_turso,Turso,Developer Tools,Mixed/Early,edge database,20,Repeat Purchase,2,1.0,2,2024,2024,1.0,5.2,1.5,1.0,-2,0.824,0.045,2018-2026,HN public discussion proxy; not direct sales data
dev_convex,Convex,Developer Tools,Success/Growing,reactive backend platform,01,Problem Recognition,13,4.0,2,2022,2025,1.0,7.5,1.0,1.0,,0.759,0.835,2018-2026,HN public discussion proxy; not direct sales data
dev_convex,Convex,Developer Tools,Success/Growing,reactive backend platform,02,Search,6,1.5,1,2022,2022,1.0,7.5,1.0,1.0,,0.497,0.625,2018-2026,HN public discussion proxy; not direct sales data
dev_convex,Convex,Developer Tools,Success/Growing,reactive backend platform,03,Recommendation Seeking,1,1.0,1,,2023,1.0,7.5,1.0,1.0,,0.312,0.289,2018-2026,HN public discussion proxy; not direct sales data
dev_convex,Convex,Developer Tools,Success/Growing,reactive backend platform,04,Solution Discovery,14,5.5,5,2022,2026,1.0,7.5,1.0,1.0,,0.6,0.674,2018-2026,HN public discussion proxy; not direct sales data
dev_convex,Convex,Developer Tools,Success/Growing,reactive backend platform,05,Comparison,6,1.5,3,2022,2024,1.0,7.5,1.0,1.0,,0.524,0.429,2018-2026,HN public discussion proxy; not direct sales data
dev_convex,Convex,Developer Tools,Success/Growing,reactive backend platform,06,Alternative Seeking,8,3.5,3,2023,2023,1.0,7.5,1.0,1.0,,0.696,0.506,2018-2026,HN public discussion proxy; not direct sales data
dev_convex,Convex,Developer Tools,Success/Growing,reactive backend platform,07,Vendor / Provider Search,1,1.5,1,,2025,1.0,7.5,1.0,1.0,,0.312,0.417,2018-2026,HN public discussion proxy; not direct sales data
dev_convex,Convex,Developer Tools,Success/Growing,reactive backend platform,08,Pricing / Quote,6,3.5,1,2025,2026,1.0,7.5,1.0,1.0,,0.664,0.533,2018-2026,HN public discussion proxy; not direct sales data
dev_convex,Convex,Developer Tools,Success/Growing,reactive backend platform,09,Purchase Intent,1,1.0,1,,2022,1.0,7.5,1.0,1.0,,0.195,0.289,2018-2026,HN public discussion proxy; not direct sales data
dev_convex,Convex,Developer Tools,Success/Growing,reactive backend platform,10,Purchase,0,1.0,0,,2018,1.0,7.5,1.0,1.0,,,,2018-2026,HN public discussion proxy; not direct sales data
dev_convex,Convex,Developer Tools,Success/Growing,reactive backend platform,11,Trial,2,1.5,1,,2024,1.0,7.5,1.0,1.0,,0.561,0.289,2018-2026,HN public discussion proxy; not direct sales data
dev_convex,Convex,Developer Tools,Success/Growing,reactive backend platform,12,Installation / Onboarding,2,2.0,2,2026,2026,1.0,7.5,1.0,1.0,,0.429,,2018-2026,HN public discussion proxy; not direct sales data
dev_convex,Convex,Developer Tools,Success/Growing,reactive backend platform,13,Usage,28,7.5,4,2022,2026,1.0,7.5,1.0,1.0,,0.991,0.84,2018-2026,HN public discussion proxy; not direct sales data
dev_convex,Convex,Developer Tools,Success/Growing,reactive backend platform,14,Failure / Friction,4,3.0,2,2026,2026,1.0,7.5,1.0,1.0,,0.526,0.417,2018-2026,HN public discussion proxy; not direct sales data
dev_convex,Convex,Developer Tools,Success/Growing,reactive backend platform,15,Support,12,2.5,2,2023,2024,1.0,7.5,1.0,1.0,,0.744,0.581,2018-2026,HN public discussion proxy; not direct sales data
dev_convex,Convex,Developer Tools,Success/Growing,reactive backend platform,16,Dissatisfaction,0,1.0,0,,2018,1.0,7.5,1.0,1.0,,,,2018-2026,HN public discussion proxy; not direct sales data
dev_convex,Convex,Developer Tools,Success/Growing,reactive backend platform,17,Replacement,2,1.0,1,,2022,1.0,7.5,1.0,1.0,,0.384,0.441,2018-2026,HN public discussion proxy; not direct sales data
dev_convex,Convex,Developer Tools,Success/Growing,reactive backend platform,18,Switching,3,2.5,1,2026,2026,1.0,7.5,1.0,1.0,,0.552,0.417,2018-2026,HN public discussion proxy; not direct sales data
dev_convex,Convex,Developer Tools,Success/Growing,reactive backend platform,19,Upgrade,0,1.0,0,,2018,1.0,7.5,1.0,1.0,,,,2018-2026,HN public discussion proxy; not direct sales data
dev_convex,Convex,Developer Tools,Success/Growing,reactive backend platform,20,Repeat Purchase,0,1.0,0,,2018,1.0,7.5,1.0,1.0,,,,2018-2026,HN public discussion proxy; not direct sales data
dev_modal,Modal,Developer Tools,Success/Growing,cloud compute for AI workloads,01,Problem Recognition,720,3.621,93,2018,2026,2.889,4.79,3.333,6.0,0,0.988,0.941,2018-2026,HN public discussion proxy; not direct sales data
dev_modal,Modal,Developer Tools,Success/Growing,cloud compute for AI workloads,02,Search,325,4.079,41,2018,2026,2.889,4.79,3.333,6.0,0,0.995,0.933,2018-2026,HN public discussion proxy; not direct sales data
dev_modal,Modal,Developer Tools,Success/Growing,cloud compute for AI workloads,03,Recommendation Seeking,115,4.364,14,2018,2026,2.889,4.79,3.333,6.0,0,0.961,0.712,2018-2026,HN public discussion proxy; not direct sales data
dev_modal,Modal,Developer Tools,Success/Growing,cloud compute for AI workloads,04,Solution Discovery,625,6.408,72,2019,2026,2.889,4.79,3.333,6.0,-1,0.971,0.961,2018-2026,HN public discussion proxy; not direct sales data
dev_modal,Modal,Developer Tools,Success/Growing,cloud compute for AI workloads,05,Comparison,245,7.05,59,2021,2026,2.889,4.79,3.333,6.0,-3,0.978,0.939,2018-2026,HN public discussion proxy; not direct sales data
dev_modal,Modal,Developer Tools,Success/Growing,cloud compute for AI workloads,06,Alternative Seeking,146,3.812,19,2018,2026,2.889,4.79,3.333,6.0,0,0.818,0.465,2018-2026,HN public discussion proxy; not direct sales data
dev_modal,Modal,Developer Tools,Success/Growing,cloud compute for AI workloads,07,Vendor / Provider Search,111,5.091,20,2019,2026,2.889,4.79,3.333,6.0,-1,0.957,0.844,2018-2026,HN public discussion proxy; not direct sales data
dev_modal,Modal,Developer Tools,Success/Growing,cloud compute for AI workloads,08,Pricing / Quote,176,4.32,42,2019,2026,2.889,4.79,3.333,6.0,-1,0.937,0.774,2018-2026,HN public discussion proxy; not direct sales data
dev_modal,Modal,Developer Tools,Success/Growing,cloud compute for AI workloads,09,Purchase Intent,42,3.5,7,2018,2026,2.889,4.79,3.333,6.0,0,0.931,0.529,2018-2026,HN public discussion proxy; not direct sales data
dev_modal,Modal,Developer Tools,Success/Growing,cloud compute for AI workloads,10,Purchase,75,2.889,12,2018,2026,2.889,4.79,3.333,6.0,0,0.768,0.109,2018-2026,HN public discussion proxy; not direct sales data
dev_modal,Modal,Developer Tools,Success/Growing,cloud compute for AI workloads,11,Trial,183,7.533,43,2020,2026,2.889,4.79,3.333,6.0,-2,0.975,0.922,2018-2026,HN public discussion proxy; not direct sales data
dev_modal,Modal,Developer Tools,Success/Growing,cloud compute for AI workloads,12,Installation / Onboarding,120,6.2,28,2020,2026,2.889,4.79,3.333,6.0,-2,0.897,0.654,2018-2026,HN public discussion proxy; not direct sales data
dev_modal,Modal,Developer Tools,Success/Growing,cloud compute for AI workloads,13,Usage,1034,4.79,133,2018,2026,2.889,4.79,3.333,6.0,0,0.998,0.907,2018-2026,HN public discussion proxy; not direct sales data
dev_modal,Modal,Developer Tools,Success/Growing,cloud compute for AI workloads,14,Failure / Friction,374,3.167,30,2018,2026,2.889,4.79,3.333,6.0,0,0.966,0.951,2018-2026,HN public discussion proxy; not direct sales data
dev_modal,Modal,Developer Tools,Success/Growing,cloud compute for AI workloads,15,Support,479,4.609,40,2018,2026,2.889,4.79,3.333,6.0,0,0.977,0.918,2018-2026,HN public discussion proxy; not direct sales data
dev_modal,Modal,Developer Tools,Success/Growing,cloud compute for AI workloads,16,Dissatisfaction,18,2.75,3,2019,2026,2.889,4.79,3.333,6.0,-1,0.797,0.694,2018-2026,HN public discussion proxy; not direct sales data
dev_modal,Modal,Developer Tools,Success/Growing,cloud compute for AI workloads,17,Replacement,42,3.333,6,2019,2026,2.889,4.79,3.333,6.0,-1,0.871,0.514,2018-2026,HN public discussion proxy; not direct sales data
dev_modal,Modal,Developer Tools,Success/Growing,cloud compute for AI workloads,18,Switching,30,5.667,5,2020,2026,2.889,4.79,3.333,6.0,-2,0.977,0.724,2018-2026,HN public discussion proxy; not direct sales data
dev_modal,Modal,Developer Tools,Success/Growing,cloud compute for AI workloads,19,Upgrade,56,4.429,7,2018,2026,2.889,4.79,3.333,6.0,0,0.964,0.959,2018-2026,HN public discussion proxy; not direct sales data
dev_modal,Modal,Developer Tools,Success/Growing,cloud compute for AI workloads,20,Repeat Purchase,30,6.0,12,2020,2026,2.889,4.79,3.333,6.0,-2,0.823,0.064,2018-2026,HN public discussion proxy; not direct sales data
dev_langfuse,Langfuse,Developer Tools,Success/Growing,LLM observability,01,Problem Recognition,111,2.733,17,2018,2026,2.5,2.533,1.667,1.0,8,0.545,0.064,2018-2026,HN public discussion proxy; not direct sales data
dev_langfuse,Langfuse,Developer Tools,Success/Growing,LLM observability,02,Search,70,5.5,15,2019,2026,2.5,2.533,1.667,1.0,7,0.615,0.525,2018-2026,HN public discussion proxy; not direct sales data
dev_langfuse,Langfuse,Developer Tools,Success/Growing,LLM observability,03,Recommendation Seeking,38,1.75,10,2018,2026,2.5,2.533,1.667,1.0,8,-0.042,-0.031,2018-2026,HN public discussion proxy; not direct sales data
dev_langfuse,Langfuse,Developer Tools,Success/Growing,LLM observability,04,Solution Discovery,103,3.214,14,2018,2025,2.5,2.533,1.667,1.0,8,0.585,0.441,2018-2026,HN public discussion proxy; not direct sales data
dev_langfuse,Langfuse,Developer Tools,Success/Growing,LLM observability,05,Comparison,46,2.625,5,2018,2025,2.5,2.533,1.667,1.0,8,0.653,0.461,2018-2026,HN public discussion proxy; not direct sales data
dev_langfuse,Langfuse,Developer Tools,Success/Growing,LLM observability,06,Alternative Seeking,60,1.7,3,2018,2023,2.5,2.533,1.667,1.0,8,0.785,0.852,2018-2026,HN public discussion proxy; not direct sales data
dev_langfuse,Langfuse,Developer Tools,Success/Growing,LLM observability,07,Vendor / Provider Search,7,3.0,2,2026,2026,2.5,2.533,1.667,1.0,0,0.428,0.55,2018-2026,HN public discussion proxy; not direct sales data
dev_langfuse,Langfuse,Developer Tools,Success/Growing,LLM observability,08,Pricing / Quote,10,4.0,3,2023,2025,2.5,2.533,1.667,1.0,3,0.325,0.536,2018-2026,HN public discussion proxy; not direct sales data
dev_langfuse,Langfuse,Developer Tools,Success/Growing,LLM observability,09,Purchase Intent,0,1.0,0,,2018,2.5,2.533,1.667,1.0,,,,2018-2026,HN public discussion proxy; not direct sales data
dev_langfuse,Langfuse,Developer Tools,Success/Growing,LLM observability,10,Purchase,4,2.5,1,2026,2026,2.5,2.533,1.667,1.0,0,0.331,0.547,2018-2026,HN public discussion proxy; not direct sales data
dev_langfuse,Langfuse,Developer Tools,Success/Growing,LLM observability,11,Trial,19,3.5,8,2019,2026,2.5,2.533,1.667,1.0,7,0.262,0.264,2018-2026,HN public discussion proxy; not direct sales data
dev_langfuse,Langfuse,Developer Tools,Success/Growing,LLM observability,12,Installation / Onboarding,38,10.0,12,2020,2026,2.5,2.533,1.667,1.0,6,0.569,0.724,2018-2026,HN public discussion proxy; not direct sales data
dev_langfuse,Langfuse,Developer Tools,Success/Growing,LLM observability,13,Usage,281,2.533,17,2018,2024,2.5,2.533,1.667,1.0,8,0.995,0.651,2018-2026,HN public discussion proxy; not direct sales data
dev_langfuse,Langfuse,Developer Tools,Success/Growing,LLM observability,14,Failure / Friction,63,0.762,6,2018,2018,2.5,2.533,1.667,1.0,8,-0.536,-0.51,2018-2026,HN public discussion proxy; not direct sales data
dev_langfuse,Langfuse,Developer Tools,Success/Growing,LLM observability,15,Support,154,1.704,7,2018,2026,2.5,2.533,1.667,1.0,8,0.742,0.441,2018-2026,HN public discussion proxy; not direct sales data
dev_langfuse,Langfuse,Developer Tools,Success/Growing,LLM observability,16,Dissatisfaction,2,1.5,1,,2020,2.5,2.533,1.667,1.0,,0.025,0.038,2018-2026,HN public discussion proxy; not direct sales data
dev_langfuse,Langfuse,Developer Tools,Success/Growing,LLM observability,17,Replacement,6,1.667,1,2026,2026,2.5,2.533,1.667,1.0,0,0.3,0.418,2018-2026,HN public discussion proxy; not direct sales data
dev_langfuse,Langfuse,Developer Tools,Success/Growing,LLM observability,18,Switching,18,2.25,5,2018,2022,2.5,2.533,1.667,1.0,8,0.53,-0.043,2018-2026,HN public discussion proxy; not direct sales data
dev_langfuse,Langfuse,Developer Tools,Success/Growing,LLM observability,19,Upgrade,14,1.667,3,2022,2024,2.5,2.533,1.667,1.0,4,0.769,0.381,2018-2026,HN public discussion proxy; not direct sales data
dev_langfuse,Langfuse,Developer Tools,Success/Growing,LLM observability,20,Repeat Purchase,1,1.0,1,,2021,2.5,2.533,1.667,1.0,,-0.043,0.225,2018-2026,HN public discussion proxy; not direct sales data
saas_granola,Granola,SaaS / Software,Success/Growing,AI meeting notes,01,Problem Recognition,80,38.0,29,2025,2026,4.0,17.0,2.333,1.667,-1,0.775,0.46,2018-2026,HN public discussion proxy; not direct sales data
saas_granola,Granola,SaaS / Software,Success/Growing,AI meeting notes,02,Search,71,21.5,10,2022,2025,4.0,17.0,2.333,1.667,2,0.987,0.914,2018-2026,HN public discussion proxy; not direct sales data
saas_granola,Granola,SaaS / Software,Success/Growing,AI meeting notes,03,Recommendation Seeking,22,3.667,7,2023,2026,4.0,17.0,2.333,1.667,1,0.684,0.769,2018-2026,HN public discussion proxy; not direct sales data
saas_granola,Granola,SaaS / Software,Success/Growing,AI meeting notes,04,Solution Discovery,83,14.5,18,2023,2025,4.0,17.0,2.333,1.667,1,0.964,0.819,2018-2026,HN public discussion proxy; not direct sales data
saas_granola,Granola,SaaS / Software,Success/Growing,AI meeting notes,05,Comparison,39,16.0,15,2023,2025,4.0,17.0,2.333,1.667,1,0.859,0.645,2018-2026,HN public discussion proxy; not direct sales data
saas_granola,Granola,SaaS / Software,Success/Growing,AI meeting notes,06,Alternative Seeking,19,8.0,4,2023,2026,4.0,17.0,2.333,1.667,1,0.893,0.791,2018-2026,HN public discussion proxy; not direct sales data
saas_granola,Granola,SaaS / Software,Success/Growing,AI meeting notes,07,Vendor / Provider Search,12,5.0,4,2022,2026,4.0,17.0,2.333,1.667,2,0.677,0.426,2018-2026,HN public discussion proxy; not direct sales data
saas_granola,Granola,SaaS / Software,Success/Growing,AI meeting notes,08,Pricing / Quote,21,7.0,3,2022,2026,4.0,17.0,2.333,1.667,2,0.959,0.938,2018-2026,HN public discussion proxy; not direct sales data
saas_granola,Granola,SaaS / Software,Success/Growing,AI meeting notes,09,Purchase Intent,7,3.5,2,2025,2026,4.0,17.0,2.333,1.667,-1,0.736,0.573,2018-2026,HN public discussion proxy; not direct sales data
saas_granola,Granola,SaaS / Software,Success/Growing,AI meeting notes,10,Purchase,9,4.0,3,2024,2025,4.0,17.0,2.333,1.667,0,0.791,0.705,2018-2026,HN public discussion proxy; not direct sales data
saas_granola,Granola,SaaS / Software,Success/Growing,AI meeting notes,11,Trial,4,2.5,3,2026,2026,4.0,17.0,2.333,1.667,-2,0.479,0.346,2018-2026,HN public discussion proxy; not direct sales data
saas_granola,Granola,SaaS / Software,Success/Growing,AI meeting notes,12,Installation / Onboarding,26,7.333,12,2022,2025,4.0,17.0,2.333,1.667,2,0.783,0.496,2018-2026,HN public discussion proxy; not direct sales data
saas_granola,Granola,SaaS / Software,Success/Growing,AI meeting notes,13,Usage,168,17.0,25,2022,2025,4.0,17.0,2.333,1.667,2,0.999,0.918,2018-2026,HN public discussion proxy; not direct sales data
saas_granola,Granola,SaaS / Software,Success/Growing,AI meeting notes,14,Failure / Friction,70,10.0,7,2022,2026,4.0,17.0,2.333,1.667,2,0.98,0.969,2018-2026,HN public discussion proxy; not direct sales data
saas_granola,Granola,SaaS / Software,Success/Growing,AI meeting notes,15,Support,86,15.5,14,2023,2026,4.0,17.0,2.333,1.667,1,0.946,0.802,2018-2026,HN public discussion proxy; not direct sales data
saas_granola,Granola,SaaS / Software,Success/Growing,AI meeting notes,16,Dissatisfaction,5,1.667,1,2026,2026,4.0,17.0,2.333,1.667,-2,0.78,0.512,2018-2026,HN public discussion proxy; not direct sales data
saas_granola,Granola,SaaS / Software,Success/Growing,AI meeting notes,17,Replacement,8,2.333,2,2024,2025,4.0,17.0,2.333,1.667,0,0.92,0.693,2018-2026,HN public discussion proxy; not direct sales data
saas_granola,Granola,SaaS / Software,Success/Growing,AI meeting notes,18,Switching,3,2.0,1,,2024,4.0,17.0,2.333,1.667,,0.973,0.822,2018-2026,HN public discussion proxy; not direct sales data
saas_granola,Granola,SaaS / Software,Success/Growing,AI meeting notes,19,Upgrade,8,1.5,2,2020,2024,4.0,17.0,2.333,1.667,4,0.213,0.389,2018-2026,HN public discussion proxy; not direct sales data
saas_granola,Granola,SaaS / Software,Success/Growing,AI meeting notes,20,Repeat Purchase,5,1.667,1,2026,2026,4.0,17.0,2.333,1.667,-2,0.78,0.512,2018-2026,HN public discussion proxy; not direct sales data
saas_wispr_flow,Wispr Flow,SaaS / Software,Mixed/Early,AI voice dictation,01,Problem Recognition,12,1.2,2,2018,2026,1.5,12.5,2.0,1.0,,0.503,-0.202,2018-2026,HN public discussion proxy; not direct sales data
saas_wispr_flow,Wispr Flow,SaaS / Software,Mixed/Early,AI voice dictation,02,Search,9,2.667,2,2024,2025,1.5,12.5,2.0,1.0,,0.893,0.949,2018-2026,HN public discussion proxy; not direct sales data
saas_wispr_flow,Wispr Flow,SaaS / Software,Mixed/Early,AI voice dictation,03,Recommendation Seeking,4,3.0,4,2026,2026,1.5,12.5,2.0,1.0,,0.765,,2018-2026,HN public discussion proxy; not direct sales data
saas_wispr_flow,Wispr Flow,SaaS / Software,Mixed/Early,AI voice dictation,04,Solution Discovery,16,3.25,5,2018,2026,1.5,12.5,2.0,1.0,,0.887,0.629,2018-2026,HN public discussion proxy; not direct sales data
saas_wispr_flow,Wispr Flow,SaaS / Software,Mixed/Early,AI voice dictation,05,Comparison,11,5.5,3,2025,2026,1.5,12.5,2.0,1.0,,0.937,0.648,2018-2026,HN public discussion proxy; not direct sales data
saas_wispr_flow,Wispr Flow,SaaS / Software,Mixed/Early,AI voice dictation,06,Alternative Seeking,42,22.0,16,2025,2026,1.5,12.5,2.0,1.0,,0.984,0.762,2018-2026,HN public discussion proxy; not direct sales data
saas_wispr_flow,Wispr Flow,SaaS / Software,Mixed/Early,AI voice dictation,07,Vendor / Provider Search,0,1.0,0,,2018,1.5,12.5,2.0,1.0,,,,2018-2026,HN public discussion proxy; not direct sales data
saas_wispr_flow,Wispr Flow,SaaS / Software,Mixed/Early,AI voice dictation,08,Pricing / Quote,5,3.0,2,2026,2026,1.5,12.5,2.0,1.0,,0.91,0.976,2018-2026,HN public discussion proxy; not direct sales data
saas_wispr_flow,Wispr Flow,SaaS / Software,Mixed/Early,AI voice dictation,09,Purchase Intent,0,1.0,0,,2018,1.5,12.5,2.0,1.0,,,,2018-2026,HN public discussion proxy; not direct sales data
saas_wispr_flow,Wispr Flow,SaaS / Software,Mixed/Early,AI voice dictation,10,Purchase,1,1.5,1,,2025,1.5,12.5,2.0,1.0,,0.526,0.762,2018-2026,HN public discussion proxy; not direct sales data
saas_wispr_flow,Wispr Flow,SaaS / Software,Mixed/Early,AI voice dictation,11,Trial,0,1.0,0,,2018,1.5,12.5,2.0,1.0,,,,2018-2026,HN public discussion proxy; not direct sales data
saas_wispr_flow,Wispr Flow,SaaS / Software,Mixed/Early,AI voice dictation,12,Installation / Onboarding,8,2.667,4,2025,2025,1.5,12.5,2.0,1.0,,0.796,0.698,2018-2026,HN public discussion proxy; not direct sales data
saas_wispr_flow,Wispr Flow,SaaS / Software,Mixed/Early,AI voice dictation,13,Usage,56,12.5,15,2024,2026,1.5,12.5,2.0,1.0,,0.999,0.879,2018-2026,HN public discussion proxy; not direct sales data
saas_wispr_flow,Wispr Flow,SaaS / Software,Mixed/Early,AI voice dictation,14,Failure / Friction,13,1.8,3,2018,2026,1.5,12.5,2.0,1.0,,0.691,0.104,2018-2026,HN public discussion proxy; not direct sales data
saas_wispr_flow,Wispr Flow,SaaS / Software,Mixed/Early,AI voice dictation,15,Support,23,4.0,8,2018,2026,1.5,12.5,2.0,1.0,,0.907,0.709,2018-2026,HN public discussion proxy; not direct sales data
saas_wispr_flow,Wispr Flow,SaaS / Software,Mixed/Early,AI voice dictation,16,Dissatisfaction,1,1.0,1,,2021,1.5,12.5,2.0,1.0,,-0.223,-0.26,2018-2026,HN public discussion proxy; not direct sales data
saas_wispr_flow,Wispr Flow,SaaS / Software,Mixed/Early,AI voice dictation,17,Replacement,2,2.0,1,,2025,1.5,12.5,2.0,1.0,,0.976,0.762,2018-2026,HN public discussion proxy; not direct sales data
saas_wispr_flow,Wispr Flow,SaaS / Software,Mixed/Early,AI voice dictation,18,Switching,0,1.0,0,,2018,1.5,12.5,2.0,1.0,,,,2018-2026,HN public discussion proxy; not direct sales data
saas_wispr_flow,Wispr Flow,SaaS / Software,Mixed/Early,AI voice dictation,19,Upgrade,3,2.0,1,2025,2025,1.5,12.5,2.0,1.0,,0.471,0.969,2018-2026,HN public discussion proxy; not direct sales data
saas_wispr_flow,Wispr Flow,SaaS / Software,Mixed/Early,AI voice dictation,20,Repeat Purchase,0,1.0,0,,2018,1.5,12.5,2.0,1.0,,,,2018-2026,HN public discussion proxy; not direct sales data
saas_gamma,Gamma,SaaS / Software,Success/Growing,AI presentation creation,01,Problem Recognition,30,4.5,10,2022,2026,2.5,22.333,1.5,1.0,4,0.921,0.631,2018-2026,HN public discussion proxy; not direct sales data
saas_gamma,Gamma,SaaS / Software,Success/Growing,AI presentation creation,02,Search,24,4.0,3,2019,2026,2.5,22.333,1.5,1.0,7,0.812,0.7,2018-2026,HN public discussion proxy; not direct sales data
saas_gamma,Gamma,SaaS / Software,Success/Growing,AI presentation creation,03,Recommendation Seeking,11,5.5,5,2021,2026,2.5,22.333,1.5,1.0,5,0.907,0.495,2018-2026,HN public discussion proxy; not direct sales data
saas_gamma,Gamma,SaaS / Software,Success/Growing,AI presentation creation,04,Solution Discovery,46,19.5,25,2023,2026,2.5,22.333,1.5,1.0,3,0.95,0.751,2018-2026,HN public discussion proxy; not direct sales data
saas_gamma,Gamma,SaaS / Software,Success/Growing,AI presentation creation,05,Comparison,18,5.0,7,2024,2026,2.5,22.333,1.5,1.0,2,0.961,0.846,2018-2026,HN public discussion proxy; not direct sales data
saas_gamma,Gamma,SaaS / Software,Success/Growing,AI presentation creation,06,Alternative Seeking,8,2.667,3,2025,2025,2.5,22.333,1.5,1.0,1,0.81,0.758,2018-2026,HN public discussion proxy; not direct sales data
saas_gamma,Gamma,SaaS / Software,Success/Growing,AI presentation creation,07,Vendor / Provider Search,7,3.5,2,2024,2025,2.5,22.333,1.5,1.0,2,0.729,0.952,2018-2026,HN public discussion proxy; not direct sales data
saas_gamma,Gamma,SaaS / Software,Success/Growing,AI presentation creation,08,Pricing / Quote,3,2.5,3,2026,2026,2.5,22.333,1.5,1.0,0,0.874,,2018-2026,HN public discussion proxy; not direct sales data
saas_gamma,Gamma,SaaS / Software,Success/Growing,AI presentation creation,09,Purchase Intent,1,1.5,1,,2026,2.5,22.333,1.5,1.0,,0.874,,2018-2026,HN public discussion proxy; not direct sales data
saas_gamma,Gamma,SaaS / Software,Success/Growing,AI presentation creation,10,Purchase,3,2.5,1,2026,2026,2.5,22.333,1.5,1.0,0,0.967,0.876,2018-2026,HN public discussion proxy; not direct sales data
saas_gamma,Gamma,SaaS / Software,Success/Growing,AI presentation creation,11,Trial,6,3.5,3,2026,2026,2.5,22.333,1.5,1.0,0,0.91,0.632,2018-2026,HN public discussion proxy; not direct sales data
saas_gamma,Gamma,SaaS / Software,Success/Growing,AI presentation creation,12,Installation / Onboarding,35,15.0,9,2025,2026,2.5,22.333,1.5,1.0,1,0.96,0.894,2018-2026,HN public discussion proxy; not direct sales data
saas_gamma,Gamma,SaaS / Software,Success/Growing,AI presentation creation,13,Usage,91,22.333,21,2023,2026,2.5,22.333,1.5,1.0,3,1.0,0.966,2018-2026,HN public discussion proxy; not direct sales data
saas_gamma,Gamma,SaaS / Software,Success/Growing,AI presentation creation,14,Failure / Friction,21,5.333,10,2023,2026,2.5,22.333,1.5,1.0,3,0.935,0.622,2018-2026,HN public discussion proxy; not direct sales data
saas_gamma,Gamma,SaaS / Software,Success/Growing,AI presentation creation,15,Support,58,8.2,11,2023,2026,2.5,22.333,1.5,1.0,3,0.992,0.977,2018-2026,HN public discussion proxy; not direct sales data
saas_gamma,Gamma,SaaS / Software,Success/Growing,AI presentation creation,16,Dissatisfaction,1,1.5,1,,2026,2.5,22.333,1.5,1.0,,0.874,,2018-2026,HN public discussion proxy; not direct sales data
saas_gamma,Gamma,SaaS / Software,Success/Growing,AI presentation creation,17,Replacement,2,1.5,1,,2023,2.5,22.333,1.5,1.0,,0.648,-0.048,2018-2026,HN public discussion proxy; not direct sales data
saas_gamma,Gamma,SaaS / Software,Success/Growing,AI presentation creation,18,Switching,6,2.5,3,2024,2026,2.5,22.333,1.5,1.0,2,0.715,0.163,2018-2026,HN public discussion proxy; not direct sales data
saas_gamma,Gamma,SaaS / Software,Success/Growing,AI presentation creation,19,Upgrade,5,2.0,4,2026,2026,2.5,22.333,1.5,1.0,0,0.808,-0.305,2018-2026,HN public discussion proxy; not direct sales data
saas_gamma,Gamma,SaaS / Software,Success/Growing,AI presentation creation,20,Repeat Purchase,0,1.0,0,,2018,2.5,22.333,1.5,1.0,,,,2018-2026,HN public discussion proxy; not direct sales data
saas_napkin_ai,Napkin AI,SaaS / Software,Mixed/Early,AI visual thinking tool,01,Problem Recognition,24,8.0,3,2020,2026,1.5,8.667,2.5,1.0,,0.964,0.807,2018-2026,HN public discussion proxy; not direct sales data
saas_napkin_ai,Napkin AI,SaaS / Software,Mixed/Early,AI visual thinking tool,02,Search,15,7.0,8,2024,2026,1.5,8.667,2.5,1.0,,0.766,0.787,2018-2026,HN public discussion proxy; not direct sales data
saas_napkin_ai,Napkin AI,SaaS / Software,Mixed/Early,AI visual thinking tool,03,Recommendation Seeking,11,2.333,3,2025,2025,1.5,8.667,2.5,1.0,,0.66,0.602,2018-2026,HN public discussion proxy; not direct sales data
saas_napkin_ai,Napkin AI,SaaS / Software,Mixed/Early,AI visual thinking tool,04,Solution Discovery,33,6.333,5,2020,2026,1.5,8.667,2.5,1.0,,0.872,0.843,2018-2026,HN public discussion proxy; not direct sales data
saas_napkin_ai,Napkin AI,SaaS / Software,Mixed/Early,AI visual thinking tool,05,Comparison,11,3.0,3,2023,2026,1.5,8.667,2.5,1.0,,0.69,0.446,2018-2026,HN public discussion proxy; not direct sales data
saas_napkin_ai,Napkin AI,SaaS / Software,Mixed/Early,AI visual thinking tool,06,Alternative Seeking,8,3.5,3,2025,2025,1.5,8.667,2.5,1.0,,0.724,0.635,2018-2026,HN public discussion proxy; not direct sales data
saas_napkin_ai,Napkin AI,SaaS / Software,Mixed/Early,AI visual thinking tool,07,Vendor / Provider Search,3,1.5,1,,2023,1.5,8.667,2.5,1.0,,0.426,0.924,2018-2026,HN public discussion proxy; not direct sales data
saas_napkin_ai,Napkin AI,SaaS / Software,Mixed/Early,AI visual thinking tool,08,Pricing / Quote,5,3.5,2,2025,2026,1.5,8.667,2.5,1.0,,0.887,0.595,2018-2026,HN public discussion proxy; not direct sales data
saas_napkin_ai,Napkin AI,SaaS / Software,Mixed/Early,AI visual thinking tool,09,Purchase Intent,1,1.0,1,,2021,1.5,8.667,2.5,1.0,,-0.152,-0.343,2018-2026,HN public discussion proxy; not direct sales data
saas_napkin_ai,Napkin AI,SaaS / Software,Mixed/Early,AI visual thinking tool,10,Purchase,2,1.5,1,,2024,1.5,8.667,2.5,1.0,,0.599,0.595,2018-2026,HN public discussion proxy; not direct sales data
saas_napkin_ai,Napkin AI,SaaS / Software,Mixed/Early,AI visual thinking tool,11,Trial,9,4.0,4,2026,2026,1.5,8.667,2.5,1.0,,0.737,0.764,2018-2026,HN public discussion proxy; not direct sales data
saas_napkin_ai,Napkin AI,SaaS / Software,Mixed/Early,AI visual thinking tool,12,Installation / Onboarding,3,1.0,3,2024,2024,1.5,8.667,2.5,1.0,,0.19,0.595,2018-2026,HN public discussion proxy; not direct sales data
saas_napkin_ai,Napkin AI,SaaS / Software,Mixed/Early,AI visual thinking tool,13,Usage,41,8.667,7,2020,2025,1.5,8.667,2.5,1.0,,0.991,0.811,2018-2026,HN public discussion proxy; not direct sales data
saas_napkin_ai,Napkin AI,SaaS / Software,Mixed/Early,AI visual thinking tool,14,Failure / Friction,17,1.75,5,2018,2026,1.5,8.667,2.5,1.0,,0.286,-0.095,2018-2026,HN public discussion proxy; not direct sales data
saas_napkin_ai,Napkin AI,SaaS / Software,Mixed/Early,AI visual thinking tool,15,Support,18,3.5,3,2018,2025,1.5,8.667,2.5,1.0,,0.941,0.776,2018-2026,HN public discussion proxy; not direct sales data
saas_napkin_ai,Napkin AI,SaaS / Software,Mixed/Early,AI visual thinking tool,16,Dissatisfaction,0,1.0,0,,2018,1.5,8.667,2.5,1.0,,,,2018-2026,HN public discussion proxy; not direct sales data
saas_napkin_ai,Napkin AI,SaaS / Software,Mixed/Early,AI visual thinking tool,17,Replacement,4,2.5,1,2026,2026,1.5,8.667,2.5,1.0,,0.915,0.909,2018-2026,HN public discussion proxy; not direct sales data
saas_napkin_ai,Napkin AI,SaaS / Software,Mixed/Early,AI visual thinking tool,18,Switching,1,1.5,1,,2025,1.5,8.667,2.5,1.0,,0.602,0.595,2018-2026,HN public discussion proxy; not direct sales data
saas_napkin_ai,Napkin AI,SaaS / Software,Mixed/Early,AI visual thinking tool,19,Upgrade,3,1.5,1,,2021,1.5,8.667,2.5,1.0,,0.426,0.579,2018-2026,HN public discussion proxy; not direct sales data
saas_napkin_ai,Napkin AI,SaaS / Software,Mixed/Early,AI visual thinking tool,20,Repeat Purchase,0,1.0,0,,2018,1.5,8.667,2.5,1.0,,,,2018-2026,HN public discussion proxy; not direct sales data
saas_tana,Tana,SaaS / Software,Mixed/Early,AI-native knowledge workspace,01,Problem Recognition,97,1.294,7,2018,2023,1.167,1.2,0.75,1.333,1,0.892,0.166,2018-2026,HN public discussion proxy; not direct sales data
saas_tana,Tana,SaaS / Software,Mixed/Early,AI-native knowledge workspace,02,Search,46,0.6,3,2018,2024,1.167,1.2,0.75,1.333,1,-0.132,-0.551,2018-2026,HN public discussion proxy; not direct sales data
saas_tana,Tana,SaaS / Software,Mixed/Early,AI-native knowledge workspace,03,Recommendation Seeking,18,1.0,3,2018,2022,1.167,1.2,0.75,1.333,1,0.098,0.227,2018-2026,HN public discussion proxy; not direct sales data
saas_tana,Tana,SaaS / Software,Mixed/Early,AI-native knowledge workspace,04,Solution Discovery,89,1.571,11,2018,2021,1.167,1.2,0.75,1.333,1,0.757,0.318,2018-2026,HN public discussion proxy; not direct sales data
saas_tana,Tana,SaaS / Software,Mixed/Early,AI-native knowledge workspace,05,Comparison,36,2.4,2,2019,2025,1.167,1.2,0.75,1.333,0,0.204,0.305,2018-2026,HN public discussion proxy; not direct sales data
saas_tana,Tana,SaaS / Software,Mixed/Early,AI-native knowledge workspace,06,Alternative Seeking,18,1.75,3,2020,2021,1.167,1.2,0.75,1.333,-1,0.393,0.616,2018-2026,HN public discussion proxy; not direct sales data
saas_tana,Tana,SaaS / Software,Mixed/Early,AI-native knowledge workspace,07,Vendor / Provider Search,10,1.25,2,2023,2023,1.167,1.2,0.75,1.333,-4,0.672,-0.392,2018-2026,HN public discussion proxy; not direct sales data
saas_tana,Tana,SaaS / Software,Mixed/Early,AI-native knowledge workspace,08,Pricing / Quote,7,1.0,3,2021,2021,1.167,1.2,0.75,1.333,-2,0.24,0.423,2018-2026,HN public discussion proxy; not direct sales data
saas_tana,Tana,SaaS / Software,Mixed/Early,AI-native knowledge workspace,09,Purchase Intent,15,1.75,2,2020,2025,1.167,1.2,0.75,1.333,-1,0.147,0.598,2018-2026,HN public discussion proxy; not direct sales data
saas_tana,Tana,SaaS / Software,Mixed/Early,AI-native knowledge workspace,10,Purchase,19,1.167,3,2019,2021,1.167,1.2,0.75,1.333,0,0.263,-0.109,2018-2026,HN public discussion proxy; not direct sales data
saas_tana,Tana,SaaS / Software,Mixed/Early,AI-native knowledge workspace,11,Trial,21,1.667,4,2019,2025,1.167,1.2,0.75,1.333,0,0.288,-0.041,2018-2026,HN public discussion proxy; not direct sales data
saas_tana,Tana,SaaS / Software,Mixed/Early,AI-native knowledge workspace,12,Installation / Onboarding,14,0.833,1,2018,2018,1.167,1.2,0.75,1.333,1,0.191,0.089,2018-2026,HN public discussion proxy; not direct sales data
saas_tana,Tana,SaaS / Software,Mixed/Early,AI-native knowledge workspace,13,Usage,102,1.2,5,2018,2022,1.167,1.2,0.75,1.333,1,0.932,0.306,2018-2026,HN public discussion proxy; not direct sales data
saas_tana,Tana,SaaS / Software,Mixed/Early,AI-native knowledge workspace,14,Failure / Friction,40,0.333,4,2018,2021,1.167,1.2,0.75,1.333,1,0.166,-0.16,2018-2026,HN public discussion proxy; not direct sales data
saas_tana,Tana,SaaS / Software,Mixed/Early,AI-native knowledge workspace,15,Support,64,1.071,5,2018,2022,1.167,1.2,0.75,1.333,1,0.581,0.375,2018-2026,HN public discussion proxy; not direct sales data
saas_tana,Tana,SaaS / Software,Mixed/Early,AI-native knowledge workspace,16,Dissatisfaction,2,1.0,1,,2020,1.167,1.2,0.75,1.333,,-0.079,0.696,2018-2026,HN public discussion proxy; not direct sales data
saas_tana,Tana,SaaS / Software,Mixed/Early,AI-native knowledge workspace,17,Replacement,6,0.75,1,2018,2018,1.167,1.2,0.75,1.333,1,0.0,-0.115,2018-2026,HN public discussion proxy; not direct sales data
saas_tana,Tana,SaaS / Software,Mixed/Early,AI-native knowledge workspace,18,Switching,6,0.75,2,2019,2019,1.167,1.2,0.75,1.333,0,-0.32,-0.321,2018-2026,HN public discussion proxy; not direct sales data
saas_tana,Tana,SaaS / Software,Mixed/Early,AI-native knowledge workspace,19,Upgrade,4,1.5,1,,2020,1.167,1.2,0.75,1.333,,-0.263,0.567,2018-2026,HN public discussion proxy; not direct sales data
saas_tana,Tana,SaaS / Software,Mixed/Early,AI-native knowledge workspace,20,Repeat Purchase,8,1.333,2,2022,2022,1.167,1.2,0.75,1.333,-3,0.747,0.15,2018-2026,HN public discussion proxy; not direct sales data
saas_arc_browser,Arc Browser,SaaS / Software,Mixed/Early,web browser,01,Problem Recognition,67,6.2,7,2021,2026,2.667,12.625,5.5,4.0,3,0.923,0.821,2018-2026,HN public discussion proxy; not direct sales data
saas_arc_browser,Arc Browser,SaaS / Software,Mixed/Early,web browser,02,Search,69,21.0,8,2021,2026,2.667,12.625,5.5,4.0,3,0.867,0.783,2018-2026,HN public discussion proxy; not direct sales data
saas_arc_browser,Arc Browser,SaaS / Software,Mixed/Early,web browser,03,Recommendation Seeking,24,2.5,4,2018,2024,2.667,12.625,5.5,4.0,6,0.856,0.729,2018-2026,HN public discussion proxy; not direct sales data
saas_arc_browser,Arc Browser,SaaS / Software,Mixed/Early,web browser,04,Solution Discovery,76,13.333,15,2022,2026,2.667,12.625,5.5,4.0,2,0.909,0.812,2018-2026,HN public discussion proxy; not direct sales data
saas_arc_browser,Arc Browser,SaaS / Software,Mixed/Early,web browser,05,Comparison,21,3.0,7,2020,2023,2.667,12.625,5.5,4.0,4,0.655,0.339,2018-2026,HN public discussion proxy; not direct sales data
saas_arc_browser,Arc Browser,SaaS / Software,Mixed/Early,web browser,06,Alternative Seeking,66,16.5,8,2022,2025,2.667,12.625,5.5,4.0,2,0.954,0.838,2018-2026,HN public discussion proxy; not direct sales data
saas_arc_browser,Arc Browser,SaaS / Software,Mixed/Early,web browser,07,Vendor / Provider Search,6,2.5,2,2023,2023,2.667,12.625,5.5,4.0,1,0.939,0.667,2018-2026,HN public discussion proxy; not direct sales data
saas_arc_browser,Arc Browser,SaaS / Software,Mixed/Early,web browser,08,Pricing / Quote,9,5.0,6,2026,2026,2.667,12.625,5.5,4.0,-2,0.457,0.585,2018-2026,HN public discussion proxy; not direct sales data
saas_arc_browser,Arc Browser,SaaS / Software,Mixed/Early,web browser,09,Purchase Intent,12,4.333,11,2026,2026,2.667,12.625,5.5,4.0,-2,0.303,-0.437,2018-2026,HN public discussion proxy; not direct sales data
saas_arc_browser,Arc Browser,SaaS / Software,Mixed/Early,web browser,10,Purchase,13,2.667,2,2024,2026,2.667,12.625,5.5,4.0,0,0.677,0.439,2018-2026,HN public discussion proxy; not direct sales data
saas_arc_browser,Arc Browser,SaaS / Software,Mixed/Early,web browser,11,Trial,12,4.5,3,2024,2026,2.667,12.625,5.5,4.0,0,0.642,0.514,2018-2026,HN public discussion proxy; not direct sales data
saas_arc_browser,Arc Browser,SaaS / Software,Mixed/Early,web browser,12,Installation / Onboarding,53,15.5,13,2021,2026,2.667,12.625,5.5,4.0,3,0.799,0.708,2018-2026,HN public discussion proxy; not direct sales data
saas_arc_browser,Arc Browser,SaaS / Software,Mixed/Early,web browser,13,Usage,237,12.625,45,2022,2023,2.667,12.625,5.5,4.0,2,0.992,0.81,2018-2026,HN public discussion proxy; not direct sales data
saas_arc_browser,Arc Browser,SaaS / Software,Mixed/Early,web browser,14,Failure / Friction,38,8.333,9,2021,2026,2.667,12.625,5.5,4.0,3,0.691,0.742,2018-2026,HN public discussion proxy; not direct sales data
saas_arc_browser,Arc Browser,SaaS / Software,Mixed/Early,web browser,15,Support,131,8.25,12,2021,2025,2.667,12.625,5.5,4.0,3,0.951,0.774,2018-2026,HN public discussion proxy; not direct sales data
saas_arc_browser,Arc Browser,SaaS / Software,Mixed/Early,web browser,16,Dissatisfaction,2,2.0,1,,2025,2.667,12.625,5.5,4.0,,0.604,0.311,2018-2026,HN public discussion proxy; not direct sales data
saas_arc_browser,Arc Browser,SaaS / Software,Mixed/Early,web browser,17,Replacement,15,5.5,4,2022,2025,2.667,12.625,5.5,4.0,2,0.735,0.738,2018-2026,HN public discussion proxy; not direct sales data
saas_arc_browser,Arc Browser,SaaS / Software,Mixed/Early,web browser,18,Switching,18,4.0,4,2021,2024,2.667,12.625,5.5,4.0,3,0.743,0.684,2018-2026,HN public discussion proxy; not direct sales data
saas_arc_browser,Arc Browser,SaaS / Software,Mixed/Early,web browser,19,Upgrade,6,2.0,2,2024,2024,2.667,12.625,5.5,4.0,0,0.75,0.667,2018-2026,HN public discussion proxy; not direct sales data
saas_arc_browser,Arc Browser,SaaS / Software,Mixed/Early,web browser,20,Repeat Purchase,6,4.0,6,2026,2026,2.667,12.625,5.5,4.0,-2,0.333,,2018-2026,HN public discussion proxy; not direct sales data
saas_dia_browser,Dia Browser,SaaS / Software,Mixed/Early,AI browser,01,Problem Recognition,20,2.0,4,2019,2025,2.5,5.857,2.5,2.5,7,0.899,0.337,2018-2026,HN public discussion proxy; not direct sales data
saas_dia_browser,Dia Browser,SaaS / Software,Mixed/Early,AI browser,02,Search,20,5.0,5,2023,2026,2.5,5.857,2.5,2.5,3,0.762,0.804,2018-2026,HN public discussion proxy; not direct sales data
saas_dia_browser,Dia Browser,SaaS / Software,Mixed/Early,AI browser,03,Recommendation Seeking,5,1.0,2,2021,2021,2.5,5.857,2.5,2.5,5,0.081,-0.425,2018-2026,HN public discussion proxy; not direct sales data
saas_dia_browser,Dia Browser,SaaS / Software,Mixed/Early,AI browser,04,Solution Discovery,19,5.0,8,2021,2025,2.5,5.857,2.5,2.5,5,0.952,0.412,2018-2026,HN public discussion proxy; not direct sales data
saas_dia_browser,Dia Browser,SaaS / Software,Mixed/Early,AI browser,05,Comparison,7,4.0,4,2025,2025,2.5,5.857,2.5,2.5,1,0.897,0.54,2018-2026,HN public discussion proxy; not direct sales data
saas_dia_browser,Dia Browser,SaaS / Software,Mixed/Early,AI browser,06,Alternative Seeking,11,4.5,5,2021,2025,2.5,5.857,2.5,2.5,5,0.875,0.414,2018-2026,HN public discussion proxy; not direct sales data
saas_dia_browser,Dia Browser,SaaS / Software,Mixed/Early,AI browser,07,Vendor / Provider Search,6,1.0,2,2021,2021,2.5,5.857,2.5,2.5,5,0.0,-0.471,2018-2026,HN public discussion proxy; not direct sales data
saas_dia_browser,Dia Browser,SaaS / Software,Mixed/Early,AI browser,08,Pricing / Quote,4,3.0,2,2026,2026,2.5,5.857,2.5,2.5,0,0.816,0.594,2018-2026,HN public discussion proxy; not direct sales data
saas_dia_browser,Dia Browser,SaaS / Software,Mixed/Early,AI browser,09,Purchase Intent,4,3.0,4,2026,2026,2.5,5.857,2.5,2.5,0,0.6,,2018-2026,HN public discussion proxy; not direct sales data
saas_dia_browser,Dia Browser,SaaS / Software,Mixed/Early,AI browser,10,Purchase,4,2.5,1,2026,2026,2.5,5.857,2.5,2.5,0,0.763,0.974,2018-2026,HN public discussion proxy; not direct sales data
saas_dia_browser,Dia Browser,SaaS / Software,Mixed/Early,AI browser,11,Trial,1,1.5,1,,2026,2.5,5.857,2.5,2.5,,0.6,,2018-2026,HN public discussion proxy; not direct sales data
saas_dia_browser,Dia Browser,SaaS / Software,Mixed/Early,AI browser,12,Installation / Onboarding,19,8.0,4,2022,2026,2.5,5.857,2.5,2.5,4,0.893,0.572,2018-2026,HN public discussion proxy; not direct sales data
saas_dia_browser,Dia Browser,SaaS / Software,Mixed/Early,AI browser,13,Usage,64,5.857,20,2019,2025,2.5,5.857,2.5,2.5,7,0.99,0.466,2018-2026,HN public discussion proxy; not direct sales data
saas_dia_browser,Dia Browser,SaaS / Software,Mixed/Early,AI browser,14,Failure / Friction,12,3.0,1,2024,2026,2.5,5.857,2.5,2.5,2,0.868,0.772,2018-2026,HN public discussion proxy; not direct sales data
saas_dia_browser,Dia Browser,SaaS / Software,Mixed/Early,AI browser,15,Support,33,3.0,6,2018,2021,2.5,5.857,2.5,2.5,8,0.717,-0.071,2018-2026,HN public discussion proxy; not direct sales data
saas_dia_browser,Dia Browser,SaaS / Software,Mixed/Early,AI browser,16,Dissatisfaction,3,2.0,1,,2023,2.5,5.857,2.5,2.5,,0.736,0.248,2018-2026,HN public discussion proxy; not direct sales data
saas_dia_browser,Dia Browser,SaaS / Software,Mixed/Early,AI browser,17,Replacement,4,2.5,2,2025,2025,2.5,5.857,2.5,2.5,1,0.82,0.437,2018-2026,HN public discussion proxy; not direct sales data
saas_dia_browser,Dia Browser,SaaS / Software,Mixed/Early,AI browser,18,Switching,2,2.0,2,2025,2025,2.5,5.857,2.5,2.5,1,0.682,0.594,2018-2026,HN public discussion proxy; not direct sales data
saas_dia_browser,Dia Browser,SaaS / Software,Mixed/Early,AI browser,19,Upgrade,1,1.5,1,,2025,2.5,5.857,2.5,2.5,,0.682,0.594,2018-2026,HN public discussion proxy; not direct sales data
saas_dia_browser,Dia Browser,SaaS / Software,Mixed/Early,AI browser,20,Repeat Purchase,3,2.5,3,2026,2026,2.5,5.857,2.5,2.5,0,0.6,,2018-2026,HN public discussion proxy; not direct sales data
saas_read_ai,Read AI,SaaS / Software,Success/Growing,meeting intelligence,01,Problem Recognition,3956,10.115,498,2022,2026,8.118,17.328,22.333,10.25,-2,0.997,0.941,2018-2026,HN public discussion proxy; not direct sales data
saas_read_ai,Read AI,SaaS / Software,Success/Growing,meeting intelligence,02,Search,1759,12.402,209,2022,2026,8.118,17.328,22.333,10.25,-2,0.995,0.956,2018-2026,HN public discussion proxy; not direct sales data
saas_read_ai,Read AI,SaaS / Software,Success/Growing,meeting intelligence,03,Recommendation Seeking,968,7.0,134,2018,2026,8.118,17.328,22.333,10.25,2,0.969,0.893,2018-2026,HN public discussion proxy; not direct sales data
saas_read_ai,Read AI,SaaS / Software,Success/Growing,meeting intelligence,04,Solution Discovery,2777,12.129,366,2022,2026,8.118,17.328,22.333,10.25,-2,0.998,0.944,2018-2026,HN public discussion proxy; not direct sales data
saas_read_ai,Read AI,SaaS / Software,Success/Growing,meeting intelligence,05,Comparison,1040,20.771,191,2023,2026,8.118,17.328,22.333,10.25,-3,0.987,0.953,2018-2026,HN public discussion proxy; not direct sales data
saas_read_ai,Read AI,SaaS / Software,Success/Growing,meeting intelligence,06,Alternative Seeking,516,18.765,85,2022,2026,8.118,17.328,22.333,10.25,-2,0.993,0.926,2018-2026,HN public discussion proxy; not direct sales data
saas_read_ai,Read AI,SaaS / Software,Success/Growing,meeting intelligence,07,Vendor / Provider Search,294,16.917,51,2023,2026,8.118,17.328,22.333,10.25,-3,0.991,0.949,2018-2026,HN public discussion proxy; not direct sales data
saas_read_ai,Read AI,SaaS / Software,Success/Growing,meeting intelligence,08,Pricing / Quote,384,43.667,86,2023,2026,8.118,17.328,22.333,10.25,-3,0.982,0.962,2018-2026,HN public discussion proxy; not direct sales data
saas_read_ai,Read AI,SaaS / Software,Success/Growing,meeting intelligence,09,Purchase Intent,179,12.625,23,2020,2026,8.118,17.328,22.333,10.25,0,0.98,0.938,2018-2026,HN public discussion proxy; not direct sales data
saas_read_ai,Read AI,SaaS / Software,Success/Growing,meeting intelligence,10,Purchase,285,8.118,24,2020,2026,8.118,17.328,22.333,10.25,0,0.964,0.944,2018-2026,HN public discussion proxy; not direct sales data
saas_read_ai,Read AI,SaaS / Software,Success/Growing,meeting intelligence,11,Trial,589,20.737,148,2023,2026,8.118,17.328,22.333,10.25,-3,0.968,0.973,2018-2026,HN public discussion proxy; not direct sales data
saas_read_ai,Read AI,SaaS / Software,Success/Growing,meeting intelligence,12,Installation / Onboarding,669,34.312,267,2025,2026,8.118,17.328,22.333,10.25,-5,0.928,0.919,2018-2026,HN public discussion proxy; not direct sales data
saas_read_ai,Read AI,SaaS / Software,Success/Growing,meeting intelligence,13,Usage,5427,17.328,787,2023,2026,8.118,17.328,22.333,10.25,-3,1.0,0.949,2018-2026,HN public discussion proxy; not direct sales data
saas_read_ai,Read AI,SaaS / Software,Success/Growing,meeting intelligence,14,Failure / Friction,1668,9.817,220,2023,2026,8.118,17.328,22.333,10.25,-3,0.996,0.921,2018-2026,HN public discussion proxy; not direct sales data
saas_read_ai,Read AI,SaaS / Software,Success/Growing,meeting intelligence,15,Support,1884,17.386,297,2023,2026,8.118,17.328,22.333,10.25,-3,0.999,0.94,2018-2026,HN public discussion proxy; not direct sales data
saas_read_ai,Read AI,SaaS / Software,Success/Growing,meeting intelligence,16,Dissatisfaction,135,10.25,36,2021,2025,8.118,17.328,22.333,10.25,-1,0.798,0.908,2018-2026,HN public discussion proxy; not direct sales data
saas_read_ai,Read AI,SaaS / Software,Success/Growing,meeting intelligence,17,Replacement,198,22.333,28,2023,2026,8.118,17.328,22.333,10.25,-3,0.997,0.959,2018-2026,HN public discussion proxy; not direct sales data
saas_read_ai,Read AI,SaaS / Software,Success/Growing,meeting intelligence,18,Switching,123,13.429,35,2022,2026,8.118,17.328,22.333,10.25,-2,0.967,0.862,2018-2026,HN public discussion proxy; not direct sales data
saas_read_ai,Read AI,SaaS / Software,Success/Growing,meeting intelligence,19,Upgrade,140,16.833,30,2023,2026,8.118,17.328,22.333,10.25,-3,0.975,0.926,2018-2026,HN public discussion proxy; not direct sales data
saas_read_ai,Read AI,SaaS / Software,Success/Growing,meeting intelligence,20,Repeat Purchase,124,10.25,34,2020,2026,8.118,17.328,22.333,10.25,0,0.937,0.925,2018-2026,HN public discussion proxy; not direct sales data
hardware_rayban_meta,Ray-Ban Meta Glasses,Hardware,Success/Growing,AI camera smart glasses,01,Problem Recognition,16,7.5,6,2024,2025,5.5,18.0,2.0,2.0,-1,0.941,0.547,2018-2026,HN public discussion proxy; not direct sales data
hardware_rayban_meta,Ray-Ban Meta Glasses,Hardware,Success/Growing,AI camera smart glasses,02,Search,14,5.5,4,2024,2026,5.5,18.0,2.0,2.0,-1,0.881,0.799,2018-2026,HN public discussion proxy; not direct sales data
hardware_rayban_meta,Ray-Ban Meta Glasses,Hardware,Success/Growing,AI camera smart glasses,03,Recommendation Seeking,6,2.0,2,2024,2024,5.5,18.0,2.0,2.0,-1,0.688,0.926,2018-2026,HN public discussion proxy; not direct sales data
hardware_rayban_meta,Ray-Ban Meta Glasses,Hardware,Success/Growing,AI camera smart glasses,04,Solution Discovery,10,5.5,6,2025,2025,5.5,18.0,2.0,2.0,-2,0.846,0.375,2018-2026,HN public discussion proxy; not direct sales data
hardware_rayban_meta,Ray-Ban Meta Glasses,Hardware,Success/Growing,AI camera smart glasses,05,Comparison,4,2.5,1,2026,2026,5.5,18.0,2.0,2.0,-3,0.794,0.788,2018-2026,HN public discussion proxy; not direct sales data
hardware_rayban_meta,Ray-Ban Meta Glasses,Hardware,Success/Growing,AI camera smart glasses,06,Alternative Seeking,8,3.0,4,2024,2024,5.5,18.0,2.0,2.0,-1,0.669,0.797,2018-2026,HN public discussion proxy; not direct sales data
hardware_rayban_meta,Ray-Ban Meta Glasses,Hardware,Success/Growing,AI camera smart glasses,07,Vendor / Provider Search,2,2.0,2,2025,2025,5.5,18.0,2.0,2.0,-2,0.715,0.319,2018-2026,HN public discussion proxy; not direct sales data
hardware_rayban_meta,Ray-Ban Meta Glasses,Hardware,Success/Growing,AI camera smart glasses,08,Pricing / Quote,4,1.5,1,2024,2024,5.5,18.0,2.0,2.0,-1,0.464,0.829,2018-2026,HN public discussion proxy; not direct sales data
hardware_rayban_meta,Ray-Ban Meta Glasses,Hardware,Success/Growing,AI camera smart glasses,09,Purchase Intent,4,2.0,2,2024,2024,5.5,18.0,2.0,2.0,-1,0.512,0.713,2018-2026,HN public discussion proxy; not direct sales data
hardware_rayban_meta,Ray-Ban Meta Glasses,Hardware,Success/Growing,AI camera smart glasses,10,Purchase,15,5.5,3,2023,2025,5.5,18.0,2.0,2.0,0,0.959,0.831,2018-2026,HN public discussion proxy; not direct sales data
hardware_rayban_meta,Ray-Ban Meta Glasses,Hardware,Success/Growing,AI camera smart glasses,11,Trial,3,2.5,2,2025,2025,5.5,18.0,2.0,2.0,-2,0.833,0.319,2018-2026,HN public discussion proxy; not direct sales data
hardware_rayban_meta,Ray-Ban Meta Glasses,Hardware,Success/Growing,AI camera smart glasses,12,Installation / Onboarding,3,2.5,3,2026,2026,5.5,18.0,2.0,2.0,-3,0.338,,2018-2026,HN public discussion proxy; not direct sales data
hardware_rayban_meta,Ray-Ban Meta Glasses,Hardware,Success/Growing,AI camera smart glasses,13,Usage,51,18.0,10,2023,2025,5.5,18.0,2.0,2.0,0,0.997,0.746,2018-2026,HN public discussion proxy; not direct sales data
hardware_rayban_meta,Ray-Ban Meta Glasses,Hardware,Success/Growing,AI camera smart glasses,14,Failure / Friction,11,4.0,3,2024,2025,5.5,18.0,2.0,2.0,-1,0.845,0.773,2018-2026,HN public discussion proxy; not direct sales data
hardware_rayban_meta,Ray-Ban Meta Glasses,Hardware,Success/Growing,AI camera smart glasses,15,Support,14,6.5,3,2024,2025,5.5,18.0,2.0,2.0,-1,0.95,0.642,2018-2026,HN public discussion proxy; not direct sales data
hardware_rayban_meta,Ray-Ban Meta Glasses,Hardware,Success/Growing,AI camera smart glasses,16,Dissatisfaction,2,1.5,1,,2024,5.5,18.0,2.0,2.0,,0.796,0.788,2018-2026,HN public discussion proxy; not direct sales data
hardware_rayban_meta,Ray-Ban Meta Glasses,Hardware,Success/Growing,AI camera smart glasses,17,Replacement,4,2.0,2,2024,2024,5.5,18.0,2.0,2.0,-1,0.794,0.829,2018-2026,HN public discussion proxy; not direct sales data
hardware_rayban_meta,Ray-Ban Meta Glasses,Hardware,Success/Growing,AI camera smart glasses,18,Switching,0,1.0,0,,2018,5.5,18.0,2.0,2.0,,,,2018-2026,HN public discussion proxy; not direct sales data
hardware_rayban_meta,Ray-Ban Meta Glasses,Hardware,Success/Growing,AI camera smart glasses,19,Upgrade,6,3.0,2,2025,2025,5.5,18.0,2.0,2.0,-2,0.939,0.663,2018-2026,HN public discussion proxy; not direct sales data
hardware_rayban_meta,Ray-Ban Meta Glasses,Hardware,Success/Growing,AI camera smart glasses,20,Repeat Purchase,3,2.0,1,,2024,5.5,18.0,2.0,2.0,,0.928,0.788,2018-2026,HN public discussion proxy; not direct sales data
hardware_plaud_note,Plaud Note,Hardware,Success/Growing,AI voice recorder,01,Problem Recognition,5,1.667,2,2025,2025,1.0,1.6,1.0,1.0,,0.676,-0.348,2018-2026,HN public discussion proxy; not direct sales data
hardware_plaud_note,Plaud Note,Hardware,Success/Growing,AI voice recorder,02,Search,7,1.0,2,2022,2022,1.0,1.6,1.0,1.0,,0.351,-0.226,2018-2026,HN public discussion proxy; not direct sales data
hardware_plaud_note,Plaud Note,Hardware,Success/Growing,AI voice recorder,03,Recommendation Seeking,1,0.667,1,,2019,1.0,1.6,1.0,1.0,,0.064,-0.261,2018-2026,HN public discussion proxy; not direct sales data
hardware_plaud_note,Plaud Note,Hardware,Success/Growing,AI voice recorder,04,Solution Discovery,9,0.429,3,2019,2019,1.0,1.6,1.0,1.0,,0.157,-0.497,2018-2026,HN public discussion proxy; not direct sales data
hardware_plaud_note,Plaud Note,Hardware,Success/Growing,AI voice recorder,05,Comparison,3,2.0,2,2025,2025,1.0,1.6,1.0,1.0,,0.905,-0.23,2018-2026,HN public discussion proxy; not direct sales data
hardware_plaud_note,Plaud Note,Hardware,Success/Growing,AI voice recorder,06,Alternative Seeking,5,2.5,1,2026,2026,1.0,1.6,1.0,1.0,,0.147,-0.127,2018-2026,HN public discussion proxy; not direct sales data
hardware_plaud_note,Plaud Note,Hardware,Success/Growing,AI voice recorder,07,Vendor / Provider Search,1,1.5,1,,2026,1.0,1.6,1.0,1.0,,-0.224,,2018-2026,HN public discussion proxy; not direct sales data
hardware_plaud_note,Plaud Note,Hardware,Success/Growing,AI voice recorder,08,Pricing / Quote,1,1.0,1,,2023,1.0,1.6,1.0,1.0,,0.064,-0.261,2018-2026,HN public discussion proxy; not direct sales data
hardware_plaud_note,Plaud Note,Hardware,Success/Growing,AI voice recorder,09,Purchase Intent,0,1.0,0,,2018,1.0,1.6,1.0,1.0,,,,2018-2026,HN public discussion proxy; not direct sales data
hardware_plaud_note,Plaud Note,Hardware,Success/Growing,AI voice recorder,10,Purchase,0,1.0,0,,2018,1.0,1.6,1.0,1.0,,,,2018-2026,HN public discussion proxy; not direct sales data
hardware_plaud_note,Plaud Note,Hardware,Success/Growing,AI voice recorder,11,Trial,1,1.0,1,,2021,1.0,1.6,1.0,1.0,,-0.224,0.037,2018-2026,HN public discussion proxy; not direct sales data
hardware_plaud_note,Plaud Note,Hardware,Success/Growing,AI voice recorder,12,Installation / Onboarding,1,1.0,1,,2023,1.0,1.6,1.0,1.0,,0.064,-0.261,2018-2026,HN public discussion proxy; not direct sales data
hardware_plaud_note,Plaud Note,Hardware,Success/Growing,AI voice recorder,13,Usage,15,1.6,5,2019,2025,1.0,1.6,1.0,1.0,,0.973,-0.584,2018-2026,HN public discussion proxy; not direct sales data
hardware_plaud_note,Plaud Note,Hardware,Success/Growing,AI voice recorder,14,Failure / Friction,4,2.5,2,2025,2025,1.0,1.6,1.0,1.0,,0.778,-0.372,2018-2026,HN public discussion proxy; not direct sales data
hardware_plaud_note,Plaud Note,Hardware,Success/Growing,AI voice recorder,15,Support,13,2.333,4,2021,2025,1.0,1.6,1.0,1.0,,0.712,-0.484,2018-2026,HN public discussion proxy; not direct sales data
hardware_plaud_note,Plaud Note,Hardware,Success/Growing,AI voice recorder,16,Dissatisfaction,2,0.667,1,,2019,1.0,1.6,1.0,1.0,,-0.121,0.512,2018-2026,HN public discussion proxy; not direct sales data
hardware_plaud_note,Plaud Note,Hardware,Success/Growing,AI voice recorder,17,Replacement,1,1.0,1,,2024,1.0,1.6,1.0,1.0,,-0.224,0.931,2018-2026,HN public discussion proxy; not direct sales data
hardware_plaud_note,Plaud Note,Hardware,Success/Growing,AI voice recorder,18,Switching,0,1.0,0,,2018,1.0,1.6,1.0,1.0,,,,2018-2026,HN public discussion proxy; not direct sales data
hardware_plaud_note,Plaud Note,Hardware,Success/Growing,AI voice recorder,19,Upgrade,0,1.0,0,,2018,1.0,1.6,1.0,1.0,,,,2018-2026,HN public discussion proxy; not direct sales data
hardware_plaud_note,Plaud Note,Hardware,Success/Growing,AI voice recorder,20,Repeat Purchase,0,1.0,0,,2018,1.0,1.6,1.0,1.0,,,,2018-2026,HN public discussion proxy; not direct sales data
hardware_limitless_pendant,Limitless Pendant,Hardware,Mixed/Early,AI memory pendant,01,Problem Recognition,0,1.0,0,,2018,1.5,2.0,1.0,1.0,,,,2018-2026,HN public discussion proxy; not direct sales data
hardware_limitless_pendant,Limitless Pendant,Hardware,Mixed/Early,AI memory pendant,02,Search,1,1.0,1,,2020,1.5,2.0,1.0,1.0,,0.287,-0.267,2018-2026,HN public discussion proxy; not direct sales data
hardware_limitless_pendant,Limitless Pendant,Hardware,Mixed/Early,AI memory pendant,03,Recommendation Seeking,0,1.0,0,,2018,1.5,2.0,1.0,1.0,,,,2018-2026,HN public discussion proxy; not direct sales data
hardware_limitless_pendant,Limitless Pendant,Hardware,Mixed/Early,AI memory pendant,04,Solution Discovery,3,2.0,1,2025,2025,1.5,2.0,1.0,1.0,,0.649,0.635,2018-2026,HN public discussion proxy; not direct sales data
hardware_limitless_pendant,Limitless Pendant,Hardware,Mixed/Early,AI memory pendant,05,Comparison,1,1.5,1,,2025,1.5,2.0,1.0,1.0,,0.803,0.267,2018-2026,HN public discussion proxy; not direct sales data
hardware_limitless_pendant,Limitless Pendant,Hardware,Mixed/Early,AI memory pendant,06,Alternative Seeking,2,2.0,2,2025,2025,1.5,2.0,1.0,1.0,,0.803,0.267,2018-2026,HN public discussion proxy; not direct sales data
hardware_limitless_pendant,Limitless Pendant,Hardware,Mixed/Early,AI memory pendant,07,Vendor / Provider Search,0,1.0,0,,2018,1.5,2.0,1.0,1.0,,,,2018-2026,HN public discussion proxy; not direct sales data
hardware_limitless_pendant,Limitless Pendant,Hardware,Mixed/Early,AI memory pendant,08,Pricing / Quote,0,1.0,0,,2018,1.5,2.0,1.0,1.0,,,,2018-2026,HN public discussion proxy; not direct sales data
hardware_limitless_pendant,Limitless Pendant,Hardware,Mixed/Early,AI memory pendant,09,Purchase Intent,0,1.0,0,,2018,1.5,2.0,1.0,1.0,,,,2018-2026,HN public discussion proxy; not direct sales data
hardware_limitless_pendant,Limitless Pendant,Hardware,Mixed/Early,AI memory pendant,10,Purchase,1,1.5,1,,2026,1.5,2.0,1.0,1.0,,0.287,,2018-2026,HN public discussion proxy; not direct sales data
hardware_limitless_pendant,Limitless Pendant,Hardware,Mixed/Early,AI memory pendant,11,Trial,0,1.0,0,,2018,1.5,2.0,1.0,1.0,,,,2018-2026,HN public discussion proxy; not direct sales data
hardware_limitless_pendant,Limitless Pendant,Hardware,Mixed/Early,AI memory pendant,12,Installation / Onboarding,0,1.0,0,,2018,1.5,2.0,1.0,1.0,,,,2018-2026,HN public discussion proxy; not direct sales data
hardware_limitless_pendant,Limitless Pendant,Hardware,Mixed/Early,AI memory pendant,13,Usage,3,2.0,2,2025,2025,1.5,2.0,1.0,1.0,,0.892,0.127,2018-2026,HN public discussion proxy; not direct sales data
hardware_limitless_pendant,Limitless Pendant,Hardware,Mixed/Early,AI memory pendant,14,Failure / Friction,1,1.5,1,,2025,1.5,2.0,1.0,1.0,,0.803,0.267,2018-2026,HN public discussion proxy; not direct sales data
hardware_limitless_pendant,Limitless Pendant,Hardware,Mixed/Early,AI memory pendant,15,Support,4,3.0,3,2025,2025,1.5,2.0,1.0,1.0,,0.886,0.267,2018-2026,HN public discussion proxy; not direct sales data
hardware_limitless_pendant,Limitless Pendant,Hardware,Mixed/Early,AI memory pendant,16,Dissatisfaction,1,1.5,1,,2025,1.5,2.0,1.0,1.0,,0.803,0.267,2018-2026,HN public discussion proxy; not direct sales data
hardware_limitless_pendant,Limitless Pendant,Hardware,Mixed/Early,AI memory pendant,17,Replacement,0,1.0,0,,2018,1.5,2.0,1.0,1.0,,,,2018-2026,HN public discussion proxy; not direct sales data
hardware_limitless_pendant,Limitless Pendant,Hardware,Mixed/Early,AI memory pendant,18,Switching,0,1.0,0,,2018,1.5,2.0,1.0,1.0,,,,2018-2026,HN public discussion proxy; not direct sales data
hardware_limitless_pendant,Limitless Pendant,Hardware,Mixed/Early,AI memory pendant,19,Upgrade,0,1.0,0,,2018,1.5,2.0,1.0,1.0,,,,2018-2026,HN public discussion proxy; not direct sales data
hardware_limitless_pendant,Limitless Pendant,Hardware,Mixed/Early,AI memory pendant,20,Repeat Purchase,0,1.0,0,,2018,1.5,2.0,1.0,1.0,,,,2018-2026,HN public discussion proxy; not direct sales data
hardware_friend_ai,Friend AI Pendant,Hardware,Mixed/Early,AI companion wearable,01,Problem Recognition,5,1.333,2,2023,2023,1.0,1.333,1.0,1.0,,0.824,-0.516,2018-2026,HN public discussion proxy; not direct sales data
hardware_friend_ai,Friend AI Pendant,Hardware,Mixed/Early,AI companion wearable,02,Search,3,1.5,1,,2021,1.0,1.333,1.0,1.0,,0.094,0.038,2018-2026,HN public discussion proxy; not direct sales data
hardware_friend_ai,Friend AI Pendant,Hardware,Mixed/Early,AI companion wearable,03,Recommendation Seeking,2,2.0,2,2025,2025,1.0,1.333,1.0,1.0,,0.614,-0.276,2018-2026,HN public discussion proxy; not direct sales data
hardware_friend_ai,Friend AI Pendant,Hardware,Mixed/Early,AI companion wearable,04,Solution Discovery,2,1.0,1,,2019,1.0,1.333,1.0,1.0,,0.607,-0.421,2018-2026,HN public discussion proxy; not direct sales data
hardware_friend_ai,Friend AI Pendant,Hardware,Mixed/Early,AI companion wearable,05,Comparison,0,1.0,0,,2018,1.0,1.333,1.0,1.0,,,,2018-2026,HN public discussion proxy; not direct sales data
hardware_friend_ai,Friend AI Pendant,Hardware,Mixed/Early,AI companion wearable,06,Alternative Seeking,0,1.0,0,,2018,1.0,1.333,1.0,1.0,,,,2018-2026,HN public discussion proxy; not direct sales data
hardware_friend_ai,Friend AI Pendant,Hardware,Mixed/Early,AI companion wearable,07,Vendor / Provider Search,0,1.0,0,,2018,1.0,1.333,1.0,1.0,,,,2018-2026,HN public discussion proxy; not direct sales data
hardware_friend_ai,Friend AI Pendant,Hardware,Mixed/Early,AI companion wearable,08,Pricing / Quote,1,1.5,1,,2025,1.0,1.333,1.0,1.0,,0.614,-0.276,2018-2026,HN public discussion proxy; not direct sales data
hardware_friend_ai,Friend AI Pendant,Hardware,Mixed/Early,AI companion wearable,09,Purchase Intent,2,1.0,1,,2023,1.0,1.333,1.0,1.0,,0.286,0.253,2018-2026,HN public discussion proxy; not direct sales data
hardware_friend_ai,Friend AI Pendant,Hardware,Mixed/Early,AI companion wearable,10,Purchase,0,1.0,0,,2018,1.0,1.333,1.0,1.0,,,,2018-2026,HN public discussion proxy; not direct sales data
hardware_friend_ai,Friend AI Pendant,Hardware,Mixed/Early,AI companion wearable,11,Trial,2,1.5,1,,2024,1.0,1.333,1.0,1.0,,0.286,0.253,2018-2026,HN public discussion proxy; not direct sales data
hardware_friend_ai,Friend AI Pendant,Hardware,Mixed/Early,AI companion wearable,12,Installation / Onboarding,2,1.5,1,,2020,1.0,1.333,1.0,1.0,,-0.357,-0.276,2018-2026,HN public discussion proxy; not direct sales data
hardware_friend_ai,Friend AI Pendant,Hardware,Mixed/Early,AI companion wearable,13,Usage,5,1.333,2,2023,2023,1.0,1.333,1.0,1.0,,1.0,-0.532,2018-2026,HN public discussion proxy; not direct sales data
hardware_friend_ai,Friend AI Pendant,Hardware,Mixed/Early,AI companion wearable,14,Failure / Friction,5,2.0,2,2023,2023,1.0,1.333,1.0,1.0,,0.629,-0.103,2018-2026,HN public discussion proxy; not direct sales data
hardware_friend_ai,Friend AI Pendant,Hardware,Mixed/Early,AI companion wearable,15,Support,5,1.5,3,2023,2023,1.0,1.333,1.0,1.0,,0.73,-0.459,2018-2026,HN public discussion proxy; not direct sales data
hardware_friend_ai,Friend AI Pendant,Hardware,Mixed/Early,AI companion wearable,16,Dissatisfaction,0,1.0,0,,2018,1.0,1.333,1.0,1.0,,,,2018-2026,HN public discussion proxy; not direct sales data
hardware_friend_ai,Friend AI Pendant,Hardware,Mixed/Early,AI companion wearable,17,Replacement,0,1.0,0,,2018,1.0,1.333,1.0,1.0,,,,2018-2026,HN public discussion proxy; not direct sales data
hardware_friend_ai,Friend AI Pendant,Hardware,Mixed/Early,AI companion wearable,18,Switching,0,1.0,0,,2018,1.0,1.333,1.0,1.0,,,,2018-2026,HN public discussion proxy; not direct sales data
hardware_friend_ai,Friend AI Pendant,Hardware,Mixed/Early,AI companion wearable,19,Upgrade,0,1.0,0,,2018,1.0,1.333,1.0,1.0,,,,2018-2026,HN public discussion proxy; not direct sales data
hardware_friend_ai,Friend AI Pendant,Hardware,Mixed/Early,AI companion wearable,20,Repeat Purchase,0,1.0,0,,2018,1.0,1.333,1.0,1.0,,,,2018-2026,HN public discussion proxy; not direct sales data
hardware_bee_ai,Bee AI Wearable,Hardware,Mixed/Early,AI wearable assistant,01,Problem Recognition,0,1.0,0,,2018,1.0,1.5,1.0,1.0,,,,2018-2026,HN public discussion proxy; not direct sales data
hardware_bee_ai,Bee AI Wearable,Hardware,Mixed/Early,AI wearable assistant,02,Search,0,1.0,0,,2018,1.0,1.5,1.0,1.0,,,,2018-2026,HN public discussion proxy; not direct sales data
hardware_bee_ai,Bee AI Wearable,Hardware,Mixed/Early,AI wearable assistant,03,Recommendation Seeking,0,1.0,0,,2018,1.0,1.5,1.0,1.0,,,,2018-2026,HN public discussion proxy; not direct sales data
hardware_bee_ai,Bee AI Wearable,Hardware,Mixed/Early,AI wearable assistant,04,Solution Discovery,2,1.0,2,2024,2024,1.0,1.5,1.0,1.0,,-0.125,-0.143,2018-2026,HN public discussion proxy; not direct sales data
hardware_bee_ai,Bee AI Wearable,Hardware,Mixed/Early,AI wearable assistant,05,Comparison,0,1.0,0,,2018,1.0,1.5,1.0,1.0,,,,2018-2026,HN public discussion proxy; not direct sales data
hardware_bee_ai,Bee AI Wearable,Hardware,Mixed/Early,AI wearable assistant,06,Alternative Seeking,0,1.0,0,,2018,1.0,1.5,1.0,1.0,,,,2018-2026,HN public discussion proxy; not direct sales data
hardware_bee_ai,Bee AI Wearable,Hardware,Mixed/Early,AI wearable assistant,07,Vendor / Provider Search,0,1.0,0,,2018,1.0,1.5,1.0,1.0,,,,2018-2026,HN public discussion proxy; not direct sales data
hardware_bee_ai,Bee AI Wearable,Hardware,Mixed/Early,AI wearable assistant,08,Pricing / Quote,0,1.0,0,,2018,1.0,1.5,1.0,1.0,,,,2018-2026,HN public discussion proxy; not direct sales data
hardware_bee_ai,Bee AI Wearable,Hardware,Mixed/Early,AI wearable assistant,09,Purchase Intent,0,1.0,0,,2018,1.0,1.5,1.0,1.0,,,,2018-2026,HN public discussion proxy; not direct sales data
hardware_bee_ai,Bee AI Wearable,Hardware,Mixed/Early,AI wearable assistant,10,Purchase,0,1.0,0,,2018,1.0,1.5,1.0,1.0,,,,2018-2026,HN public discussion proxy; not direct sales data
hardware_bee_ai,Bee AI Wearable,Hardware,Mixed/Early,AI wearable assistant,11,Trial,0,1.0,0,,2018,1.0,1.5,1.0,1.0,,,,2018-2026,HN public discussion proxy; not direct sales data
hardware_bee_ai,Bee AI Wearable,Hardware,Mixed/Early,AI wearable assistant,12,Installation / Onboarding,0,1.0,0,,2018,1.0,1.5,1.0,1.0,,,,2018-2026,HN public discussion proxy; not direct sales data
hardware_bee_ai,Bee AI Wearable,Hardware,Mixed/Early,AI wearable assistant,13,Usage,1,1.5,1,,2026,1.0,1.5,1.0,1.0,,1.0,,2018-2026,HN public discussion proxy; not direct sales data
hardware_bee_ai,Bee AI Wearable,Hardware,Mixed/Early,AI wearable assistant,14,Failure / Friction,0,1.0,0,,2018,1.0,1.5,1.0,1.0,,,,2018-2026,HN public discussion proxy; not direct sales data
hardware_bee_ai,Bee AI Wearable,Hardware,Mixed/Early,AI wearable assistant,15,Support,2,1.0,2,2024,2024,1.0,1.5,1.0,1.0,,-0.125,-0.143,2018-2026,HN public discussion proxy; not direct sales data
hardware_bee_ai,Bee AI Wearable,Hardware,Mixed/Early,AI wearable assistant,16,Dissatisfaction,0,1.0,0,,2018,1.0,1.5,1.0,1.0,,,,2018-2026,HN public discussion proxy; not direct sales data
hardware_bee_ai,Bee AI Wearable,Hardware,Mixed/Early,AI wearable assistant,17,Replacement,0,1.0,0,,2018,1.0,1.5,1.0,1.0,,,,2018-2026,HN public discussion proxy; not direct sales data
hardware_bee_ai,Bee AI Wearable,Hardware,Mixed/Early,AI wearable assistant,18,Switching,0,1.0,0,,2018,1.0,1.5,1.0,1.0,,,,2018-2026,HN public discussion proxy; not direct sales data
hardware_bee_ai,Bee AI Wearable,Hardware,Mixed/Early,AI wearable assistant,19,Upgrade,0,1.0,0,,2018,1.0,1.5,1.0,1.0,,,,2018-2026,HN public discussion proxy; not direct sales data
hardware_bee_ai,Bee AI Wearable,Hardware,Mixed/Early,AI wearable assistant,20,Repeat Purchase,0,1.0,0,,2018,1.0,1.5,1.0,1.0,,,,2018-2026,HN public discussion proxy; not direct sales data
hardware_brilliant_labs_frame,Brilliant Labs Frame,Hardware,Mixed/Early,AI smart glasses,01,Problem Recognition,0,1.0,0,,2018,1.0,1.0,1.0,1.0,,,,2018-2026,HN public discussion proxy; not direct sales data
hardware_brilliant_labs_frame,Brilliant Labs Frame,Hardware,Mixed/Early,AI smart glasses,02,Search,1,1.5,1,,2025,1.0,1.0,1.0,1.0,,-0.125,-0.143,2018-2026,HN public discussion proxy; not direct sales data
hardware_brilliant_labs_frame,Brilliant Labs Frame,Hardware,Mixed/Early,AI smart glasses,03,Recommendation Seeking,1,1.5,1,,2025,1.0,1.0,1.0,1.0,,-0.125,-0.143,2018-2026,HN public discussion proxy; not direct sales data
hardware_brilliant_labs_frame,Brilliant Labs Frame,Hardware,Mixed/Early,AI smart glasses,04,Solution Discovery,0,1.0,0,,2018,1.0,1.0,1.0,1.0,,,,2018-2026,HN public discussion proxy; not direct sales data
hardware_brilliant_labs_frame,Brilliant Labs Frame,Hardware,Mixed/Early,AI smart glasses,05,Comparison,1,1.0,1,,2022,1.0,1.0,1.0,1.0,,-0.125,-0.143,2018-2026,HN public discussion proxy; not direct sales data
hardware_brilliant_labs_frame,Brilliant Labs Frame,Hardware,Mixed/Early,AI smart glasses,06,Alternative Seeking,0,1.0,0,,2018,1.0,1.0,1.0,1.0,,,,2018-2026,HN public discussion proxy; not direct sales data
hardware_brilliant_labs_frame,Brilliant Labs Frame,Hardware,Mixed/Early,AI smart glasses,07,Vendor / Provider Search,0,1.0,0,,2018,1.0,1.0,1.0,1.0,,,,2018-2026,HN public discussion proxy; not direct sales data
hardware_brilliant_labs_frame,Brilliant Labs Frame,Hardware,Mixed/Early,AI smart glasses,08,Pricing / Quote,1,1.0,1,,2022,1.0,1.0,1.0,1.0,,-0.125,-0.143,2018-2026,HN public discussion proxy; not direct sales data
hardware_brilliant_labs_frame,Brilliant Labs Frame,Hardware,Mixed/Early,AI smart glasses,09,Purchase Intent,1,1.0,1,,2020,1.0,1.0,1.0,1.0,,-0.125,-0.143,2018-2026,HN public discussion proxy; not direct sales data
hardware_brilliant_labs_frame,Brilliant Labs Frame,Hardware,Mixed/Early,AI smart glasses,10,Purchase,0,1.0,0,,2018,1.0,1.0,1.0,1.0,,,,2018-2026,HN public discussion proxy; not direct sales data
hardware_brilliant_labs_frame,Brilliant Labs Frame,Hardware,Mixed/Early,AI smart glasses,11,Trial,0,1.0,0,,2018,1.0,1.0,1.0,1.0,,,,2018-2026,HN public discussion proxy; not direct sales data
hardware_brilliant_labs_frame,Brilliant Labs Frame,Hardware,Mixed/Early,AI smart glasses,12,Installation / Onboarding,0,1.0,0,,2018,1.0,1.0,1.0,1.0,,,,2018-2026,HN public discussion proxy; not direct sales data
hardware_brilliant_labs_frame,Brilliant Labs Frame,Hardware,Mixed/Early,AI smart glasses,13,Usage,1,1.0,1,,2024,1.0,1.0,1.0,1.0,,1.0,-0.143,2018-2026,HN public discussion proxy; not direct sales data
hardware_brilliant_labs_frame,Brilliant Labs Frame,Hardware,Mixed/Early,AI smart glasses,14,Failure / Friction,1,1.0,1,,2022,1.0,1.0,1.0,1.0,,-0.125,-0.143,2018-2026,HN public discussion proxy; not direct sales data
hardware_brilliant_labs_frame,Brilliant Labs Frame,Hardware,Mixed/Early,AI smart glasses,15,Support,0,1.0,0,,2018,1.0,1.0,1.0,1.0,,,,2018-2026,HN public discussion proxy; not direct sales data
hardware_brilliant_labs_frame,Brilliant Labs Frame,Hardware,Mixed/Early,AI smart glasses,16,Dissatisfaction,0,1.0,0,,2018,1.0,1.0,1.0,1.0,,,,2018-2026,HN public discussion proxy; not direct sales data
hardware_brilliant_labs_frame,Brilliant Labs Frame,Hardware,Mixed/Early,AI smart glasses,17,Replacement,0,1.0,0,,2018,1.0,1.0,1.0,1.0,,,,2018-2026,HN public discussion proxy; not direct sales data
hardware_brilliant_labs_frame,Brilliant Labs Frame,Hardware,Mixed/Early,AI smart glasses,18,Switching,0,1.0,0,,2018,1.0,1.0,1.0,1.0,,,,2018-2026,HN public discussion proxy; not direct sales data
hardware_brilliant_labs_frame,Brilliant Labs Frame,Hardware,Mixed/Early,AI smart glasses,19,Upgrade,0,1.0,0,,2018,1.0,1.0,1.0,1.0,,,,2018-2026,HN public discussion proxy; not direct sales data
hardware_brilliant_labs_frame,Brilliant Labs Frame,Hardware,Mixed/Early,AI smart glasses,20,Repeat Purchase,0,1.0,0,,2018,1.0,1.0,1.0,1.0,,,,2018-2026,HN public discussion proxy; not direct sales data
hardware_xreal_air,XREAL Air,Hardware,Mixed/Early,AR glasses,01,Problem Recognition,1505,1.121,40,2018,2022,1.707,1.495,1.588,1.571,0,0.892,0.597,2018-2026,HN public discussion proxy; not direct sales data
hardware_xreal_air,XREAL Air,Hardware,Mixed/Early,AR glasses,02,Search,526,1.652,28,2018,2026,1.707,1.495,1.588,1.571,0,0.525,0.549,2018-2026,HN public discussion proxy; not direct sales data
hardware_xreal_air,XREAL Air,Hardware,Mixed/Early,AR glasses,03,Recommendation Seeking,202,1.517,17,2018,2022,1.707,1.495,1.588,1.571,0,0.715,0.306,2018-2026,HN public discussion proxy; not direct sales data
hardware_xreal_air,XREAL Air,Hardware,Mixed/Early,AR glasses,04,Solution Discovery,579,1.299,32,2018,2023,1.707,1.495,1.588,1.571,0,0.499,0.273,2018-2026,HN public discussion proxy; not direct sales data
hardware_xreal_air,XREAL Air,Hardware,Mixed/Early,AR glasses,05,Comparison,352,1.295,19,2018,2023,1.707,1.495,1.588,1.571,0,0.711,0.594,2018-2026,HN public discussion proxy; not direct sales data
hardware_xreal_air,XREAL Air,Hardware,Mixed/Early,AR glasses,06,Alternative Seeking,249,1.256,11,2018,2022,1.707,1.495,1.588,1.571,0,0.822,0.682,2018-2026,HN public discussion proxy; not direct sales data
hardware_xreal_air,XREAL Air,Hardware,Mixed/Early,AR glasses,07,Vendor / Provider Search,69,2.167,8,2019,2021,1.707,1.495,1.588,1.571,-1,0.4,0.278,2018-2026,HN public discussion proxy; not direct sales data
hardware_xreal_air,XREAL Air,Hardware,Mixed/Early,AR glasses,08,Pricing / Quote,138,1.909,18,2018,2026,1.707,1.495,1.588,1.571,0,0.447,-0.023,2018-2026,HN public discussion proxy; not direct sales data
hardware_xreal_air,XREAL Air,Hardware,Mixed/Early,AR glasses,09,Purchase Intent,134,1.333,7,2018,2021,1.707,1.495,1.588,1.571,0,0.785,0.786,2018-2026,HN public discussion proxy; not direct sales data
hardware_xreal_air,XREAL Air,Hardware,Mixed/Early,AR glasses,10,Purchase,278,1.707,21,2018,2021,1.707,1.495,1.588,1.571,0,0.934,0.638,2018-2026,HN public discussion proxy; not direct sales data
hardware_xreal_air,XREAL Air,Hardware,Mixed/Early,AR glasses,11,Trial,202,2.417,13,2018,2025,1.707,1.495,1.588,1.571,0,0.856,0.603,2018-2026,HN public discussion proxy; not direct sales data
hardware_xreal_air,XREAL Air,Hardware,Mixed/Early,AR glasses,12,Installation / Onboarding,313,1.886,15,2018,2023,1.707,1.495,1.588,1.571,0,0.773,0.309,2018-2026,HN public discussion proxy; not direct sales data
hardware_xreal_air,XREAL Air,Hardware,Mixed/Early,AR glasses,13,Usage,1219,1.495,31,2018,2022,1.707,1.495,1.588,1.571,0,0.986,0.592,2018-2026,HN public discussion proxy; not direct sales data
hardware_xreal_air,XREAL Air,Hardware,Mixed/Early,AR glasses,14,Failure / Friction,421,1.455,55,2018,2026,1.707,1.495,1.588,1.571,0,-0.006,-0.463,2018-2026,HN public discussion proxy; not direct sales data
hardware_xreal_air,XREAL Air,Hardware,Mixed/Early,AR glasses,15,Support,737,1.308,33,2018,2022,1.707,1.495,1.588,1.571,0,0.929,0.573,2018-2026,HN public discussion proxy; not direct sales data
hardware_xreal_air,XREAL Air,Hardware,Mixed/Early,AR glasses,16,Dissatisfaction,57,2.5,9,2018,2022,1.707,1.495,1.588,1.571,0,0.721,0.608,2018-2026,HN public discussion proxy; not direct sales data
hardware_xreal_air,XREAL Air,Hardware,Mixed/Early,AR glasses,17,Replacement,117,1.588,7,2018,2021,1.707,1.495,1.588,1.571,0,0.726,0.613,2018-2026,HN public discussion proxy; not direct sales data
hardware_xreal_air,XREAL Air,Hardware,Mixed/Early,AR glasses,18,Switching,47,1.0,4,2018,2024,1.707,1.495,1.588,1.571,0,0.409,0.473,2018-2026,HN public discussion proxy; not direct sales data
hardware_xreal_air,XREAL Air,Hardware,Mixed/Early,AR glasses,19,Upgrade,177,1.464,10,2018,2023,1.707,1.495,1.588,1.571,0,0.777,0.254,2018-2026,HN public discussion proxy; not direct sales data
hardware_xreal_air,XREAL Air,Hardware,Mixed/Early,AR glasses,20,Repeat Purchase,127,1.571,9,2018,2022,1.707,1.495,1.588,1.571,0,0.718,0.795,2018-2026,HN public discussion proxy; not direct sales data
consumer_bluesky,Bluesky,Consumer Products,Success/Growing,social network,01,Problem Recognition,217,24.6,24,2023,2025,6.0,29.0,4.5,2.0,-1,0.991,0.785,2018-2026,HN public discussion proxy; not direct sales data
consumer_bluesky,Bluesky,Consumer Products,Success/Growing,social network,02,Search,77,13.333,12,2022,2025,6.0,29.0,4.5,2.0,0,0.959,0.884,2018-2026,HN public discussion proxy; not direct sales data
consumer_bluesky,Bluesky,Consumer Products,Success/Growing,social network,03,Recommendation Seeking,52,6.5,8,2023,2024,6.0,29.0,4.5,2.0,-1,0.982,0.85,2018-2026,HN public discussion proxy; not direct sales data
consumer_bluesky,Bluesky,Consumer Products,Success/Growing,social network,04,Solution Discovery,161,14.167,20,2022,2025,6.0,29.0,4.5,2.0,0,0.985,0.815,2018-2026,HN public discussion proxy; not direct sales data
consumer_bluesky,Bluesky,Consumer Products,Success/Growing,social network,05,Comparison,49,12.0,11,2023,2024,6.0,29.0,4.5,2.0,-1,0.958,0.846,2018-2026,HN public discussion proxy; not direct sales data
consumer_bluesky,Bluesky,Consumer Products,Success/Growing,social network,06,Alternative Seeking,171,48.0,26,2022,2025,6.0,29.0,4.5,2.0,0,0.978,0.814,2018-2026,HN public discussion proxy; not direct sales data
consumer_bluesky,Bluesky,Consumer Products,Success/Growing,social network,07,Vendor / Provider Search,8,3.0,2,2024,2025,6.0,29.0,4.5,2.0,-2,0.849,0.717,2018-2026,HN public discussion proxy; not direct sales data
consumer_bluesky,Bluesky,Consumer Products,Success/Growing,social network,08,Pricing / Quote,8,3.5,4,2023,2025,6.0,29.0,4.5,2.0,-1,0.734,0.557,2018-2026,HN public discussion proxy; not direct sales data
consumer_bluesky,Bluesky,Consumer Products,Success/Growing,social network,09,Purchase Intent,3,1.5,1,,2022,6.0,29.0,4.5,2.0,,0.358,0.537,2018-2026,HN public discussion proxy; not direct sales data
consumer_bluesky,Bluesky,Consumer Products,Success/Growing,social network,10,Purchase,26,6.0,5,2022,2024,6.0,29.0,4.5,2.0,0,0.852,0.935,2018-2026,HN public discussion proxy; not direct sales data
consumer_bluesky,Bluesky,Consumer Products,Success/Growing,social network,11,Trial,13,4.333,6,2025,2025,6.0,29.0,4.5,2.0,-3,0.736,0.295,2018-2026,HN public discussion proxy; not direct sales data
consumer_bluesky,Bluesky,Consumer Products,Success/Growing,social network,12,Installation / Onboarding,25,10.0,5,2024,2026,6.0,29.0,4.5,2.0,-2,0.865,0.663,2018-2026,HN public discussion proxy; not direct sales data
consumer_bluesky,Bluesky,Consumer Products,Success/Growing,social network,13,Usage,258,29.0,34,2023,2025,6.0,29.0,4.5,2.0,-1,0.99,0.775,2018-2026,HN public discussion proxy; not direct sales data
consumer_bluesky,Bluesky,Consumer Products,Success/Growing,social network,14,Failure / Friction,64,10.0,16,2022,2024,6.0,29.0,4.5,2.0,0,0.943,0.839,2018-2026,HN public discussion proxy; not direct sales data
consumer_bluesky,Bluesky,Consumer Products,Success/Growing,social network,15,Support,144,16.0,18,2022,2025,6.0,29.0,4.5,2.0,0,0.982,0.765,2018-2026,HN public discussion proxy; not direct sales data
consumer_bluesky,Bluesky,Consumer Products,Success/Growing,social network,16,Dissatisfaction,11,4.5,4,2023,2025,6.0,29.0,4.5,2.0,-1,0.85,0.607,2018-2026,HN public discussion proxy; not direct sales data
consumer_bluesky,Bluesky,Consumer Products,Success/Growing,social network,17,Replacement,30,4.5,15,2023,2023,6.0,29.0,4.5,2.0,-1,0.593,0.802,2018-2026,HN public discussion proxy; not direct sales data
consumer_bluesky,Bluesky,Consumer Products,Success/Growing,social network,18,Switching,7,2.0,3,2023,2023,6.0,29.0,4.5,2.0,-1,0.689,0.848,2018-2026,HN public discussion proxy; not direct sales data
consumer_bluesky,Bluesky,Consumer Products,Success/Growing,social network,19,Upgrade,5,2.5,1,2026,2026,6.0,29.0,4.5,2.0,-4,0.815,0.888,2018-2026,HN public discussion proxy; not direct sales data
consumer_bluesky,Bluesky,Consumer Products,Success/Growing,social network,20,Repeat Purchase,4,2.0,1,,2022,6.0,29.0,4.5,2.0,,0.713,0.658,2018-2026,HN public discussion proxy; not direct sales data
consumer_threads,Threads,Consumer Products,Success/Growing,social network,01,Problem Recognition,1479,1.886,87,2018,2022,1.161,1.591,0.913,1.857,0,0.92,0.5,2018-2026,HN public discussion proxy; not direct sales data
consumer_threads,Threads,Consumer Products,Success/Growing,social network,02,Search,673,1.667,25,2018,2022,1.161,1.591,0.913,1.857,0,0.852,0.739,2018-2026,HN public discussion proxy; not direct sales data
consumer_threads,Threads,Consumer Products,Success/Growing,social network,03,Recommendation Seeking,385,1.475,27,2018,2022,1.161,1.591,0.913,1.857,0,0.711,0.58,2018-2026,HN public discussion proxy; not direct sales data
consumer_threads,Threads,Consumer Products,Success/Growing,social network,04,Solution Discovery,1006,1.848,44,2018,2025,1.161,1.591,0.913,1.857,0,0.845,0.376,2018-2026,HN public discussion proxy; not direct sales data
consumer_threads,Threads,Consumer Products,Success/Growing,social network,05,Comparison,512,1.579,22,2018,2022,1.161,1.591,0.913,1.857,0,0.936,0.603,2018-2026,HN public discussion proxy; not direct sales data
consumer_threads,Threads,Consumer Products,Success/Growing,social network,06,Alternative Seeking,532,1.356,27,2018,2023,1.161,1.591,0.913,1.857,0,0.88,0.414,2018-2026,HN public discussion proxy; not direct sales data
consumer_threads,Threads,Consumer Products,Success/Growing,social network,07,Vendor / Provider Search,183,1.645,13,2018,2022,1.161,1.591,0.913,1.857,0,0.562,0.348,2018-2026,HN public discussion proxy; not direct sales data
consumer_threads,Threads,Consumer Products,Success/Growing,social network,08,Pricing / Quote,141,2.174,14,2018,2026,1.161,1.591,0.913,1.857,0,0.439,0.044,2018-2026,HN public discussion proxy; not direct sales data
consumer_threads,Threads,Consumer Products,Success/Growing,social network,09,Purchase Intent,87,1.467,8,2018,2020,1.161,1.591,0.913,1.857,0,0.392,0.668,2018-2026,HN public discussion proxy; not direct sales data
consumer_threads,Threads,Consumer Products,Success/Growing,social network,10,Purchase,178,1.161,10,2018,2023,1.161,1.591,0.913,1.857,0,0.808,0.375,2018-2026,HN public discussion proxy; not direct sales data
consumer_threads,Threads,Consumer Products,Success/Growing,social network,11,Trial,181,5.143,11,2019,2026,1.161,1.591,0.913,1.857,-1,0.413,0.373,2018-2026,HN public discussion proxy; not direct sales data
consumer_threads,Threads,Consumer Products,Success/Growing,social network,12,Installation / Onboarding,849,2.077,44,2018,2023,1.161,1.591,0.913,1.857,0,0.935,0.24,2018-2026,HN public discussion proxy; not direct sales data
consumer_threads,Threads,Consumer Products,Success/Growing,social network,13,Usage,2623,1.591,119,2018,2023,1.161,1.591,0.913,1.857,0,0.996,0.437,2018-2026,HN public discussion proxy; not direct sales data
consumer_threads,Threads,Consumer Products,Success/Growing,social network,14,Failure / Friction,703,1.415,24,2018,2021,1.161,1.591,0.913,1.857,0,0.904,0.434,2018-2026,HN public discussion proxy; not direct sales data
consumer_threads,Threads,Consumer Products,Success/Growing,social network,15,Support,1606,1.702,60,2018,2023,1.161,1.591,0.913,1.857,0,0.958,0.466,2018-2026,HN public discussion proxy; not direct sales data
consumer_threads,Threads,Consumer Products,Success/Growing,social network,16,Dissatisfaction,64,1.0,8,2018,2021,1.161,1.591,0.913,1.857,0,0.719,0.269,2018-2026,HN public discussion proxy; not direct sales data
consumer_threads,Threads,Consumer Products,Success/Growing,social network,17,Replacement,121,0.913,15,2018,2023,1.161,1.591,0.913,1.857,0,0.612,0.007,2018-2026,HN public discussion proxy; not direct sales data
consumer_threads,Threads,Consumer Products,Success/Growing,social network,18,Switching,120,2.375,12,2018,2023,1.161,1.591,0.913,1.857,0,0.679,-0.015,2018-2026,HN public discussion proxy; not direct sales data
consumer_threads,Threads,Consumer Products,Success/Growing,social network,19,Upgrade,204,1.229,12,2018,2020,1.161,1.591,0.913,1.857,0,0.684,0.578,2018-2026,HN public discussion proxy; not direct sales data
consumer_threads,Threads,Consumer Products,Success/Growing,social network,20,Repeat Purchase,74,1.857,5,2018,2026,1.161,1.591,0.913,1.857,0,0.342,0.302,2018-2026,HN public discussion proxy; not direct sales data
consumer_cara,Cara,Consumer Products,Mixed/Early,artist social network,01,Problem Recognition,7,1.5,1,2024,2024,1.0,0.75,1.0,1.0,,0.625,0.166,2018-2026,HN public discussion proxy; not direct sales data
consumer_cara,Cara,Consumer Products,Mixed/Early,artist social network,02,Search,7,0.667,2,2023,2023,1.0,0.75,1.0,1.0,,0.815,0.363,2018-2026,HN public discussion proxy; not direct sales data
consumer_cara,Cara,Consumer Products,Mixed/Early,artist social network,03,Recommendation Seeking,1,1.0,1,,2024,1.0,0.75,1.0,1.0,,0.5,-0.26,2018-2026,HN public discussion proxy; not direct sales data
consumer_cara,Cara,Consumer Products,Mixed/Early,artist social network,04,Solution Discovery,6,1.0,2,2024,2024,1.0,0.75,1.0,1.0,,0.625,0.113,2018-2026,HN public discussion proxy; not direct sales data
consumer_cara,Cara,Consumer Products,Mixed/Early,artist social network,05,Comparison,1,1.0,1,,2020,1.0,0.75,1.0,1.0,,0.312,-0.26,2018-2026,HN public discussion proxy; not direct sales data
consumer_cara,Cara,Consumer Products,Mixed/Early,artist social network,06,Alternative Seeking,2,1.0,1,,2021,1.0,0.75,1.0,1.0,,0.189,0.47,2018-2026,HN public discussion proxy; not direct sales data
consumer_cara,Cara,Consumer Products,Mixed/Early,artist social network,07,Vendor / Provider Search,0,1.0,0,,2018,1.0,0.75,1.0,1.0,,,,2018-2026,HN public discussion proxy; not direct sales data
consumer_cara,Cara,Consumer Products,Mixed/Early,artist social network,08,Pricing / Quote,1,1.0,1,,2024,1.0,0.75,1.0,1.0,,0.5,-0.26,2018-2026,HN public discussion proxy; not direct sales data
consumer_cara,Cara,Consumer Products,Mixed/Early,artist social network,09,Purchase Intent,0,1.0,0,,2018,1.0,0.75,1.0,1.0,,,,2018-2026,HN public discussion proxy; not direct sales data
consumer_cara,Cara,Consumer Products,Mixed/Early,artist social network,10,Purchase,3,1.0,1,,2021,1.0,0.75,1.0,1.0,,0.25,0.76,2018-2026,HN public discussion proxy; not direct sales data
consumer_cara,Cara,Consumer Products,Mixed/Early,artist social network,11,Trial,1,1.0,1,,2024,1.0,0.75,1.0,1.0,,0.5,-0.26,2018-2026,HN public discussion proxy; not direct sales data
consumer_cara,Cara,Consumer Products,Mixed/Early,artist social network,12,Installation / Onboarding,2,1.0,1,,2020,1.0,0.75,1.0,1.0,,0.331,0.181,2018-2026,HN public discussion proxy; not direct sales data
consumer_cara,Cara,Consumer Products,Mixed/Early,artist social network,13,Usage,18,0.75,4,2018,2024,1.0,0.75,1.0,1.0,,0.968,-0.132,2018-2026,HN public discussion proxy; not direct sales data
consumer_cara,Cara,Consumer Products,Mixed/Early,artist social network,14,Failure / Friction,5,0.667,2,2024,2024,1.0,0.75,1.0,1.0,,0.459,0.011,2018-2026,HN public discussion proxy; not direct sales data
consumer_cara,Cara,Consumer Products,Mixed/Early,artist social network,15,Support,6,1.0,2,2020,2020,1.0,0.75,1.0,1.0,,0.577,-0.17,2018-2026,HN public discussion proxy; not direct sales data
consumer_cara,Cara,Consumer Products,Mixed/Early,artist social network,16,Dissatisfaction,0,1.0,0,,2018,1.0,0.75,1.0,1.0,,,,2018-2026,HN public discussion proxy; not direct sales data
consumer_cara,Cara,Consumer Products,Mixed/Early,artist social network,17,Replacement,0,1.0,0,,2018,1.0,0.75,1.0,1.0,,,,2018-2026,HN public discussion proxy; not direct sales data
consumer_cara,Cara,Consumer Products,Mixed/Early,artist social network,18,Switching,2,1.0,1,,2020,1.0,0.75,1.0,1.0,,0.614,-0.398,2018-2026,HN public discussion proxy; not direct sales data
consumer_cara,Cara,Consumer Products,Mixed/Early,artist social network,19,Upgrade,2,1.0,1,,2020,1.0,0.75,1.0,1.0,,0.614,-0.398,2018-2026,HN public discussion proxy; not direct sales data
consumer_cara,Cara,Consumer Products,Mixed/Early,artist social network,20,Repeat Purchase,0,1.0,0,,2018,1.0,0.75,1.0,1.0,,,,2018-2026,HN public discussion proxy; not direct sales data
consumer_beeper,Beeper,Consumer Products,Mixed/Early,unified messaging,01,Problem Recognition,66,0.222,10,2018,2018,0.667,2.776,2.667,1.667,0,-0.136,-0.628,2018-2026,HN public discussion proxy; not direct sales data
consumer_beeper,Beeper,Consumer Products,Mixed/Early,unified messaging,02,Search,73,3.5,26,2020,2024,0.667,2.776,2.667,1.667,-2,0.18,0.15,2018-2026,HN public discussion proxy; not direct sales data
consumer_beeper,Beeper,Consumer Products,Mixed/Early,unified messaging,03,Recommendation Seeking,105,1.556,12,2019,2023,0.667,2.776,2.667,1.667,-1,0.606,0.626,2018-2026,HN public discussion proxy; not direct sales data
consumer_beeper,Beeper,Consumer Products,Mixed/Early,unified messaging,04,Solution Discovery,222,3.458,48,2018,2023,0.667,2.776,2.667,1.667,0,0.529,-0.158,2018-2026,HN public discussion proxy; not direct sales data
consumer_beeper,Beeper,Consumer Products,Mixed/Early,unified messaging,05,Comparison,124,3.182,19,2018,2022,0.667,2.776,2.667,1.667,0,0.578,0.903,2018-2026,HN public discussion proxy; not direct sales data
consumer_beeper,Beeper,Consumer Products,Mixed/Early,unified messaging,06,Alternative Seeking,99,2.2,10,2018,2023,0.667,2.776,2.667,1.667,0,0.909,0.559,2018-2026,HN public discussion proxy; not direct sales data
consumer_beeper,Beeper,Consumer Products,Mixed/Early,unified messaging,07,Vendor / Provider Search,37,1.333,3,2018,2022,0.667,2.776,2.667,1.667,0,0.394,0.601,2018-2026,HN public discussion proxy; not direct sales data
consumer_beeper,Beeper,Consumer Products,Mixed/Early,unified messaging,08,Pricing / Quote,50,3.833,7,2018,2025,0.667,2.776,2.667,1.667,0,0.663,0.183,2018-2026,HN public discussion proxy; not direct sales data
consumer_beeper,Beeper,Consumer Products,Mixed/Early,unified messaging,09,Purchase Intent,21,1.75,5,2018,2023,0.667,2.776,2.667,1.667,0,0.762,0.078,2018-2026,HN public discussion proxy; not direct sales data
consumer_beeper,Beeper,Consumer Products,Mixed/Early,unified messaging,10,Purchase,43,0.667,8,2018,2023,0.667,2.776,2.667,1.667,0,0.509,-0.013,2018-2026,HN public discussion proxy; not direct sales data
consumer_beeper,Beeper,Consumer Products,Mixed/Early,unified messaging,11,Trial,28,4.0,6,2022,2023,0.667,2.776,2.667,1.667,-4,0.76,0.612,2018-2026,HN public discussion proxy; not direct sales data
consumer_beeper,Beeper,Consumer Products,Mixed/Early,unified messaging,12,Installation / Onboarding,198,2.333,26,2018,2023,0.667,2.776,2.667,1.667,0,0.726,0.367,2018-2026,HN public discussion proxy; not direct sales data
consumer_beeper,Beeper,Consumer Products,Mixed/Early,unified messaging,13,Usage,604,2.776,53,2018,2023,0.667,2.776,2.667,1.667,0,0.993,0.53,2018-2026,HN public discussion proxy; not direct sales data
consumer_beeper,Beeper,Consumer Products,Mixed/Early,unified messaging,14,Failure / Friction,200,3.167,15,2018,2025,0.667,2.776,2.667,1.667,0,0.839,0.628,2018-2026,HN public discussion proxy; not direct sales data
consumer_beeper,Beeper,Consumer Products,Mixed/Early,unified messaging,15,Support,371,3.029,42,2018,2023,0.667,2.776,2.667,1.667,0,0.99,0.472,2018-2026,HN public discussion proxy; not direct sales data
consumer_beeper,Beeper,Consumer Products,Mixed/Early,unified messaging,16,Dissatisfaction,9,1.0,2,2020,2024,0.667,2.776,2.667,1.667,-2,0.449,0.408,2018-2026,HN public discussion proxy; not direct sales data
consumer_beeper,Beeper,Consumer Products,Mixed/Early,unified messaging,17,Replacement,17,2.667,1,2022,2023,0.667,2.776,2.667,1.667,-4,0.84,0.497,2018-2026,HN public discussion proxy; not direct sales data
consumer_beeper,Beeper,Consumer Products,Mixed/Early,unified messaging,18,Switching,35,3.2,5,2019,2025,0.667,2.776,2.667,1.667,-1,0.732,0.186,2018-2026,HN public discussion proxy; not direct sales data
consumer_beeper,Beeper,Consumer Products,Mixed/Early,unified messaging,19,Upgrade,43,1.5,8,2018,2022,0.667,2.776,2.667,1.667,0,0.542,0.886,2018-2026,HN public discussion proxy; not direct sales data
consumer_beeper,Beeper,Consumer Products,Mixed/Early,unified messaging,20,Repeat Purchase,13,1.667,3,2020,2020,0.667,2.776,2.667,1.667,-2,0.189,0.334,2018-2026,HN public discussion proxy; not direct sales data
platform_whop,Whop,Marketplace / Platform Products,Success/Growing,digital product marketplace,01,Problem Recognition,862,1.042,48,2018,2021,1.175,0.797,1.1,1.409,0,0.841,0.534,2018-2026,HN public discussion proxy; not direct sales data
platform_whop,Whop,Marketplace / Platform Products,Success/Growing,digital product marketplace,02,Search,636,0.766,48,2018,2021,1.175,0.797,1.1,1.409,0,0.753,0.183,2018-2026,HN public discussion proxy; not direct sales data
platform_whop,Whop,Marketplace / Platform Products,Success/Growing,digital product marketplace,03,Recommendation Seeking,130,1.824,9,2018,2022,1.175,0.797,1.1,1.409,0,0.5,0.287,2018-2026,HN public discussion proxy; not direct sales data
platform_whop,Whop,Marketplace / Platform Products,Success/Growing,digital product marketplace,04,Solution Discovery,658,1.19,32,2018,2021,1.175,0.797,1.1,1.409,0,0.741,0.36,2018-2026,HN public discussion proxy; not direct sales data
platform_whop,Whop,Marketplace / Platform Products,Success/Growing,digital product marketplace,05,Comparison,232,1.514,14,2018,2022,1.175,0.797,1.1,1.409,0,0.637,-0.046,2018-2026,HN public discussion proxy; not direct sales data
platform_whop,Whop,Marketplace / Platform Products,Success/Growing,digital product marketplace,06,Alternative Seeking,263,1.15,30,2018,2021,1.175,0.797,1.1,1.409,0,0.794,0.362,2018-2026,HN public discussion proxy; not direct sales data
platform_whop,Whop,Marketplace / Platform Products,Success/Growing,digital product marketplace,07,Vendor / Provider Search,196,0.857,11,2018,2019,1.175,0.797,1.1,1.409,0,0.288,0.056,2018-2026,HN public discussion proxy; not direct sales data
platform_whop,Whop,Marketplace / Platform Products,Success/Growing,digital product marketplace,08,Pricing / Quote,231,1.125,10,2018,2022,1.175,0.797,1.1,1.409,0,0.117,0.64,2018-2026,HN public discussion proxy; not direct sales data
platform_whop,Whop,Marketplace / Platform Products,Success/Growing,digital product marketplace,09,Purchase Intent,173,1.059,16,2018,2021,1.175,0.797,1.1,1.409,0,0.803,-0.076,2018-2026,HN public discussion proxy; not direct sales data
platform_whop,Whop,Marketplace / Platform Products,Success/Growing,digital product marketplace,10,Purchase,213,1.175,14,2018,2023,1.175,0.797,1.1,1.409,0,0.764,-0.094,2018-2026,HN public discussion proxy; not direct sales data
platform_whop,Whop,Marketplace / Platform Products,Success/Growing,digital product marketplace,11,Trial,104,1.267,6,2018,2022,1.175,0.797,1.1,1.409,0,0.833,0.405,2018-2026,HN public discussion proxy; not direct sales data
platform_whop,Whop,Marketplace / Platform Products,Success/Growing,digital product marketplace,12,Installation / Onboarding,183,1.607,13,2018,2026,1.175,0.797,1.1,1.409,0,0.165,0.501,2018-2026,HN public discussion proxy; not direct sales data
platform_whop,Whop,Marketplace / Platform Products,Success/Growing,digital product marketplace,13,Usage,703,0.797,39,2018,2021,1.175,0.797,1.1,1.409,0,0.959,0.448,2018-2026,HN public discussion proxy; not direct sales data
platform_whop,Whop,Marketplace / Platform Products,Success/Growing,digital product marketplace,14,Failure / Friction,351,1.032,18,2018,2021,1.175,0.797,1.1,1.409,0,0.925,0.285,2018-2026,HN public discussion proxy; not direct sales data
platform_whop,Whop,Marketplace / Platform Products,Success/Growing,digital product marketplace,15,Support,607,1.138,26,2018,2021,1.175,0.797,1.1,1.409,0,0.94,0.145,2018-2026,HN public discussion proxy; not direct sales data
platform_whop,Whop,Marketplace / Platform Products,Success/Growing,digital product marketplace,16,Dissatisfaction,13,1.0,6,2020,2022,1.175,0.797,1.1,1.409,-2,0.116,0.402,2018-2026,HN public discussion proxy; not direct sales data
platform_whop,Whop,Marketplace / Platform Products,Success/Growing,digital product marketplace,17,Replacement,41,1.1,4,2018,2025,1.175,0.797,1.1,1.409,0,0.294,-0.238,2018-2026,HN public discussion proxy; not direct sales data
platform_whop,Whop,Marketplace / Platform Products,Success/Growing,digital product marketplace,18,Switching,22,1.333,2,2018,2018,1.175,0.797,1.1,1.409,0,-0.105,-0.257,2018-2026,HN public discussion proxy; not direct sales data
platform_whop,Whop,Marketplace / Platform Products,Success/Growing,digital product marketplace,19,Upgrade,37,1.375,8,2019,2022,1.175,0.797,1.1,1.409,-1,0.355,0.333,2018-2026,HN public discussion proxy; not direct sales data
platform_whop,Whop,Marketplace / Platform Products,Success/Growing,digital product marketplace,20,Repeat Purchase,131,1.409,13,2018,2021,1.175,0.797,1.1,1.409,0,0.515,0.484,2018-2026,HN public discussion proxy; not direct sales data
platform_beehiiv,Beehiiv,Marketplace / Platform Products,Success/Growing,newsletter platform,01,Problem Recognition,24,1.4,6,2018,2023,2.0,1.833,0.667,1.0,8,0.472,0.384,2018-2026,HN public discussion proxy; not direct sales data
platform_beehiiv,Beehiiv,Marketplace / Platform Products,Success/Growing,newsletter platform,02,Search,32,1.0,12,2018,2023,2.0,1.833,0.667,1.0,8,0.551,0.62,2018-2026,HN public discussion proxy; not direct sales data
platform_beehiiv,Beehiiv,Marketplace / Platform Products,Success/Growing,newsletter platform,03,Recommendation Seeking,11,2.333,2,2023,2023,2.0,1.833,0.667,1.0,3,0.495,0.665,2018-2026,HN public discussion proxy; not direct sales data
platform_beehiiv,Beehiiv,Marketplace / Platform Products,Success/Growing,newsletter platform,04,Solution Discovery,76,2.833,23,2019,2023,2.0,1.833,0.667,1.0,7,0.9,0.612,2018-2026,HN public discussion proxy; not direct sales data
platform_beehiiv,Beehiiv,Marketplace / Platform Products,Success/Growing,newsletter platform,05,Comparison,19,2.667,5,2023,2023,2.0,1.833,0.667,1.0,3,0.822,0.708,2018-2026,HN public discussion proxy; not direct sales data
platform_beehiiv,Beehiiv,Marketplace / Platform Products,Success/Growing,newsletter platform,06,Alternative Seeking,10,3.5,3,2023,2026,2.0,1.833,0.667,1.0,3,0.564,0.825,2018-2026,HN public discussion proxy; not direct sales data
platform_beehiiv,Beehiiv,Marketplace / Platform Products,Success/Growing,newsletter platform,07,Vendor / Provider Search,3,2.0,1,,2024,2.0,1.833,0.667,1.0,,0.587,0.128,2018-2026,HN public discussion proxy; not direct sales data
platform_beehiiv,Beehiiv,Marketplace / Platform Products,Success/Growing,newsletter platform,08,Pricing / Quote,9,1.0,4,2023,2023,2.0,1.833,0.667,1.0,3,0.755,0.604,2018-2026,HN public discussion proxy; not direct sales data
platform_beehiiv,Beehiiv,Marketplace / Platform Products,Success/Growing,newsletter platform,09,Purchase Intent,2,1.0,2,2021,2021,2.0,1.833,0.667,1.0,5,0.042,-0.251,2018-2026,HN public discussion proxy; not direct sales data
platform_beehiiv,Beehiiv,Marketplace / Platform Products,Success/Growing,newsletter platform,10,Purchase,3,2.0,2,2026,2026,2.0,1.833,0.667,1.0,0,0.237,0.643,2018-2026,HN public discussion proxy; not direct sales data
platform_beehiiv,Beehiiv,Marketplace / Platform Products,Success/Growing,newsletter platform,11,Trial,8,0.5,1,2018,2018,2.0,1.833,0.667,1.0,8,-0.219,-0.512,2018-2026,HN public discussion proxy; not direct sales data
platform_beehiiv,Beehiiv,Marketplace / Platform Products,Success/Growing,newsletter platform,12,Installation / Onboarding,9,1.0,2,2019,2019,2.0,1.833,0.667,1.0,7,-0.073,-0.746,2018-2026,HN public discussion proxy; not direct sales data
platform_beehiiv,Beehiiv,Marketplace / Platform Products,Success/Growing,newsletter platform,13,Usage,36,1.833,3,2018,2024,2.0,1.833,0.667,1.0,8,0.916,0.542,2018-2026,HN public discussion proxy; not direct sales data
platform_beehiiv,Beehiiv,Marketplace / Platform Products,Success/Growing,newsletter platform,14,Failure / Friction,6,1.0,1,2021,2021,2.0,1.833,0.667,1.0,5,0.03,-0.419,2018-2026,HN public discussion proxy; not direct sales data
platform_beehiiv,Beehiiv,Marketplace / Platform Products,Success/Growing,newsletter platform,15,Support,19,2.667,3,2023,2024,2.0,1.833,0.667,1.0,3,0.856,0.536,2018-2026,HN public discussion proxy; not direct sales data
platform_beehiiv,Beehiiv,Marketplace / Platform Products,Success/Growing,newsletter platform,16,Dissatisfaction,1,1.5,1,,2025,2.0,1.833,0.667,1.0,,0.231,-0.028,2018-2026,HN public discussion proxy; not direct sales data
platform_beehiiv,Beehiiv,Marketplace / Platform Products,Success/Growing,newsletter platform,17,Replacement,2,0.667,1,,2019,2.0,1.833,0.667,1.0,,-0.507,-0.384,2018-2026,HN public discussion proxy; not direct sales data
platform_beehiiv,Beehiiv,Marketplace / Platform Products,Success/Growing,newsletter platform,18,Switching,1,1.0,1,,2023,2.0,1.833,0.667,1.0,,0.42,0.643,2018-2026,HN public discussion proxy; not direct sales data
platform_beehiiv,Beehiiv,Marketplace / Platform Products,Success/Growing,newsletter platform,19,Upgrade,4,1.0,1,2023,2023,2.0,1.833,0.667,1.0,3,0.337,0.68,2018-2026,HN public discussion proxy; not direct sales data
platform_beehiiv,Beehiiv,Marketplace / Platform Products,Success/Growing,newsletter platform,20,Repeat Purchase,2,1.0,1,,2021,2.0,1.833,0.667,1.0,,0.349,0.299,2018-2026,HN public discussion proxy; not direct sales data
platform_farcaster,Farcaster,Marketplace / Platform Products,Mixed/Early,decentralized social protocol,01,Problem Recognition,3,1.5,1,,2022,1.0,1.0,1.0,1.0,,0.344,0.166,2018-2026,HN public discussion proxy; not direct sales data
platform_farcaster,Farcaster,Marketplace / Platform Products,Mixed/Early,decentralized social protocol,02,Search,1,0.667,0,,2018,1.0,1.0,1.0,1.0,,-0.057,-0.239,2018-2026,HN public discussion proxy; not direct sales data
platform_farcaster,Farcaster,Marketplace / Platform Products,Mixed/Early,decentralized social protocol,03,Recommendation Seeking,1,1.5,1,,2026,1.0,1.0,1.0,1.0,,-0.057,,2018-2026,HN public discussion proxy; not direct sales data
platform_farcaster,Farcaster,Marketplace / Platform Products,Mixed/Early,decentralized social protocol,04,Solution Discovery,1,1.0,1,,2022,1.0,1.0,1.0,1.0,,0.803,0.456,2018-2026,HN public discussion proxy; not direct sales data
platform_farcaster,Farcaster,Marketplace / Platform Products,Mixed/Early,decentralized social protocol,05,Comparison,2,1.0,2,2023,2023,1.0,1.0,1.0,1.0,,0.459,-0.239,2018-2026,HN public discussion proxy; not direct sales data
platform_farcaster,Farcaster,Marketplace / Platform Products,Mixed/Early,decentralized social protocol,06,Alternative Seeking,3,1.0,1,,2022,1.0,1.0,1.0,1.0,,0.688,-0.015,2018-2026,HN public discussion proxy; not direct sales data
platform_farcaster,Farcaster,Marketplace / Platform Products,Mixed/Early,decentralized social protocol,07,Vendor / Provider Search,0,1.0,0,,2018,1.0,1.0,1.0,1.0,,,,2018-2026,HN public discussion proxy; not direct sales data
platform_farcaster,Farcaster,Marketplace / Platform Products,Mixed/Early,decentralized social protocol,08,Pricing / Quote,0,1.0,0,,2018,1.0,1.0,1.0,1.0,,,,2018-2026,HN public discussion proxy; not direct sales data
platform_farcaster,Farcaster,Marketplace / Platform Products,Mixed/Early,decentralized social protocol,09,Purchase Intent,0,1.0,0,,2018,1.0,1.0,1.0,1.0,,,,2018-2026,HN public discussion proxy; not direct sales data
platform_farcaster,Farcaster,Marketplace / Platform Products,Mixed/Early,decentralized social protocol,10,Purchase,0,1.0,0,,2018,1.0,1.0,1.0,1.0,,,,2018-2026,HN public discussion proxy; not direct sales data
platform_farcaster,Farcaster,Marketplace / Platform Products,Mixed/Early,decentralized social protocol,11,Trial,0,1.0,0,,2018,1.0,1.0,1.0,1.0,,,,2018-2026,HN public discussion proxy; not direct sales data
platform_farcaster,Farcaster,Marketplace / Platform Products,Mixed/Early,decentralized social protocol,12,Installation / Onboarding,0,1.0,0,,2018,1.0,1.0,1.0,1.0,,,,2018-2026,HN public discussion proxy; not direct sales data
platform_farcaster,Farcaster,Marketplace / Platform Products,Mixed/Early,decentralized social protocol,13,Usage,12,1.0,6,2022,2022,1.0,1.0,1.0,1.0,,1.0,0.234,2018-2026,HN public discussion proxy; not direct sales data
platform_farcaster,Farcaster,Marketplace / Platform Products,Mixed/Early,decentralized social protocol,14,Failure / Friction,0,1.0,0,,2018,1.0,1.0,1.0,1.0,,,,2018-2026,HN public discussion proxy; not direct sales data
platform_farcaster,Farcaster,Marketplace / Platform Products,Mixed/Early,decentralized social protocol,15,Support,2,1.5,1,,2022,1.0,1.0,1.0,1.0,,0.564,0.456,2018-2026,HN public discussion proxy; not direct sales data
platform_farcaster,Farcaster,Marketplace / Platform Products,Mixed/Early,decentralized social protocol,16,Dissatisfaction,0,1.0,0,,2018,1.0,1.0,1.0,1.0,,,,2018-2026,HN public discussion proxy; not direct sales data
platform_farcaster,Farcaster,Marketplace / Platform Products,Mixed/Early,decentralized social protocol,17,Replacement,0,1.0,0,,2018,1.0,1.0,1.0,1.0,,,,2018-2026,HN public discussion proxy; not direct sales data
platform_farcaster,Farcaster,Marketplace / Platform Products,Mixed/Early,decentralized social protocol,18,Switching,0,1.0,0,,2018,1.0,1.0,1.0,1.0,,,,2018-2026,HN public discussion proxy; not direct sales data
platform_farcaster,Farcaster,Marketplace / Platform Products,Mixed/Early,decentralized social protocol,19,Upgrade,0,1.0,0,,2018,1.0,1.0,1.0,1.0,,,,2018-2026,HN public discussion proxy; not direct sales data
platform_farcaster,Farcaster,Marketplace / Platform Products,Mixed/Early,decentralized social protocol,20,Repeat Purchase,0,1.0,0,,2018,1.0,1.0,1.0,1.0,,,,2018-2026,HN public discussion proxy; not direct sales data
